<?xml version="1.0" encoding="UTF-8"?>
<!DOCTYPE X3D PUBLIC "ISO//Web3D//DTD X3D 3.0//EN" "http://www.web3d.org/specifications/x3d-3.0.dtd">
<X3D version="3.0" profile="Immersive" xmlns:xsd="http://www.w3.org/2001/XMLSchema-instance" xsd:noNamespaceSchemaLocation="http://www.web3d.org/specifications/x3d-3.0.xsd">
	<head>
		<meta name="filename" content="tinkani.x3d" />
		<meta name="created" content="2026-05-14 17:49:32" />
		<meta name="generator" content="Blender 4.5.3 LTS" />
		<meta name="translator" content="Web3D X3D/VRML2 format v2.5.1" />
	</head>
	<Scene>
		<NavigationInfo headlight="true"
		                visibilityLimit="0.0"
		                type='"EXAMINE", "ANY"'
		                avatarSize="0.25, 1.75, 0.75"
		                />
		<Background DEF="WO_World"
		            groundColor="0.051 0.051 0.051"
		            skyColor="0.051 0.051 0.051"
		            />
		<Transform DEF="kani_body_TRANSFORM"
		           translation="0.000000 0.000000 0.000000"
		           scale="1.000000 1.000000 1.000000"
		           rotation="-1.000000 0.000000 0.000000 1.570796"
		           >
			<Transform DEF="kani_body_ifs_TRANSFORM"
			           translation="0.000000 0.000000 0.000000"
			           scale="1.000000 1.000000 1.000000"
			           rotation="0.000000 1.000000 0.000000 0.000000"
			           >
				<Group DEF="group_ME_kani_body">
					<Shape>
						<Appearance>
							<ImageTexture DEF="IM_tinkani_tx"
							              url='"tinkani_tx.png"'
							              />
							<Material DEF="MA_マテリアル"
							          diffuseColor="0.800 0.800 0.800"
							          specularColor="0.401 0.401 0.401"
							          emissiveColor="0.000 0.000 0.000"
							          ambientIntensity="0.000"
							          shininess="0.500"
							          transparency="0.000"
							          />
						</Appearance>
						<IndexedFaceSet solid="false"
						                normalPerVertex="true"
						                texCoordIndex="0 1 2 3 -1 4 5 6 7 -1 8 9 10 11 -1 12 13 14 15 -1 16 17 18 19 -1 20 21 22 23 -1 24 25 26 27 -1 28 29 30 31 -1 32 33 34 35 -1 36 37 38 39 -1 40 41 42 43 -1 44 45 46 47 -1 48 49 50 51 -1 52 53 54 55 -1 56 57 58 59 -1 60 61 62 63 -1 64 65 66 67 -1 68 69 70 71 -1 72 73 74 75 -1 76 77 78 79 -1 80 81 82 83 -1 84 85 86 87 -1 88 89 90 91 -1 92 93 94 -1 95 96 97 98 -1 99 100 101 102 -1 103 104 105 106 -1 107 108 109 110 -1 111 112 113 114 -1 115 116 117 118 -1 119 120 121 122 -1 123 124 125 126 -1 127 128 129 130 -1 131 132 133 134 -1 135 136 137 138 -1 139 140 141 142 -1 143 144 145 146 -1 147 148 149 150 -1 151 152 153 154 -1 155 156 157 158 -1 159 160 161 162 -1 163 164 165 166 -1 167 168 169 170 -1 171 172 173 174 -1 175 176 177 178 -1 179 180 181 182 -1 183 184 185 186 -1 187 188 189 190 -1 191 192 193 194 -1 195 196 197 198 -1 199 200 201 202 -1 203 204 205 206 -1 207 208 209 210 -1 211 212 213 214 -1 215 216 217 218 -1 219 220 221 222 -1 223 224 225 226 -1 227 228 229 230 -1 231 232 233 234 -1 235 236 237 238 -1 239 240 241 242 -1 243 244 245 246 -1 247 248 249 250 -1 251 252 253 254 -1 255 256 257 258 -1 259 260 261 262 -1 263 264 265 266 -1 267 268 269 270 -1 271 272 273 274 -1 275 276 277 278 -1 279 280 281 282 -1 283 284 285 286 -1 287 288 289 290 -1 291 292 293 294 -1 295 296 297 298 -1 299 300 301 302 -1 303 304 305 306 -1 307 308 309 310 -1 311 312 313 314 -1 315 316 317 318 -1 319 320 321 322 -1 323 324 325 326 -1 327 328 329 330 -1 331 332 333 334 -1 335 336 337 -1 338 339 340 341 342 343 344 345 346 347 -1 348 349 350 351 -1 352 353 354 355 -1 356 357 358 359 -1 360 361 362 363 -1 364 365 366 367 -1 368 369 370 371 -1 372 373 374 375 -1 376 377 378 379 -1 380 381 382 383 -1 384 385 386 387 -1 388 389 390 391 -1 392 393 394 395 -1 396 397 398 399 -1 400 401 402 403 -1 404 405 406 407 -1 408 409 410 411 -1 412 413 414 415 -1 416 417 418 419 -1 420 421 422 423 -1 424 425 426 427 -1 428 429 430 431 -1 432 433 434 435 -1 436 437 438 439 -1 440 441 442 443 -1 444 445 446 447 -1 448 449 450 451 -1 452 453 454 455 -1 456 457 458 459 -1 460 461 462 463 -1 464 465 466 467 -1 468 469 470 471 -1 472 473 474 475 -1 476 477 478 479 -1 480 481 482 483 -1 484 485 486 487 -1 488 489 490 491 -1 492 493 494 495 -1 496 497 498 499 -1 500 501 502 503 -1 504 505 506 -1 507 508 509 -1 510 511 512 -1 513 514 515 -1 516 517 518 -1 519 520 521 -1 522 523 524 525 -1 526 527 528 529 -1 530 531 532 533 -1 534 535 536 537 -1 538 539 540 541 -1 542 543 544 545 -1 546 547 548 549 -1 550 551 552 553 -1 554 555 556 557 -1 558 559 560 561 -1 562 563 564 565 -1 566 567 568 569 -1 570 571 572 573 -1 574 575 576 577 -1 578 579 580 581 -1 582 583 584 585 -1 586 587 588 589 -1 590 591 592 593 -1 594 595 596 597 -1 598 599 600 601 -1 602 603 604 605 -1 606 607 608 609 -1 610 611 612 613 -1 614 615 616 617 -1 618 619 620 621 -1 622 623 624 625 -1 626 627 628 629 -1 630 631 632 633 -1 634 635 636 637 -1 638 639 640 641 -1 642 643 644 645 -1 646 647 648 649 -1 650 651 652 653 -1 654 655 656 657 -1 658 659 660 661 -1 662 663 664 665 -1 666 667 668 669 -1 670 671 672 673 -1 674 675 676 677 -1 678 679 680 681 -1 682 683 684 685 -1 686 687 688 689 -1 690 691 692 693 -1 694 695 696 697 -1 698 699 700 701 -1 702 703 704 705 -1 706 707 708 709 -1 710 711 712 713 -1 714 715 716 717 -1 718 719 720 721 -1 722 723 724 725 -1 726 727 728 729 -1 730 731 732 733 -1 734 735 736 737 -1 738 739 740 741 -1 742 743 744 745 -1 746 747 748 749 -1 750 751 752 753 -1 754 755 756 757 -1 758 759 760 761 -1 762 763 764 765 -1 766 767 768 769 -1 770 771 772 773 -1 774 775 776 777 -1 778 779 780 781 -1 782 783 784 785 -1 786 787 788 789 -1 790 791 792 793 -1 794 795 796 797 -1 798 799 800 801 -1 802 803 804 805 -1 806 807 808 809 -1 810 811 812 813 -1 814 815 816 817 -1 818 819 820 821 -1 822 823 824 825 -1 826 827 828 829 -1 830 831 832 833 -1 834 835 836 837 -1 838 839 840 841 -1 842 843 844 845 -1 846 847 848 849 -1 850 851 852 853 -1 854 855 856 857 -1 858 859 860 861 -1 862 863 864 865 -1 866 867 868 869 -1 870 871 872 873 -1 874 875 876 877 -1 878 879 880 881 -1 882 883 884 885 -1 886 887 888 889 -1 890 891 892 893 -1 894 895 896 897 -1 898 899 900 901 -1 902 903 904 905 -1 906 907 908 909 -1 910 911 912 913 -1 914 915 916 917 -1 918 919 920 921 -1 922 923 924 925 -1 926 927 928 929 -1 930 931 932 933 -1 934 935 936 937 -1 938 939 940 941 -1 942 943 944 945 946 947 948 949 -1 950 951 952 953 -1 954 955 956 957 -1 958 959 960 961 -1 962 963 964 965 -1 966 967 968 969 -1 970 971 972 973 -1 974 975 976 977 -1 978 979 980 981 -1 982 983 984 985 -1 986 987 988 989 -1 990 991 992 993 -1 994 995 996 997 -1 998 999 1000 1001 -1 1002 1003 1004 1005 -1 1006 1007 1008 1009 -1 1010 1011 1012 1013 -1 1014 1015 1016 1017 -1 1018 1019 1020 1021 -1 1022 1023 1024 1025 -1 1026 1027 1028 1029 -1 1030 1031 1032 1033 -1 1034 1035 1036 1037 -1 1038 1039 1040 1041 -1 1042 1043 1044 1045 -1 1046 1047 1048 1049 -1 1050 1051 1052 1053 -1 1054 1055 1056 1057 -1 1058 1059 1060 1061 -1 1062 1063 1064 1065 -1 1066 1067 1068 1069 -1 1070 1071 1072 1073 -1 1074 1075 1076 1077 -1 1078 1079 1080 1081 -1 1082 1083 1084 1085 -1 1086 1087 1088 1089 -1 1090 1091 1092 1093 -1 1094 1095 1096 1097 -1 1098 1099 1100 1101 -1 1102 1103 1104 1105 -1 1106 1107 1108 1109 -1 1110 1111 1112 1113 -1 1114 1115 1116 1117 -1 1118 1119 1120 1121 -1 1122 1123 1124 1125 -1 1126 1127 1128 1129 -1 1130 1131 1132 1133 -1 1134 1135 1136 1137 -1 1138 1139 1140 1141 -1 1142 1143 1144 1145 -1 1146 1147 1148 1149 -1 1150 1151 1152 1153 -1 1154 1155 1156 1157 -1 1158 1159 1160 1161 -1 1162 1163 1164 1165 -1 1166 1167 1168 1169 -1 1170 1171 1172 1173 -1 1174 1175 1176 1177 -1 1178 1179 1180 1181 -1 1182 1183 1184 1185 -1 1186 1187 1188 1189 -1 1190 1191 1192 1193 -1 1194 1195 1196 1197 -1 1198 1199 1200 1201 -1 1202 1203 1204 1205 -1 1206 1207 1208 1209 -1 1210 1211 1212 1213 -1 1214 1215 1216 1217 -1 1218 1219 1220 1221 -1 1222 1223 1224 1225 -1 1226 1227 1228 1229 -1 1230 1231 1232 1233 -1 1234 1235 1236 1237 -1 1238 1239 1240 1241 -1 1242 1243 1244 1245 -1 1246 1247 1248 1249 -1 1250 1251 1252 1253 -1 1254 1255 1256 1257 -1 1258 1259 1260 1261 -1 1262 1263 1264 1265 -1 1266 1267 1268 1269 -1 1270 1271 1272 1273 -1 1274 1275 1276 1277 -1 1278 1279 1280 1281 -1 1282 1283 1284 1285 -1 1286 1287 1288 1289 -1 1290 1291 1292 1293 -1 1294 1295 1296 1297 -1 1298 1299 1300 1301 -1 1302 1303 1304 1305 -1 1306 1307 1308 1309 -1 1310 1311 1312 1313 -1 1314 1315 1316 1317 -1 1318 1319 1320 1321 -1 1322 1323 1324 1325 -1 1326 1327 1328 1329 -1 1330 1331 1332 1333 -1 1334 1335 1336 1337 -1 1338 1339 1340 1341 -1 1342 1343 1344 1345 -1 1346 1347 1348 1349 -1 1350 1351 1352 1353 -1 1354 1355 1356 1357 -1 1358 1359 1360 1361 -1 1362 1363 1364 1365 -1 1366 1367 1368 1369 -1 1370 1371 1372 1373 -1 1374 1375 1376 1377 -1 1378 1379 1380 1381 -1 1382 1383 1384 1385 -1 1386 1387 1388 1389 -1 1390 1391 1392 1393 -1 1394 1395 1396 1397 -1 1398 1399 1400 1401 -1 1402 1403 1404 1405 -1 1406 1407 1408 1409 -1 1410 1411 1412 1413 -1 1414 1415 1416 1417 -1 1418 1419 1420 1421 -1 1422 1423 1424 1425 -1 1426 1427 1428 1429 -1 1430 1431 1432 1433 -1 1434 1435 1436 1437 -1 1438 1439 1440 1441 -1 1442 1443 1444 1445 -1 1446 1447 1448 1449 -1 1450 1451 1452 1453 -1 1454 1455 1456 1457 -1 1458 1459 1460 1461 -1 1462 1463 1464 1465 -1 1466 1467 1468 1469 -1 1470 1471 1472 1473 -1 1474 1475 1476 1477 -1 1478 1479 1480 1481 -1 1482 1483 1484 1485 -1 1486 1487 1488 1489 -1 1490 1491 1492 1493 -1 1494 1495 1496 1497 -1 1498 1499 1500 1501 -1 1502 1503 1504 1505 -1 1506 1507 1508 1509 -1 1510 1511 1512 1513 -1 1514 1515 1516 1517 -1 1518 1519 1520 1521 -1 1522 1523 1524 1525 -1 1526 1527 1528 1529 -1 1530 1531 1532 1533 -1 1534 1535 1536 1537 -1 1538 1539 1540 1541 -1 1542 1543 1544 1545 -1 1546 1547 1548 1549 -1 1550 1551 1552 1553 1554 -1 1555 1556 1557 1558 -1 1559 1560 1561 1562 -1 1563 1564 1565 1566 -1 1567 1568 1569 1570 -1 1571 1572 1573 1574 -1 1575 1576 1577 1578 -1 1579 1580 1581 1582 -1 1583 1584 1585 1586 -1 1587 1588 1589 1590 -1 1591 1592 1593 1594 -1 1595 1596 1597 1598 -1 1599 1600 1601 1602 -1 1603 1604 1605 1606 -1 1607 1608 1609 1610 -1 1611 1612 1613 1614 -1 1615 1616 1617 1618 -1 1619 1620 1621 1622 -1 1623 1624 1625 1626 -1 1627 1628 1629 1630 -1 1631 1632 1633 1634 -1 1635 1636 1637 1638 -1 1639 1640 1641 1642 -1 1643 1644 1645 1646 1647 -1 1648 1649 1650 1651 1652 -1 1653 1654 1655 1656 1657 -1 1658 1659 1660 1661 -1 1662 1663 1664 1665 -1 1666 1667 1668 1669 -1 1670 1671 1672 1673 -1 1674 1675 1676 -1 1677 1678 1679 1680 -1 1681 1682 1683 1684 -1 1685 1686 1687 1688 -1 1689 1690 1691 1692 -1 1693 1694 1695 1696 -1 1697 1698 1699 1700 -1 1701 1702 1703 1704 -1 1705 1706 1707 1708 -1 1709 1710 1711 1712 -1 1713 1714 1715 -1 1716 1717 1718 1719 -1 1720 1721 1722 1723 -1 1724 1725 1726 1727 -1 1728 1729 1730 1731 -1 1732 1733 1734 1735 -1 1736 1737 1738 1739 -1 1740 1741 1742 1743 -1 1744 1745 1746 1747 -1 1748 1749 1750 1751 -1 1752 1753 1754 1755 -1 1756 1757 1758 1759 -1 1760 1761 1762 1763 -1 1764 1765 1766 1767 -1 1768 1769 1770 1771 -1 1772 1773 1774 1775 -1 1776 1777 1778 1779 -1 1780 1781 1782 1783 -1 1784 1785 1786 1787 -1 1788 1789 1790 1791 -1 1792 1793 1794 1795 1796 1797 1798 -1 1799 1800 1801 1802 -1 1803 1804 1805 1806 1807 -1 1808 1809 1810 1811 1812 -1 1813 1814 1815 1816 1817 -1 1818 1819 1820 1821 1822 -1 1823 1824 1825 1826 -1 1827 1828 1829 1830 -1 1831 1832 1833 1834 1835 1836 1837 -1 1838 1839 1840 -1 1841 1842 1843 1844 -1 1845 1846 1847 1848 -1 1849 1850 1851 1852 -1 1853 1854 1855 1856 -1 1857 1858 1859 1860 -1 1861 1862 1863 1864 -1 1865 1866 1867 1868 -1 1869 1870 1871 1872 -1 1873 1874 1875 1876 -1 1877 1878 1879 1880 -1 1881 1882 1883 1884 -1 1885 1886 1887 -1 1888 1889 1890 1891 -1 1892 1893 1894 1895 -1 1896 1897 1898 1899 -1 1900 1901 1902 1903 -1 1904 1905 1906 1907 -1 1908 1909 1910 1911 -1 1912 1913 1914 1915 -1 1916 1917 1918 1919 -1 1920 1921 1922 1923 -1 1924 1925 1926 1927 -1 1928 1929 1930 1931 -1 1932 1933 1934 1935 -1 1936 1937 1938 1939 -1 1940 1941 1942 1943 -1 1944 1945 1946 1947 -1 1948 1949 1950 1951 -1 1952 1953 1954 1955 1956 1957 1958 1959 -1 1960 1961 1962 1963 -1 1964 1965 1966 1967 -1 1968 1969 1970 1971 -1 1972 1973 1974 1975 -1 1976 1977 1978 1979 -1 1980 1981 1982 1983 -1 1984 1985 1986 1987 -1 1988 1989 1990 1991 -1 1992 1993 1994 1995 -1 1996 1997 1998 1999 -1 2000 2001 2002 2003 -1 2004 2005 2006 2007 -1 2008 2009 2010 2011 -1 2012 2013 2014 2015 -1 2016 2017 2018 2019 -1 2020 2021 2022 2023 -1 2024 2025 2026 2027 -1 2028 2029 2030 2031 -1 2032 2033 2034 2035 -1 2036 2037 2038 2039 -1 2040 2041 2042 2043 -1 2044 2045 2046 2047 -1 2048 2049 2050 2051 -1 2052 2053 2054 2055 -1 2056 2057 2058 2059 -1 2060 2061 2062 2063 -1 2064 2065 2066 2067 -1 2068 2069 2070 2071 -1 2072 2073 2074 2075 -1 2076 2077 2078 2079 -1 2080 2081 2082 2083 -1 2084 2085 2086 2087 -1 2088 2089 2090 2091 -1 2092 2093 2094 2095 -1 2096 2097 2098 2099 -1 2100 2101 2102 2103 -1 2104 2105 2106 2107 -1 2108 2109 2110 2111 -1 2112 2113 2114 2115 -1 2116 2117 2118 2119 -1 2120 2121 2122 2123 -1 2124 2125 2126 2127 -1 2128 2129 2130 2131 -1 2132 2133 2134 2135 -1 2136 2137 2138 2139 -1 2140 2141 2142 2143 -1 2144 2145 2146 2147 -1 2148 2149 2150 2151 -1 2152 2153 2154 2155 -1 2156 2157 2158 2159 -1 2160 2161 2162 2163 -1 2164 2165 2166 2167 -1 2168 2169 2170 2171 -1 2172 2173 2174 2175 -1 2176 2177 2178 2179 -1 2180 2181 2182 2183 -1 2184 2185 2186 2187 -1 2188 2189 2190 2191 -1 2192 2193 2194 2195 -1 2196 2197 2198 2199 -1 2200 2201 2202 2203 -1 2204 2205 2206 2207 -1 2208 2209 2210 2211 -1 2212 2213 2214 2215 -1 2216 2217 2218 2219 -1 2220 2221 2222 2223 -1 2224 2225 2226 2227 -1 2228 2229 2230 2231 -1 2232 2233 2234 2235 -1 2236 2237 2238 2239 -1 2240 2241 2242 2243 -1 2244 2245 2246 2247 -1 2248 2249 2250 2251 -1 2252 2253 2254 2255 -1 2256 2257 2258 2259 -1 2260 2261 2262 2263 -1 2264 2265 2266 2267 -1 2268 2269 2270 2271 -1 2272 2273 2274 2275 -1 2276 2277 2278 2279 -1 2280 2281 2282 2283 -1 2284 2285 2286 2287 -1 2288 2289 2290 2291 -1 2292 2293 2294 2295 -1 2296 2297 2298 2299 -1 2300 2301 2302 2303 -1 2304 2305 2306 2307 -1 2308 2309 2310 2311 -1 2312 2313 2314 2315 -1 2316 2317 2318 2319 -1 2320 2321 2322 2323 -1 2324 2325 2326 2327 -1 2328 2329 2330 2331 -1 2332 2333 2334 2335 -1 2336 2337 2338 2339 -1 2340 2341 2342 2343 -1 2344 2345 2346 2347 -1 2348 2349 2350 2351 -1 2352 2353 2354 2355 -1 2356 2357 2358 2359 -1 2360 2361 2362 2363 -1 2364 2365 2366 2367 -1 2368 2369 2370 2371 -1 2372 2373 2374 2375 -1 2376 2377 2378 2379 -1 2380 2381 2382 2383 -1 2384 2385 2386 2387 -1 2388 2389 2390 2391 -1 2392 2393 2394 2395 -1 2396 2397 2398 2399 -1 2400 2401 2402 2403 -1 2404 2405 2406 2407 -1 2408 2409 2410 2411 -1 2412 2413 2414 2415 -1 2416 2417 2418 2419 -1 2420 2421 2422 2423 -1 2424 2425 2426 2427 -1 2428 2429 2430 2431 -1 2432 2433 2434 2435 -1 2436 2437 2438 2439 -1 2440 2441 2442 2443 -1 2444 2445 2446 2447 -1 2448 2449 2450 2451 -1 2452 2453 2454 2455 -1 2456 2457 2458 2459 -1 2460 2461 2462 2463 -1 2464 2465 2466 2467 -1 2468 2469 2470 2471 -1 2472 2473 2474 2475 -1 2476 2477 2478 2479 -1 2480 2481 2482 2483 -1 2484 2485 2486 2487 -1 2488 2489 2490 2491 -1 2492 2493 2494 2495 -1 2496 2497 2498 2499 -1 2500 2501 2502 2503 -1 2504 2505 2506 2507 -1 2508 2509 2510 2511 -1 2512 2513 2514 2515 -1 2516 2517 2518 2519 -1 2520 2521 2522 2523 -1 2524 2525 2526 2527 -1 2528 2529 2530 2531 -1 2532 2533 2534 2535 -1 2536 2537 2538 2539 -1 2540 2541 2542 2543 -1 2544 2545 2546 2547 -1 2548 2549 2550 2551 -1 2552 2553 2554 2555 -1 2556 2557 2558 2559 -1 2560 2561 2562 2563 -1 2564 2565 2566 2567 -1 2568 2569 2570 2571 -1 2572 2573 2574 2575 -1 2576 2577 2578 2579 -1 2580 2581 2582 2583 -1 2584 2585 2586 2587 -1 2588 2589 2590 2591 -1 2592 2593 2594 2595 -1 2596 2597 2598 2599 -1 2600 2601 2602 2603 -1 2604 2605 2606 2607 -1 2608 2609 2610 2611 -1 2612 2613 2614 2615 -1 2616 2617 2618 2619 -1 2620 2621 2622 2623 2624 2625 2626 2627 -1 2628 2629 2630 2631 2632 2633 2634 2635 -1 2636 2637 2638 2639 2640 2641 2642 2643 -1 2644 2645 2646 -1 2647 2648 2649 -1 2650 2651 2652 -1 2653 2654 2655 -1 2656 2657 2658 -1 2659 2660 2661 -1 2662 2663 2664 -1 2665 2666 2667 -1 2668 2669 2670 -1 2671 2672 2673 -1 2674 2675 2676 -1 2677 2678 2679 -1 2680 2681 2682 -1 2683 2684 2685 -1 2686 2687 2688 -1 2689 2690 2691 -1 2692 2693 2694 -1 2695 2696 2697 -1 2698 2699 2700 -1 2701 2702 2703 -1 2704 2705 2706 -1 2707 2708 2709 -1 2710 2711 2712 -1 2713 2714 2715 -1 2716 2717 2718 -1 2719 2720 2721 -1 2722 2723 2724 -1 2725 2726 2727 -1 2728 2729 2730 -1 2731 2732 2733 -1 2734 2735 2736 -1 2737 2738 2739 -1 2740 2741 2742 -1 2743 2744 2745 -1 2746 2747 2748 -1 2749 2750 2751 -1 2752 2753 2754 -1 2755 2756 2757 -1 2758 2759 2760 -1 2761 2762 2763 -1 2764 2765 2766 2767 -1 2768 2769 2770 2771 -1 2772 2773 2774 2775 -1 2776 2777 2778 2779 -1 2780 2781 2782 2783 -1 2784 2785 2786 2787 -1 2788 2789 2790 2791 -1 2792 2793 2794 2795 -1 2796 2797 2798 2799 -1 2800 2801 2802 2803 -1 2804 2805 2806 2807 -1 2808 2809 2810 2811 -1 2812 2813 2814 2815 -1 2816 2817 2818 2819 -1 2820 2821 2822 2823 -1 2824 2825 2826 2827 -1 2828 2829 2830 2831 -1 2832 2833 2834 2835 -1 2836 2837 2838 2839 -1 2840 2841 2842 2843 -1 2844 2845 2846 2847 -1 2848 2849 2850 2851 -1 2852 2853 2854 2855 -1 2856 2857 2858 2859 2860 2861 2862 2863 -1 2864 2865 2866 2867 -1 2868 2869 2870 2871 -1 2872 2873 2874 2875 -1 2876 2877 2878 2879 -1 "
						                coordIndex="57 6 20 53 -1 7 8 36 37 -1 64 65 37 36 -1 18 36 8 0 -1 6 1 7 37 -1 38 39 41 40 -1 26 57 56 27 -1 13 14 40 41 -1 43 45 44 42 -1 12 3 13 41 -1 39 11 12 41 -1 24 40 14 2 -1 15 60 42 22 -1 25 38 40 24 -1 16 17 45 43 -1 65 20 6 37 -1 13 61 60 14 -1 60 61 43 42 -1 22 42 44 21 -1 44 89 34 21 -1 51 93 92 50 -1 55 19 29 47 -1 28 46 47 29 -1 86 84 85 -1 48 50 77 75 -1 49 51 50 48 -1 49 22 21 51 -1 48 75 67 58 -1 21 34 93 51 -1 58 59 49 48 -1 54 55 47 46 -1 53 55 54 52 -1 53 20 19 55 -1 52 71 69 56 -1 56 57 53 52 -1 24 59 58 25 -1 6 57 26 1 -1 15 59 24 2 -1 9 67 66 10 -1 3 23 61 13 -1 14 60 15 2 -1 63 65 64 62 -1 19 20 65 63 -1 63 85 29 19 -1 17 32 90 45 -1 5 62 64 4 -1 80 81 83 82 -1 25 58 67 9 -1 61 23 16 43 -1 10 66 18 0 -1 66 74 4 18 -1 11 69 68 12 -1 128 131 133 127 -1 27 56 69 11 -1 67 75 74 66 -1 12 68 23 3 -1 68 70 16 23 -1 59 15 22 49 -1 16 70 72 17 -1 71 73 72 70 -1 72 78 32 17 -1 46 79 73 54 -1 73 79 78 72 -1 4 74 76 5 -1 75 77 76 74 -1 76 88 31 5 -1 87 77 50 92 -1 77 87 88 76 -1 79 33 32 78 -1 52 54 73 71 -1 38 82 83 39 -1 1 26 81 7 -1 7 81 80 8 -1 87 30 31 88 -1 80 10 0 8 -1 81 26 27 83 -1 10 80 82 9 -1 27 11 39 83 -1 38 25 9 82 -1 69 71 70 68 -1 5 31 86 62 -1 29 85 84 28 -1 85 63 62 86 -1 31 30 84 86 -1 90 91 89 -1 92 35 91 33 79 46 28 84 30 87 -1 89 44 45 90 -1 33 91 90 32 -1 35 34 89 91 -1 35 92 93 34 -1 101 106 98 99 -1 105 104 96 97 -1 108 107 101 102 -1 109 108 102 103 -1 110 109 103 104 -1 111 110 104 105 -1 112 111 105 106 -1 107 112 106 101 -1 120 119 113 114 -1 114 113 107 108 -1 115 114 108 109 -1 116 115 109 110 -1 117 116 110 111 -1 118 117 111 112 -1 113 118 112 107 -1 121 120 114 115 -1 122 121 115 116 -1 123 122 116 117 -1 124 123 117 118 -1 119 124 118 113 -1 102 101 99 94 -1 126 125 119 120 -1 127 126 120 121 -1 128 127 121 122 -1 129 128 122 123 -1 130 129 123 124 -1 125 130 124 119 -1 103 102 94 95 -1 104 103 95 96 -1 130 135 134 129 -1 126 132 136 125 -1 125 136 135 130 -1 129 134 131 128 -1 106 105 97 98 -1 127 133 132 126 -1 100 132 133 -1 100 134 135 -1 100 135 136 -1 100 131 134 -1 100 136 132 -1 100 133 131 -1 137 145 150 149 -1 139 146 150 145 -1 141 149 150 146 -1 140 143 151 148 -1 138 147 151 143 -1 141 148 151 147 -1 139 144 152 146 -1 140 148 152 144 -1 141 146 152 148 -1 138 142 153 147 -1 137 149 153 142 -1 141 147 153 149 -1 705 671 672 702 -1 221 220 161 156 -1 225 224 160 157 -1 229 228 159 155 -1 233 232 158 154 -1 220 233 154 161 -1 224 221 156 160 -1 228 225 157 159 -1 162 170 175 174 -1 164 171 175 170 -1 166 174 175 171 -1 165 168 176 173 -1 163 172 176 168 -1 166 173 176 172 -1 164 169 177 171 -1 165 173 177 169 -1 166 171 177 173 -1 163 167 178 172 -1 162 174 178 167 -1 166 172 178 174 -1 215 204 193 192 -1 167 163 192 193 -1 168 165 190 191 -1 169 164 188 189 -1 170 162 194 187 -1 162 167 193 194 -1 163 168 191 192 -1 165 169 189 190 -1 164 170 187 188 -1 212 201 191 190 -1 214 205 204 215 -1 206 213 180 183 -1 205 214 213 206 -1 209 198 189 188 -1 211 202 201 212 -1 203 210 182 184 -1 202 211 210 203 -1 218 195 187 194 -1 208 199 198 209 -1 200 207 181 185 -1 199 208 207 200 -1 193 204 218 194 -1 217 196 195 218 -1 197 216 179 186 -1 196 217 216 197 -1 191 201 215 192 -1 204 205 217 218 -1 216 206 183 179 -1 217 205 206 216 -1 189 198 212 190 -1 201 202 214 215 -1 213 203 184 180 -1 214 202 203 213 -1 187 195 209 188 -1 198 199 211 212 -1 210 200 185 182 -1 211 199 200 210 -1 195 196 208 209 -1 207 197 186 181 -1 208 196 197 207 -1 138 230 231 142 -1 231 230 229 232 -1 140 226 227 143 -1 227 226 225 228 -1 139 222 223 144 -1 223 222 221 224 -1 137 234 219 145 -1 219 234 233 220 -1 142 231 234 137 -1 234 231 232 233 -1 143 227 230 138 -1 230 227 228 229 -1 144 223 226 140 -1 226 223 224 225 -1 145 219 222 139 -1 232 229 155 158 -1 222 219 220 221 -1 238 254 258 247 -1 235 252 257 239 -1 246 255 251 243 -1 247 258 256 250 -1 239 257 253 242 -1 250 256 252 235 -1 243 251 254 238 -1 254 251 248 237 -1 252 256 245 249 -1 253 257 236 240 -1 256 258 241 245 -1 251 255 244 248 -1 257 252 249 236 -1 258 254 237 241 -1 255 253 240 244 -1 246 242 253 255 -1 237 248 244 240 236 249 245 241 -1 303 304 283 274 -1 293 276 266 270 -1 260 273 292 268 -1 294 279 264 271 -1 276 293 269 262 -1 295 282 260 268 -1 279 294 270 266 -1 260 282 296 289 -1 264 286 296 282 -1 267 289 296 286 -1 292 273 262 269 -1 274 283 305 302 -1 302 305 284 277 -1 290 291 304 303 -1 277 284 306 301 -1 301 306 285 280 -1 280 285 307 300 -1 300 307 291 290 -1 546 555 547 539 -1 266 276 297 288 -1 262 287 297 276 -1 267 288 297 287 -1 264 279 298 286 -1 266 288 298 279 -1 267 286 298 288 -1 262 273 299 287 -1 260 289 299 273 -1 267 287 299 289 -1 263 280 300 281 -1 281 300 290 259 -1 265 277 301 278 -1 278 301 280 263 -1 261 274 302 275 -1 275 302 277 265 -1 259 290 303 272 -1 272 303 274 261 -1 291 268 292 304 -1 304 292 269 283 -1 283 269 293 305 -1 305 293 270 284 -1 284 270 294 306 -1 306 294 271 285 -1 285 271 295 307 -1 307 295 268 291 -1 350 329 315 323 -1 309 326 349 321 -1 351 332 313 324 -1 329 350 322 311 -1 352 335 309 321 -1 332 351 323 315 -1 309 335 353 346 -1 313 343 353 335 -1 320 346 353 343 -1 349 326 311 322 -1 360 339 316 327 -1 327 316 340 359 -1 347 319 339 360 -1 359 340 317 330 -1 330 317 341 358 -1 358 341 318 333 -1 333 318 342 357 -1 357 342 319 347 -1 335 352 324 313 -1 315 329 354 345 -1 311 344 354 329 -1 320 345 354 344 -1 313 332 355 343 -1 315 345 355 332 -1 320 343 355 345 -1 311 326 356 344 -1 309 346 356 326 -1 320 344 356 346 -1 312 333 357 334 -1 334 357 347 308 -1 314 330 358 331 -1 331 358 333 312 -1 310 327 359 328 -1 328 359 330 314 -1 308 347 360 325 -1 325 360 327 310 -1 319 348 361 339 -1 348 321 349 361 -1 361 349 322 336 -1 339 361 336 316 -1 316 336 362 340 -1 336 322 350 362 -1 362 350 323 337 -1 340 362 337 317 -1 317 337 363 341 -1 337 323 351 363 -1 363 351 324 338 -1 341 363 338 318 -1 318 338 364 342 -1 338 324 352 364 -1 364 352 321 348 -1 342 364 348 319 -1 407 386 372 380 -1 366 383 406 378 -1 408 389 370 381 -1 386 407 379 368 -1 409 392 366 378 -1 389 408 380 372 -1 366 392 410 403 -1 370 400 410 392 -1 377 403 410 400 -1 406 383 368 379 -1 417 396 373 384 -1 384 373 397 416 -1 404 376 396 417 -1 416 397 374 387 -1 387 374 398 415 -1 415 398 375 390 -1 390 375 399 414 -1 414 399 376 404 -1 282 295 271 264 -1 372 386 411 402 -1 368 401 411 386 -1 377 402 411 401 -1 370 389 412 400 -1 372 402 412 389 -1 377 400 412 402 -1 368 383 413 401 -1 366 403 413 383 -1 377 401 413 403 -1 369 390 414 391 -1 391 414 404 365 -1 371 387 415 388 -1 388 415 390 369 -1 367 384 416 385 -1 385 416 387 371 -1 365 404 417 382 -1 382 417 384 367 -1 376 405 418 396 -1 405 378 406 418 -1 418 406 379 393 -1 396 418 393 373 -1 373 393 419 397 -1 393 379 407 419 -1 419 407 380 394 -1 397 419 394 374 -1 374 394 420 398 -1 394 380 408 420 -1 420 408 381 395 -1 398 420 395 375 -1 375 395 421 399 -1 395 381 409 421 -1 421 409 378 405 -1 399 421 405 376 -1 422 429 439 428 -1 428 439 430 423 -1 449 450 447 440 434 -1 434 440 436 425 -1 425 436 438 432 -1 432 438 437 424 -1 464 465 441 435 -1 435 441 429 422 -1 449 434 442 451 -1 434 425 432 442 -1 442 432 424 433 -1 451 442 433 448 -1 455 453 458 460 -1 451 448 453 455 -1 461 456 454 459 -1 424 437 443 433 -1 457 462 458 453 -1 454 455 460 459 -1 423 430 445 431 -1 459 460 467 463 -1 423 431 446 428 -1 460 458 464 467 -1 462 465 464 458 -1 428 446 435 422 -1 461 459 463 466 -1 433 443 427 452 448 -1 456 444 450 449 454 -1 426 457 453 448 452 -1 446 467 464 435 -1 431 463 467 446 -1 431 445 466 463 -1 449 451 455 454 -1 437 438 436 -1 440 443 437 436 -1 427 443 440 447 -1 452 427 447 450 -1 444 426 452 450 -1 456 457 426 444 -1 456 461 462 457 -1 465 462 461 466 -1 441 465 466 445 -1 441 445 430 429 -1 439 429 430 -1 476 468 477 492 -1 492 477 469 478 -1 491 474 481 495 -1 495 481 468 476 -1 475 488 496 490 -1 488 469 477 496 -1 496 477 468 481 -1 490 496 481 474 -1 471 479 497 480 -1 479 472 484 497 -1 497 484 473 483 -1 480 497 483 470 -1 489 475 482 499 -1 478 469 488 500 -1 500 488 475 489 -1 472 482 501 484 -1 482 475 490 501 -1 501 490 474 487 -1 484 501 487 473 -1 485 473 487 502 514 503 513 -1 502 487 474 491 -1 493 507 486 472 479 -1 498 508 505 470 483 -1 506 509 493 479 471 -1 485 510 498 483 473 -1 494 506 471 480 -1 505 494 480 470 -1 504 512 499 482 472 486 511 -1 506 494 505 -1 508 509 506 505 -1 498 493 509 508 -1 507 493 498 510 -1 486 507 510 485 -1 511 486 485 513 -1 504 511 513 503 -1 512 504 503 514 -1 499 512 514 502 -1 499 502 491 489 -1 495 500 489 491 -1 495 476 478 500 -1 492 478 476 -1 518 534 538 527 -1 515 532 537 519 -1 526 535 531 523 -1 527 538 536 530 -1 519 537 533 522 -1 530 536 532 515 -1 523 531 534 518 -1 534 531 528 517 -1 532 536 525 529 -1 533 537 516 520 -1 536 538 521 525 -1 531 535 524 528 -1 537 532 529 516 -1 538 534 517 521 -1 535 533 520 524 -1 526 522 533 535 -1 517 528 524 520 516 529 525 521 -1 547 548 540 539 -1 557 551 550 562 -1 560 562 550 549 -1 548 549 541 540 -1 561 563 554 552 -1 553 560 549 548 -1 549 550 542 541 -1 557 561 552 551 -1 550 551 543 542 -1 558 555 554 563 -1 551 552 544 543 -1 563 578 574 558 -1 552 554 545 544 -1 555 558 559 547 -1 554 555 546 545 -1 559 575 571 553 -1 573 578 563 561 -1 547 559 553 548 -1 562 572 577 557 -1 566 567 800 801 -1 568 564 804 798 -1 573 568 556 578 -1 572 569 564 577 -1 557 577 573 561 -1 571 570 565 576 -1 574 567 566 575 -1 572 562 560 576 -1 574 578 556 567 -1 571 576 560 553 -1 565 570 797 802 -1 569 565 802 803 -1 573 577 564 568 -1 558 574 575 559 -1 567 556 799 800 -1 570 566 801 797 -1 572 576 565 569 -1 564 569 803 804 -1 791 792 809 810 -1 571 575 566 570 -1 651 625 620 655 -1 651 658 622 625 -1 632 633 652 653 -1 629 658 651 634 -1 656 621 622 658 -1 652 619 626 653 -1 652 654 624 619 -1 653 626 621 656 -1 636 710 707 639 -1 640 639 707 708 -1 716 713 714 711 -1 714 635 640 708 -1 719 711 714 708 -1 717 715 722 712 -1 641 713 709 642 -1 709 712 637 642 -1 707 720 719 708 -1 636 638 722 710 -1 716 718 709 713 -1 638 637 712 722 -1 710 721 720 707 -1 721 710 722 715 -1 635 714 713 641 -1 649 715 717 650 -1 650 717 718 645 -1 644 721 715 649 -1 720 721 644 648 -1 645 718 716 646 -1 719 720 648 647 -1 711 719 647 643 -1 646 716 711 643 -1 630 634 651 655 -1 631 654 652 633 -1 658 629 628 656 -1 630 655 657 627 -1 627 657 654 631 -1 628 632 653 656 -1 655 620 623 657 -1 718 717 712 709 -1 618 747 754 612 -1 611 751 752 615 -1 616 748 751 611 -1 615 752 750 617 -1 614 749 747 618 -1 617 750 749 614 -1 612 754 753 613 -1 613 753 748 616 -1 613 616 584 580 -1 617 614 581 585 -1 593 660 663 590 -1 666 660 593 588 -1 594 661 664 587 -1 591 662 666 588 -1 598 604 608 597 -1 665 663 602 598 -1 664 659 592 587 -1 590 663 665 589 -1 665 661 594 589 -1 601 610 607 595 -1 662 659 601 595 -1 600 597 608 605 -1 600 605 610 601 -1 596 603 609 599 -1 602 599 609 606 -1 665 598 597 661 -1 596 595 607 603 -1 602 606 604 598 -1 659 664 600 601 -1 664 661 597 600 -1 663 660 599 602 -1 666 596 599 660 -1 662 595 596 666 -1 592 659 662 591 -1 614 618 586 581 -1 615 617 585 582 -1 616 611 583 584 -1 618 612 579 586 -1 583 611 615 582 -1 613 580 579 612 -1 699 673 668 703 -1 703 668 671 705 -1 699 706 670 673 -1 738 742 725 729 -1 677 706 699 682 -1 701 674 669 704 -1 742 741 728 725 -1 700 702 672 667 -1 700 667 674 701 -1 735 742 738 731 -1 684 726 723 687 -1 688 687 723 724 -1 738 729 730 727 -1 744 745 740 736 -1 730 683 688 724 -1 743 727 730 724 -1 741 733 746 728 -1 689 729 725 690 -1 725 728 685 690 -1 724 723 744 743 -1 684 686 746 726 -1 680 681 700 701 -1 726 745 744 723 -1 737 739 727 743 -1 743 744 736 737 -1 686 685 728 746 -1 745 726 746 733 -1 683 730 729 689 -1 654 657 623 624 -1 693 735 731 694 -1 731 739 691 694 -1 734 732 733 741 -1 692 740 732 697 -1 732 734 698 697 -1 734 741 742 735 -1 727 739 731 738 -1 732 740 745 733 -1 735 693 698 734 -1 695 737 736 696 -1 740 692 696 736 -1 739 737 695 691 -1 678 682 699 703 -1 679 702 700 681 -1 706 677 676 704 -1 678 703 705 675 -1 675 705 702 679 -1 676 680 701 704 -1 583 582 585 581 586 579 580 584 -1 627 631 633 632 628 629 634 630 -1 675 679 681 680 676 677 682 678 -1 755 762 764 -1 755 764 766 -1 756 763 768 -1 755 766 769 -1 756 768 771 -1 757 772 776 -1 758 773 778 -1 759 775 777 -1 777 780 760 -1 777 775 780 -1 780 779 760 -1 779 778 760 -1 779 774 778 -1 774 758 778 -1 778 776 760 -1 778 773 776 -1 773 757 776 -1 776 777 760 -1 776 772 777 -1 772 759 777 -1 767 775 759 -1 770 758 774 -1 771 773 758 -1 771 768 773 -1 768 757 773 -1 769 772 757 -1 769 766 772 -1 766 759 772 -1 770 771 758 -1 770 765 771 -1 765 756 771 -1 768 769 757 -1 768 763 769 -1 763 755 769 -1 766 767 759 -1 766 764 767 -1 761 756 765 -1 761 763 756 -1 761 762 763 -1 762 755 763 -1 783 791 790 788 -1 787 792 791 783 -1 782 793 792 787 -1 786 794 793 782 -1 781 795 794 786 -1 784 789 796 785 -1 783 798 804 787 -1 785 796 795 781 -1 782 803 802 786 -1 785 801 800 784 -1 781 797 801 785 -1 788 790 789 784 -1 556 568 798 799 -1 803 782 787 804 -1 788 799 798 783 -1 786 802 797 781 -1 794 795 806 807 -1 790 791 810 811 -1 792 793 808 809 -1 796 789 812 805 -1 793 794 807 808 -1 795 796 805 806 -1 789 790 811 812 -1 805 812 811 810 809 808 807 806 -1 4 64 36 18 -1 704 669 670 706 -1 392 409 381 370 -1 784 800 799 788 -1 "
						                >
							<Coordinate DEF="coords_ME_kani_body"
							            point="0.347861 -0.082514 0.477653 0.347861 -0.082514 0.684359 -0.347811 -0.082514 0.477653 -0.347811 -0.082514 0.684359 0.425489 0.030470 0.436303 0.415449 0.105032 0.433540 0.405328 -0.034683 0.737369 0.351999 -0.085456 0.641038 0.351999 -0.085456 0.518995 0.224139 -0.089093 0.440796 0.279395 -0.088085 0.447171 -0.224039 -0.089093 0.716788 -0.279316 -0.088085 0.711092 -0.351954 -0.085456 0.641038 -0.351954 -0.085456 0.518995 -0.405283 -0.034683 0.444371 -0.425444 0.030470 0.745364 -0.415400 0.105031 0.732007 0.405328 -0.034683 0.444371 0.415449 0.105032 0.732007 0.425489 0.030470 0.745364 -0.415400 0.105031 0.433540 -0.425444 0.030470 0.436303 -0.405283 -0.034683 0.737369 -0.279316 -0.088085 0.447171 -0.224039 -0.089093 0.440796 0.279395 -0.088085 0.711092 0.224138 -0.089093 0.716788 0.280262 0.183897 0.622591 0.369325 0.159441 0.692916 0.280262 0.183897 0.525988 0.369325 0.159441 0.459340 -0.369255 0.159441 0.692916 -0.280157 0.183897 0.622591 -0.369255 0.159441 0.459340 -0.280157 0.183897 0.525988 0.425486 -0.034710 0.511342 0.425486 -0.034710 0.670380 -0.216900 -0.096617 0.502114 -0.216900 -0.096617 0.650406 -0.271975 -0.095341 0.505626 -0.271975 -0.095341 0.647754 -0.446872 0.030467 0.506934 -0.446872 0.030467 0.674733 -0.437550 0.104940 0.501735 -0.437550 0.104940 0.663813 0.247779 0.159575 0.755222 0.302150 0.158413 0.753135 -0.274675 0.030472 0.349127 -0.339573 0.030465 0.361975 -0.266595 0.105095 0.353774 -0.330529 0.104894 0.363291 0.274799 0.030473 0.832540 0.339669 0.030465 0.819692 0.266714 0.105095 0.811774 0.330623 0.104894 0.802256 0.262122 -0.033881 0.820138 0.323719 -0.033371 0.807508 -0.262190 -0.034789 0.361159 -0.323914 -0.034765 0.373606 -0.425456 -0.034710 0.511342 -0.425456 -0.034710 0.670380 0.437586 0.104940 0.501735 0.437586 0.104940 0.663813 0.446902 0.030467 0.506934 0.446902 0.030467 0.674733 0.324007 -0.034765 0.373606 0.262309 -0.034788 0.361159 -0.323914 -0.034765 0.808079 -0.262190 -0.034789 0.820511 -0.339573 0.030465 0.819692 -0.274675 0.030472 0.832540 -0.330529 0.104894 0.802256 -0.266595 0.105095 0.811774 0.339669 0.030465 0.361975 0.274799 0.030473 0.349127 0.330623 0.104894 0.363291 0.266714 0.105095 0.353774 -0.302049 0.158413 0.753135 -0.247660 0.159575 0.755222 0.272051 -0.095341 0.505626 0.272051 -0.095341 0.647754 0.216996 -0.096617 0.502114 0.216996 -0.096617 0.650406 0.317588 0.181174 0.574358 0.390813 0.158906 0.638070 0.390813 0.158906 0.514205 0.247780 0.159575 0.397052 0.302150 0.158413 0.399194 -0.390755 0.158905 0.514205 -0.390755 0.158905 0.638070 -0.317497 0.181174 0.574358 -0.247660 0.159575 0.397052 -0.302049 0.158413 0.399194 -0.235927 0.075027 0.745511 -0.249035 0.009953 0.739590 -0.204197 -0.034951 0.759844 -0.146438 -0.014791 0.785922 -0.133410 0.050087 0.791802 -0.178057 0.095010 0.771648 -0.621552 0.030056 1.517193 -0.316987 0.095067 0.972326 -0.373220 0.074908 0.943591 -0.385904 0.010021 0.937107 -0.342437 -0.034902 0.959323 -0.286089 -0.014924 0.988110 -0.273320 0.050164 0.994631 -0.343487 0.095016 1.127497 -0.406608 0.075026 1.123141 -0.420905 0.009953 1.122154 -0.371999 -0.034952 1.125529 -0.308992 -0.014802 1.129879 -0.294776 0.050094 1.130860 -0.367869 0.095057 1.207039 -0.421112 0.075093 1.173821 -0.433181 0.009917 1.166274 -0.391912 -0.035015 1.192045 -0.338793 -0.014815 1.225156 -0.326819 0.050096 1.232622 -0.503511 0.106298 1.352868 -0.562369 0.082063 1.309577 -0.575533 0.006916 1.300245 -0.530260 -0.045765 1.333059 -0.470804 -0.022972 1.377329 -0.457251 0.053804 1.387580 -0.578342 0.108924 1.461924 -0.646389 0.084309 1.427238 -0.661694 0.005842 1.419496 -0.609172 -0.048648 1.446162 -0.540849 -0.024585 1.481193 -0.525338 0.054495 1.489184 -0.626402 -0.014188 1.502501 -0.648454 0.060630 1.493989 -0.657552 0.016394 1.490481 -0.586147 -0.000530 1.518068 -0.577047 0.043724 1.521591 -0.608202 0.074304 1.509534 -0.924924 0.112518 0.572291 -0.918089 0.009077 0.621166 -0.923223 0.061782 0.468375 -0.913612 -0.040790 0.517455 -0.985794 0.028558 0.549695 -0.920696 0.070873 0.617476 -0.913860 -0.036411 0.578952 -0.916305 0.000579 0.472329 -0.925401 0.107890 0.510368 -0.967844 0.048128 0.497483 -0.961259 0.012954 0.598249 -0.959817 -0.019693 0.529908 -0.969028 0.080925 0.565924 -0.961017 0.088012 0.520224 -0.948073 -0.024885 0.574047 -0.952999 0.004314 0.490276 -0.955758 0.058712 0.603990 -0.474662 0.072241 0.586750 -0.472112 0.030104 0.606546 -0.473872 0.051563 0.544250 -0.469969 0.009577 0.564351 -0.472984 0.055080 0.605023 -0.470126 0.011500 0.589424 -0.470955 0.026545 0.545946 -0.474711 0.070370 0.561496 -0.990149 0.100930 0.725999 -0.980021 -0.004135 0.770698 -1.002051 0.053446 0.621279 -0.988998 -0.050777 0.665760 -1.055069 0.018753 0.709377 -0.981622 0.057792 0.769130 -0.981887 -0.048344 0.726965 -0.996066 -0.007933 0.622528 -0.998102 0.098231 0.664493 -1.043626 0.039612 0.655850 -1.024785 0.001218 0.753855 -1.032928 -0.029314 0.685009 -1.035211 0.070286 0.724766 -1.033046 0.078645 0.678632 -1.015671 -0.036080 0.727074 -1.030792 -0.004213 0.645525 -1.017598 0.046671 0.760131 -0.465371 0.066280 0.623531 -0.461888 0.024491 0.637919 -0.470372 0.047034 0.580555 -0.464821 0.004592 0.598609 -0.456354 0.046555 0.636023 -0.462033 0.007007 0.622699 -0.467778 0.021964 0.581173 -0.468532 0.065281 0.598167 -0.868522 0.096511 0.668265 -0.872523 0.051475 0.624606 -0.867007 -0.010522 0.626006 -0.860080 -0.053548 0.669927 -0.852850 -0.050649 0.731400 -0.850796 -0.006318 0.774832 -0.852123 0.055187 0.773410 -0.860584 0.098814 0.730502 -0.718533 0.095496 0.644129 -0.608901 0.090290 0.624928 -0.544860 0.078293 0.610918 -0.717048 -0.004669 0.604629 -0.608386 0.001539 0.590490 -0.544400 0.010911 0.584481 -0.703469 -0.041613 0.702788 -0.599265 -0.031007 0.678263 -0.540109 -0.012537 0.649831 -0.698809 0.055393 0.739068 -0.592671 0.054879 0.708932 -0.535413 0.051736 0.672514 -0.549842 0.050920 0.583826 -0.614592 0.053680 0.589253 -0.722484 0.053301 0.603280 -0.541731 -0.015562 0.610776 -0.603381 -0.033963 0.626203 -0.710353 -0.045004 0.645583 -0.540986 0.015665 0.674470 -0.598357 0.006454 0.712621 -0.702003 -0.000221 0.741713 -0.544552 0.081489 0.651721 -0.605451 0.093635 0.678971 -0.711025 0.097873 0.702655 -0.645258 0.104531 0.522885 -0.570025 0.092982 0.536520 -0.568507 0.059873 0.506236 -0.643383 0.063796 0.485649 -0.637077 0.009679 0.489292 -0.563331 0.015891 0.509257 -0.561455 -0.013849 0.541668 -0.634766 -0.026938 0.529162 -0.634964 -0.022973 0.583513 -0.562401 -0.009608 0.584718 -0.566644 0.023274 0.613605 -0.638874 0.017167 0.620867 -0.641067 0.071763 0.617493 -0.567868 0.064869 0.611530 -0.570061 0.095864 0.580589 -0.644917 0.108632 0.577650 -0.415067 0.030984 0.621754 -0.516493 -0.023413 0.591962 -0.518499 0.091915 0.594698 -0.415110 0.055705 0.609110 -0.414450 0.027123 0.608464 -0.514773 -0.005272 0.534900 -0.520218 0.073773 0.651759 -0.414029 0.031599 0.595405 -0.414493 0.051777 0.595818 -0.514649 0.036021 0.512066 -0.520343 0.032480 0.674593 -0.414046 0.041792 0.590166 -0.415536 0.051227 0.622256 -0.516192 0.076277 0.536835 -0.518800 -0.007776 0.649825 -0.415517 0.040967 0.627493 -0.449071 0.068827 0.563212 -0.450870 0.008512 0.642273 -0.447939 0.010305 0.561890 -0.450773 0.080108 0.603710 -0.447898 0.039913 0.545915 -0.452047 0.037424 0.659657 -0.449169 -0.002702 0.601777 -0.452007 0.067099 0.643684 0.382618 0.127920 0.451076 0.649995 0.199069 0.204504 0.382465 0.062717 0.428605 0.649282 0.130571 0.180998 0.403774 0.106606 0.513301 0.723127 0.196102 0.207871 0.403691 0.041320 0.490812 0.721975 0.127378 0.186047 0.686873 0.174660 0.154619 0.637458 0.175500 0.318334 0.635697 0.093454 0.294388 0.706378 0.077399 0.339462 0.707089 0.159649 0.366482 0.377552 0.097361 0.433978 0.635053 0.165069 0.192817 0.393973 0.059250 0.415006 0.390368 0.044709 0.458112 0.685495 0.115193 0.179185 0.419754 0.033200 0.490947 0.403321 0.071397 0.509582 0.736907 0.160799 0.198735 0.419872 0.112812 0.518394 0.390500 0.124019 0.485451 0.686828 0.211405 0.210928 0.623089 0.083865 0.327434 0.671810 0.061564 0.391206 0.671960 0.145062 0.420177 0.711158 0.193013 0.175839 0.662520 0.148801 0.159469 0.710416 0.147194 0.161927 0.663157 0.194614 0.173550 0.394196 0.138729 0.442377 0.620468 0.165936 0.354105 0.624192 0.137682 0.296957 0.670963 0.070902 0.311753 0.719594 0.115407 0.361731 0.672439 0.182796 0.345668 0.687292 0.207223 0.185487 0.686156 0.131089 0.162106 0.726588 0.167687 0.176025 0.646881 0.170490 0.171741 0.406596 0.140222 0.485553 0.424037 0.068244 0.518664 0.406361 0.031668 0.448112 0.388931 0.103673 0.414979 0.609989 0.128312 0.330202 0.649490 0.058306 0.352572 0.680179 0.099119 0.418253 0.647169 0.171370 0.389898 0.232148 0.046932 0.421150 0.303379 -0.016667 0.062961 0.220527 -0.020658 0.428434 0.290786 -0.087503 0.070994 0.286174 0.042434 0.463985 0.364743 -0.032742 0.026371 0.274602 -0.025251 0.471247 0.352786 -0.103163 0.035980 0.339923 -0.072375 0.249620 0.409389 -0.078036 0.298724 0.424231 0.008438 0.289658 0.352480 0.014174 0.246408 0.304822 -0.062179 0.014388 0.358921 0.001648 0.164321 0.345007 -0.085197 0.178230 0.432485 -0.100618 0.177965 0.447355 -0.012456 0.166964 0.218816 0.014182 0.422392 0.285279 -0.048964 0.074955 0.222014 -0.030395 0.413190 0.244616 -0.029714 0.452830 0.319494 -0.109466 0.055389 0.287919 -0.035912 0.465502 0.284511 0.008642 0.474426 0.371466 -0.071091 0.024959 0.302056 0.046630 0.456654 0.258709 0.052512 0.444005 0.336703 -0.010442 0.042978 0.356187 -0.079895 0.212727 0.433498 -0.090273 0.241785 0.448459 -0.003649 0.232622 0.332555 -0.027577 0.242911 0.371748 -0.090738 0.275699 0.429717 -0.035697 0.303330 0.390188 0.027310 0.267895 0.336460 -0.043259 0.010157 0.288534 -0.079905 0.040955 0.328878 -0.090043 0.017032 0.296131 -0.033054 0.034266 0.236196 0.051980 0.404277 0.367578 0.005208 0.203873 0.335709 -0.039181 0.170193 0.385832 -0.108772 0.179629 0.456228 -0.059349 0.173000 0.404885 0.010465 0.162118 0.322372 -0.022346 0.025280 0.309695 -0.100185 0.036452 0.349721 -0.069769 0.011141 0.282467 -0.052837 0.050759 0.271428 0.064437 0.429251 0.306703 0.004481 0.470993 0.252081 -0.048103 0.441345 0.216801 0.011867 0.399570 0.346073 -0.035168 0.205607 0.392911 -0.100987 0.226386 0.455149 -0.048563 0.243577 0.410005 0.016208 0.213928 0.308846 0.097244 0.422190 0.502075 0.091530 0.105994 0.301313 0.028960 0.416099 0.493657 0.019863 0.099830 0.345400 0.088216 0.480122 0.573369 0.083428 0.091160 0.337929 0.019843 0.474015 0.564972 0.011940 0.086741 0.478075 0.009387 0.284659 0.527084 -0.001190 0.353616 0.536612 0.086132 0.361636 0.483478 0.095810 0.297333 0.523760 0.054016 0.055331 0.519908 0.094185 0.221514 0.510076 0.009325 0.218316 0.589873 -0.002312 0.246284 0.599519 0.083495 0.252591 0.298750 0.064230 0.414444 0.483837 0.057139 0.106642 0.308694 0.021717 0.401184 0.316429 0.017165 0.445929 0.527735 0.001567 0.092411 0.353268 0.010666 0.471905 0.343224 0.053190 0.484830 0.583455 0.045985 0.087168 0.362402 0.094047 0.479368 0.325540 0.100227 0.453357 0.539538 0.101927 0.099787 0.506555 0.008151 0.254773 0.570058 -0.003743 0.307346 0.579711 0.083745 0.315340 0.469579 0.054391 0.281723 0.500675 -0.011579 0.317519 0.540935 0.040655 0.370472 0.510431 0.106864 0.332082 0.553214 0.074481 0.064843 0.501045 0.031879 0.072044 0.547812 0.026955 0.062489 0.506392 0.079444 0.074584 0.317905 0.104943 0.408581 0.512894 0.093979 0.261644 0.500615 0.053850 0.213510 0.548214 -0.011736 0.230797 0.609360 0.038405 0.255095 0.561066 0.104341 0.236576 0.533100 0.092329 0.076735 0.524146 0.013293 0.072551 0.567593 0.048624 0.066893 0.489716 0.056903 0.082582 0.341418 0.114708 0.445621 0.365542 0.050400 0.488794 0.328889 0.001018 0.435447 0.304770 0.065346 0.392245 0.495614 0.053062 0.250512 0.538164 -0.013438 0.277510 0.586143 0.037958 0.321985 0.548295 0.104823 0.287193 0.537571 -0.003078 0.556453 0.537571 0.093509 0.556453 1.070196 -0.021914 0.537617 1.070196 0.112345 0.537617 0.933668 -0.089013 0.575485 1.012951 -0.072334 0.575981 0.526013 0.045215 0.549522 0.526013 -0.010009 0.604746 0.526013 0.100440 0.604746 0.598166 0.120677 0.529285 1.078012 0.045215 0.524938 1.036870 -0.042251 0.517280 1.036870 0.132681 0.517280 0.598166 -0.030246 0.529285 1.076200 0.122085 0.589185 1.076200 -0.031654 0.589185 1.090022 0.045215 0.583373 0.501757 0.045215 0.604746 1.039198 0.162452 0.604746 0.597026 -0.057829 0.604746 1.039198 0.045215 0.487510 1.039198 -0.072021 0.604746 0.933668 0.179444 0.575485 0.597026 0.148259 0.604746 0.597026 0.045215 0.501702 1.012951 0.162078 0.575981 0.984911 -0.055717 0.503814 0.984911 0.146147 0.503814 0.985296 0.183825 0.604746 0.985296 0.045215 0.466137 0.985296 -0.093394 0.604746 0.885241 -0.064882 0.494649 0.885241 0.155313 0.494649 0.885241 0.045215 0.453363 0.885241 0.196599 0.604746 0.885241 -0.106168 0.604746 0.766642 -0.060895 0.498636 0.766642 0.151326 0.498636 0.766642 0.045215 0.458844 0.766642 0.191117 0.604746 0.766642 -0.100687 0.604746 0.651687 0.133274 0.516688 0.651687 -0.042843 0.516688 0.651117 -0.075507 0.604746 0.651117 0.165938 0.604746 0.651117 0.045215 0.484024 0.537571 -0.003078 0.653040 0.537571 0.093509 0.653040 1.070196 -0.021914 0.671876 1.070196 0.112345 0.671876 0.942406 0.153844 0.713375 0.942406 -0.063414 0.713375 0.705207 -0.055440 0.705402 0.705207 0.145871 0.705402 0.526013 -0.010009 0.604746 0.526013 0.045215 0.659971 0.526013 0.100440 0.604746 1.027416 0.138451 0.697982 1.078012 0.045215 0.684555 0.598166 -0.030246 0.680208 0.828076 0.156781 0.716312 1.027416 -0.048020 0.697982 0.942406 0.045215 0.754111 0.942406 -0.104149 0.604746 0.942406 0.194580 0.604746 0.828076 -0.066350 0.716312 0.598166 0.120677 0.680208 0.705207 0.183617 0.604746 0.705207 0.045215 0.743148 0.705207 -0.093186 0.604746 0.501757 0.045215 0.604746 1.028187 0.173070 0.604746 1.094415 0.045215 0.604746 0.597026 -0.057829 0.604746 0.597027 0.045215 0.707790 1.028186 0.045215 0.732601 1.028186 -0.082639 0.604746 0.828076 0.198618 0.604746 0.597026 0.148259 0.604746 0.828076 0.045215 0.758149 0.828076 -0.108187 0.604746 0.878366 -0.106411 0.604746 0.878366 0.196842 0.604746 1.076817 -0.032656 0.615004 1.076817 0.123086 0.615004 0.982424 0.174665 0.645478 1.049022 -0.052512 0.645478 1.049022 0.145010 0.645478 0.982424 -0.084192 0.645478 0.911070 0.184649 0.648451 0.850419 0.190136 0.639532 0.911070 -0.094219 0.648451 0.850419 -0.099705 0.639532 0.429745 0.045238 0.633353 0.531171 0.099636 0.603561 0.533178 -0.015693 0.606296 0.429789 0.020518 0.620708 0.429129 0.049099 0.620062 0.529452 0.081494 0.546499 0.534897 0.002449 0.663358 0.428707 0.044623 0.607004 0.429171 0.024445 0.607416 0.529327 0.040201 0.523665 0.535021 0.043742 0.686192 0.428724 0.034430 0.601765 0.430214 0.024996 0.633854 0.530871 -0.000055 0.548433 0.533478 0.083998 0.661423 0.430196 0.035255 0.639091 0.463749 0.007395 0.574811 0.465549 0.067710 0.653872 0.462617 0.065918 0.573489 0.465451 -0.003885 0.615308 0.462576 0.036309 0.557514 0.466725 0.038798 0.671256 0.463848 0.078924 0.613376 0.466685 0.009123 0.655283 0.246907 0.069422 0.788750 0.262723 0.045548 0.776316 0.262792 0.012643 0.776725 0.246924 -0.010245 0.789294 0.223552 -0.009633 0.806635 0.207127 0.013128 0.818374 0.206918 0.045221 0.818167 0.223395 0.069223 0.806293 0.263778 0.081129 0.808989 0.284595 0.048732 0.792673 0.284430 0.004553 0.793536 0.262866 -0.024383 0.809596 0.231618 -0.022661 0.831934 0.209913 0.006146 0.847784 0.320285 0.032948 0.847696 0.209674 0.048418 0.847581 0.232126 0.080942 0.831988 0.294428 -0.018472 0.947200 0.260400 -0.025141 0.878200 0.271198 0.071184 0.888694 0.302719 0.068650 0.864405 0.314139 -0.008849 0.845874 0.241417 0.001671 0.899257 0.291140 -0.030701 0.856622 0.246437 0.040413 0.903831 0.292880 -0.048234 0.901553 0.336623 -0.040239 0.890509 0.340370 -0.008931 0.930714 0.318747 -0.006219 0.949123 0.283247 -0.035851 0.926636 0.314994 -0.049995 0.887099 0.346261 -0.023801 0.907137 0.339473 0.004098 0.880812 0.305654 -0.039930 0.875708 0.263602 -0.011911 0.920826 0.302502 0.038226 0.925499 0.329643 0.033426 0.901624 0.329395 -0.025748 0.872622 0.279188 -0.034255 0.894498 0.275634 0.016932 0.934067 -0.406008 -0.077924 0.182747 -0.397418 -0.026338 0.176069 -0.283044 -0.083577 0.231894 -0.229225 0.001478 0.230021 -0.271671 0.026213 0.213198 -0.338319 0.015807 0.192098 -0.234574 -0.044305 0.237567 -0.353198 -0.100796 0.208353 -0.112986 -0.000299 0.035217 -0.111704 -0.004745 0.035745 -0.114236 -0.002111 0.033006 -0.113509 -0.004483 0.033350 -0.111126 -0.003227 0.036771 -0.111817 -0.000959 0.036471 -0.112527 -0.005107 0.034606 -0.113841 -0.000738 0.033993 -0.238916 -0.037035 0.224976 -0.265474 -0.071538 0.214908 -0.328896 0.003020 0.171438 -0.363981 -0.037375 0.153856 -0.309048 -0.087778 0.190043 -0.285029 0.018016 0.196515 -0.247999 0.002506 0.216641 -0.354568 -0.079783 0.161932 -0.292929 -0.074787 0.260830 -0.395699 -0.041444 0.191820 -0.313099 0.017153 0.242918 -0.386417 -0.083529 0.199661 -0.262830 -0.039285 0.274757 -0.360230 -0.000470 0.212406 -0.340239 -0.092019 0.230117 -0.272224 0.001987 0.266203 -0.242069 0.042513 0.314186 -0.347839 -0.033056 0.321390 -0.340109 0.008006 0.310775 -0.250225 -0.047095 0.332378 -0.209445 0.019842 0.321841 -0.292713 0.037220 0.309076 -0.212901 -0.017639 0.329507 -0.307255 -0.055441 0.329141 -0.326710 0.014472 0.381440 -0.355715 0.089922 0.393899 -0.383525 0.010094 0.421383 -0.396353 0.044369 0.427638 -0.325588 0.079975 0.375455 -0.312598 0.046509 0.369913 -0.383343 0.076140 0.414144 -0.354936 0.000295 0.401300 -0.415621 0.081770 0.214111 -0.567838 -0.030992 0.209153 -0.595906 0.017279 0.206164 -0.478938 0.093480 0.213905 -0.392728 0.036115 0.213178 -0.492767 -0.038850 0.215154 -0.424419 -0.011167 0.216208 -0.553112 0.069519 0.209009 -0.332614 0.092570 0.004094 -0.329563 0.091284 0.006216 -0.330449 0.094678 0.006659 -0.329283 0.093132 0.007003 -0.330519 0.090733 0.005313 -0.331492 0.090961 0.004569 -0.332436 0.094351 0.004938 -0.331594 0.094904 0.005843 -0.584922 0.003219 0.211420 -0.436832 -0.008544 0.256534 -0.508882 0.077778 0.244925 -0.562361 0.051450 0.224303 -0.545116 -0.030933 0.220362 -0.486357 -0.031551 0.239851 -0.420601 0.036771 0.263601 -0.453711 0.073773 0.260273 -0.467495 0.073721 0.319488 -0.371977 0.002813 0.304222 -0.423897 -0.017640 0.315550 -0.349338 0.041884 0.297969 -0.413285 0.091614 0.309479 -0.479123 -0.009200 0.327616 -0.366655 0.080512 0.300785 -0.499734 0.032773 0.329691 -0.170878 -0.000579 0.103990 -0.186321 -0.038092 0.089138 -0.196280 0.000350 0.082208 -0.166043 -0.018732 0.106863 -0.199677 -0.032913 0.077899 -0.183556 0.005596 0.092878 -0.204625 -0.014429 0.074661 -0.173730 -0.033119 0.099482 -0.396050 0.093887 0.404313 -0.410008 0.141578 0.418976 -0.423124 0.089534 0.446554 -0.428963 0.109315 0.452712 -0.396397 0.135097 0.398976 -0.390639 0.115354 0.392937 -0.423520 0.130910 0.441269 -0.409481 0.083181 0.426487 -0.543140 0.135876 0.286748 -0.675221 0.047986 0.327132 -0.698133 0.082800 0.332147 -0.594752 0.145299 0.303119 -0.527302 0.105476 0.281968 -0.610419 0.044050 0.310844 -0.551832 0.068988 0.291811 -0.660414 0.124774 0.322388 -0.561527 0.151125 0.077498 -0.559567 0.150990 0.077755 -0.559687 0.151780 0.077872 -0.559302 0.151430 0.077867 -0.560329 0.150717 0.077599 -0.561141 0.150773 0.077493 -0.561259 0.151566 0.077611 -0.560497 0.151836 0.077766 -0.679627 0.074438 0.333141 -0.551720 0.071417 0.318595 -0.609320 0.131127 0.330427 -0.659519 0.107989 0.333395 -0.650916 0.052634 0.327339 -0.596347 0.052241 0.322128 -0.539046 0.102313 0.317891 -0.562185 0.128079 0.324259 -0.538500 0.128097 0.389498 -0.468567 0.082473 0.351708 -0.507211 0.065243 0.375623 -0.453336 0.110826 0.342003 -0.496708 0.143283 0.364941 -0.547659 0.070489 0.399961 -0.464018 0.135454 0.347130 -0.561488 0.097161 0.405730 -0.389239 0.041504 0.065675 -0.407118 0.043636 0.057295 -0.401297 0.092305 0.069677 -0.373742 0.050316 0.075116 -0.524134 0.024317 0.134791 -0.383126 0.089630 0.078707 -0.416966 0.082848 0.060187 -0.421666 0.061244 0.052608 -0.402700 0.050784 0.174540 -0.508618 0.065120 0.145339 -0.428135 0.081574 0.171095 -0.468588 0.086067 0.159643 -0.493080 -0.005303 0.142238 -0.448898 -0.006205 0.155888 -0.413549 0.012877 0.167704 -0.369163 0.071726 0.082443 -0.576540 0.123285 0.139376 -0.588311 0.123709 0.140837 -0.580366 0.144198 0.141377 -0.567123 0.128320 0.138907 -0.655338 0.093144 0.258605 -0.569877 0.143058 0.140407 -0.590852 0.138847 0.142448 -0.595048 0.129990 0.142323 -0.659968 0.111830 0.320344 -0.542313 0.105426 0.299593 -0.557348 0.115015 0.241236 -0.564701 0.131621 0.306527 -0.609918 0.135253 0.314573 -0.596178 0.053723 0.306714 -0.650765 0.053216 0.314423 -0.640431 0.120899 0.257289 -0.680867 0.075935 0.321602 -0.553842 0.073671 0.301188 -0.573641 0.134749 0.245869 -0.605375 0.137968 0.251853 -0.633047 0.075221 0.252843 -0.594379 0.075529 0.246226 -0.565321 0.090787 0.241920 -0.564209 0.136461 0.139522 -0.226919 0.007575 0.470515 -0.225588 0.069201 0.453416 -0.199837 0.008402 0.460818 -0.179086 0.025676 0.449648 -0.198135 0.069994 0.444152 -0.177446 0.052039 0.442350 -0.245854 0.052488 0.465465 -0.247338 0.025896 0.473644 0.383615 -0.142176 0.941871 0.327526 -0.163290 0.932479 0.347154 -0.155843 0.982886 0.288751 -0.154482 0.977567 0.379464 -0.120314 0.992756 0.320993 -0.127893 1.014894 0.338510 -0.150784 0.914863 0.371184 -0.138427 0.920237 0.359244 -0.156714 0.932604 0.389754 -0.122866 0.941988 0.304305 -0.155206 0.927961 0.389799 -0.131455 0.968041 0.387162 -0.110031 0.971834 0.337242 -0.164887 0.956386 0.370750 -0.152344 0.962215 0.281529 -0.150013 0.954485 0.303255 -0.164003 0.953455 0.368590 -0.139433 0.992275 0.314231 -0.159764 0.982763 0.279035 -0.137180 0.984359 0.364501 -0.104822 0.998409 0.333748 -0.143997 1.005024 0.353074 -0.123040 1.011008 0.299553 -0.143165 1.001974 0.297565 -0.121625 1.006091 0.330327 -0.109253 1.011507 0.399658 -0.066086 0.934424 0.331780 -0.110152 0.868220 0.248232 -0.098547 0.943087 0.319654 -0.054216 1.014263 0.376337 -0.052256 0.987093 0.382611 -0.089485 0.886359 0.276140 -0.113934 0.892402 0.264630 -0.074934 0.994330 0.319247 -0.097335 1.024413 0.269833 -0.119510 1.002111 0.258967 -0.141314 0.954164 0.290024 -0.150346 0.908172 0.348493 -0.142102 0.890481 0.394832 -0.122370 0.910779 0.407144 -0.101047 0.956418 0.377217 -0.089432 1.004308 0.348624 -0.036750 0.921443 0.290395 -0.047561 0.930364 0.300199 -0.036118 0.953542 0.321257 -0.027928 0.960418 0.342312 -0.028528 0.946169 0.340264 -0.047297 0.899922 0.319463 -0.055156 0.892995 0.299030 -0.055359 0.905613 0.367447 -0.111157 0.999508 0.390236 -0.118533 0.965136 0.382786 -0.133648 0.931460 0.348810 -0.149180 0.914913 0.306297 -0.155946 0.926203 0.281682 -0.149596 0.959488 0.288716 -0.133466 0.995975 0.324390 -0.117254 1.013168 "
							            />
							<Normal DEF="normals_ME_kani_body"
							        vector="0.351648 -0.903657 -0.244435 0.328511 -0.919774 0.214701 -0.351564 -0.903668 -0.244513 -0.329384 -0.920272 0.211201 0.839155 -0.105955 -0.533473 0.759473 0.391354 -0.519656 0.659083 -0.602754 0.449773 0.354032 -0.933837 0.051090 0.362122 -0.930283 -0.058660 0.027828 -0.935071 -0.353367 0.146451 -0.931771 -0.332197 -0.023831 -0.955163 0.295121 -0.127597 -0.951619 0.279536 -0.353970 -0.933859 0.051110 -0.362064 -0.930304 -0.058685 -0.680759 -0.577755 -0.450296 -0.834450 -0.048957 0.548905 -0.733559 0.472556 0.488449 0.680861 -0.577758 -0.450137 0.733697 0.472479 0.488315 0.833965 -0.050707 0.549482 -0.759339 0.391418 -0.519804 -0.839037 -0.105939 -0.533661 -0.661935 -0.601298 0.447530 -0.146402 -0.931768 -0.332228 -0.027820 -0.935070 -0.353371 0.128589 -0.950014 0.284497 0.025718 -0.954562 0.296902 0.080530 0.994765 0.062905 0.397491 0.873641 0.280627 0.081225 0.994588 -0.064789 0.418833 0.853666 -0.309568 -0.397355 0.873688 0.280676 -0.080490 0.994768 0.062912 -0.418698 0.853712 -0.309626 -0.081185 0.994591 -0.064796 0.803095 -0.585186 -0.112228 0.797645 -0.591823 0.116226 -0.013113 -0.998023 -0.061471 -0.012582 -0.998317 0.056606 -0.075280 -0.995607 -0.055675 -0.072803 -0.996043 0.050966 -0.984371 -0.100290 -0.144763 -0.984350 -0.083758 0.155049 -0.902408 0.403517 -0.151110 -0.891830 0.428871 0.143904 0.037772 0.910345 0.412122 0.194829 0.866427 0.459724 -0.099682 -0.070118 -0.992546 -0.446272 -0.093795 -0.889968 -0.067516 0.351047 -0.933920 -0.383967 0.364352 -0.848420 0.100504 0.029055 0.994512 0.441680 -0.005970 0.897153 0.063354 0.504680 0.860979 0.361508 0.497581 0.788496 0.075252 -0.591202 0.803005 0.330654 -0.593649 0.733654 -0.077589 -0.547572 -0.833153 -0.345863 -0.558271 -0.754130 -0.803065 -0.585214 -0.112297 -0.797613 -0.591852 0.116296 0.902473 0.403399 -0.151038 0.891900 0.428747 0.143841 0.984381 -0.100316 -0.144676 0.984361 -0.083793 0.154957 0.345990 -0.558293 -0.754056 0.077620 -0.547580 -0.833145 -0.331879 -0.594159 0.732688 -0.072724 -0.590955 0.803419 -0.441925 -0.001533 0.897051 -0.099454 0.032286 0.994518 -0.361381 0.497597 0.788544 -0.063331 0.504678 0.860981 0.446439 -0.093805 -0.889883 0.099726 -0.070121 -0.992541 0.384095 0.364343 -0.848366 0.067540 0.351051 -0.933917 -0.194738 0.866443 0.459733 -0.037757 0.910347 0.412121 0.075308 -0.995605 -0.055672 0.072831 -0.996041 0.050963 0.013118 -0.998023 -0.061471 0.012586 -0.998317 0.056606 0.167445 0.985881 -0.000722 0.523368 0.847670 0.086840 0.530406 0.842239 -0.096450 0.040627 0.880024 -0.473188 0.209273 0.829531 -0.517768 -0.530273 0.842320 -0.096474 -0.523232 0.847752 0.086861 -0.167383 0.985892 -0.000722 -0.040610 0.880026 -0.473186 -0.209177 0.829547 -0.517780 -0.587472 0.699459 -0.406981 -0.780101 -0.315172 -0.540472 -0.132783 -0.986847 -0.092207 0.631102 -0.641771 0.435707 0.789472 0.282279 0.545025 0.224668 0.962035 0.154959 -0.360131 0.000001 0.932902 0.135081 0.989098 0.058638 -0.706456 0.643463 -0.294746 -0.883315 -0.284252 -0.372767 -0.258958 -0.960368 -0.103118 0.651323 -0.712389 0.261305 0.879577 0.324474 0.347938 0.232235 0.970938 0.057847 -0.716343 0.676868 -0.169419 -0.927684 -0.301048 -0.220845 -0.195226 -0.979792 -0.043523 0.733327 -0.657545 0.172819 0.931944 0.290581 0.216894 0.261656 0.957997 0.117381 -0.590748 0.715235 -0.373438 -0.805904 -0.326384 -0.493956 -0.106370 -0.989573 -0.097111 0.677346 -0.639328 0.363954 0.840847 0.281929 0.462052 0.168685 0.981968 0.085353 -0.561521 0.654608 -0.506144 -0.718671 -0.289819 -0.632074 -0.168071 -0.967621 -0.188312 0.587222 -0.687904 0.426566 0.762060 0.308630 0.569220 0.047306 0.949770 0.309353 -0.744112 0.648819 -0.159157 -0.920610 -0.289140 -0.262440 -0.312504 -0.945135 0.095185 0.486328 -0.659613 0.573058 0.668146 0.295256 0.682938 -0.432691 -0.648744 0.626027 -0.751403 0.450337 0.482276 -0.883525 -0.201525 0.422814 0.140000 -0.443143 0.885451 0.267189 0.197382 0.943213 -0.171949 0.645717 0.743965 -0.270977 0.908891 0.316998 -0.201259 -0.336417 0.919956 -0.246693 0.308626 -0.918636 -0.171640 -0.928269 -0.329935 -0.994228 -0.100731 0.036930 -0.241170 0.413933 0.877779 -0.173312 -0.892825 0.415725 -0.200622 -0.428289 -0.881090 -0.274192 0.861368 -0.427627 -0.802967 0.134477 -0.580654 -0.712652 -0.291112 0.638263 -0.707184 -0.680496 -0.191874 -0.809589 0.535333 0.240799 -0.727447 0.613994 -0.306319 -0.570003 -0.745386 0.345684 -0.642466 -0.389340 -0.660039 -0.654206 0.264860 0.708424 0.196744 0.904152 0.379212 0.097156 -0.327415 0.939872 0.376771 0.328787 -0.865992 0.298545 -0.916019 -0.267917 0.104678 0.388906 0.915311 0.173464 -0.864771 0.471255 0.377395 -0.405002 -0.832794 0.306173 0.871558 -0.382942 -0.239528 0.901533 0.360367 -0.170351 -0.361162 0.916811 -0.314548 0.343570 -0.884884 -0.234397 -0.907820 -0.347736 -0.982977 -0.084185 0.163309 -0.192322 0.388359 0.901215 -0.190160 -0.898633 0.395345 -0.283939 -0.389380 -0.876220 -0.292304 0.877185 -0.380926 -0.867282 0.167163 -0.468913 -0.631012 -0.297996 0.716256 -0.740465 -0.661558 -0.118546 -0.760090 0.542073 0.358358 -0.746567 0.636602 -0.193327 -0.537300 -0.745338 0.394689 -0.729257 -0.356823 -0.583834 -0.552473 0.254226 0.793816 0.296400 0.882886 0.364224 0.426789 -0.313141 0.848407 -0.021935 0.349558 -0.936658 0.177840 -0.907793 -0.379848 0.416069 0.315632 0.852798 0.347112 -0.854299 0.386892 0.014955 -0.384015 -0.923206 0.081639 0.892815 -0.442964 -0.015988 0.921170 -0.388832 -0.049590 0.367690 -0.928625 -0.049306 -0.414165 -0.908865 -0.005128 -0.943590 -0.331076 0.053598 -0.903297 0.425654 0.089753 -0.359276 0.928905 0.088113 0.376951 0.922032 0.040924 0.918980 0.392175 -0.044921 0.914006 -0.403206 0.025490 0.913127 -0.406877 0.078467 0.901246 -0.426145 -0.104900 -0.406206 -0.907741 -0.060361 -0.407585 -0.911170 -0.006006 -0.390981 -0.920379 0.161125 -0.898790 0.407696 0.312690 -0.860732 0.401702 0.393106 -0.836375 0.382026 0.223706 0.374175 0.899972 0.395337 0.340369 0.853146 0.465918 0.322446 0.823983 -0.043173 0.364599 -0.930163 -0.092002 0.365980 -0.926064 -0.127843 0.360525 -0.923947 0.179820 -0.910818 -0.371585 0.115912 -0.930424 -0.347671 0.016019 -0.936121 -0.351313 0.499580 -0.320155 0.804936 0.399345 -0.326621 0.856646 0.242808 -0.347701 0.905620 0.311742 0.892280 0.326579 0.223797 0.902772 0.367311 0.104018 0.921781 0.373496 0.119282 0.891763 -0.436498 0.258838 0.872000 -0.415473 0.316138 0.335608 -0.887369 0.155207 0.335858 -0.929037 0.169339 -0.411304 -0.895630 0.322889 -0.387790 -0.863343 0.263750 -0.911583 -0.315360 0.142060 -0.932058 -0.333297 0.096527 -0.896118 0.433193 0.167464 -0.880925 0.442637 0.105751 -0.323729 0.940221 0.061277 -0.333480 0.940764 0.053376 0.430353 0.901081 0.107898 0.418052 0.901993 0.177612 0.926696 0.331191 0.077285 0.942871 0.324070 0.646599 -0.601361 0.469334 -0.522932 -0.850841 -0.051101 -0.589401 0.807662 -0.017008 0.560264 0.826344 0.057096 0.650792 -0.758873 0.024121 -0.454129 -0.666054 -0.591726 -0.590545 0.623129 0.512804 0.734240 -0.555791 -0.389856 0.670527 0.638646 -0.377525 -0.411966 0.002534 -0.911196 -0.543313 -0.040799 0.838539 0.791345 0.040571 -0.610022 0.576489 0.641126 0.506575 -0.503914 0.655571 -0.562404 -0.539028 -0.686913 0.487442 0.657909 0.008788 0.753046 0.488127 0.712275 -0.504378 0.439827 -0.699921 0.562729 0.563407 -0.644860 -0.516457 0.361180 0.931770 0.036795 0.604573 0.036632 -0.795707 0.418126 -0.006910 0.908363 0.470206 -0.882556 0.001533 0.357001 0.710985 0.605847 -0.782443 0.611349 -0.118469 -0.653819 0.749485 -0.103887 -0.789434 -0.403101 -0.462930 -0.684404 -0.548192 -0.480705 -0.459316 0.277292 0.843883 0.730945 0.682335 -0.011727 -0.461903 -0.734415 0.497273 0.704187 -0.596486 -0.385131 0.049922 0.288797 -0.956088 -0.642527 0.766263 -0.000817 -0.690506 -0.618305 -0.375367 0.689632 -0.723831 0.021830 0.717476 0.566386 0.405506 -0.838955 0.180633 -0.513348 -0.948838 0.110114 -0.295940 -0.537591 -0.457885 -0.708052 -0.604833 -0.793578 -0.066420 0.009494 -0.851421 -0.524397 -0.078752 -0.869532 0.487558 -0.366544 -0.302434 0.879875 0.985588 0.033395 -0.165832 -0.070880 0.395213 0.915851 -0.597966 0.674541 0.432933 0.056562 0.998309 0.013447 -0.470504 -0.593098 -0.653346 0.464315 -0.822593 0.328256 0.484988 0.463309 0.741708 0.502188 0.641609 -0.579780 -0.426116 -0.206115 -0.880876 0.489266 -0.226378 -0.842242 -0.409322 0.675093 -0.613763 -0.528627 0.798553 -0.287865 -0.428936 0.876937 -0.216785 -0.970648 0.082738 -0.225827 0.018607 -0.953138 -0.301962 0.939157 -0.116257 0.323215 0.083853 0.965333 0.247185 0.049409 0.913241 -0.404413 0.024091 -0.535351 -0.844286 0.787840 0.167750 -0.592595 -0.725486 0.212501 -0.654609 -0.295374 0.868460 0.398161 0.027098 -0.324381 0.945538 -0.309110 -0.928671 -0.204990 -0.618591 0.251002 -0.744542 -0.700917 0.220357 -0.678349 0.030385 -0.966351 -0.255428 0.631213 -0.250580 0.734016 0.063092 0.938755 0.338760 -0.719343 0.684825 0.116450 -0.612352 0.790566 -0.005545 -0.900864 -0.364236 0.236171 -0.824798 -0.525855 0.207810 0.113010 0.611949 0.782782 0.564863 0.483738 -0.668526 -0.066258 -0.436100 0.897456 0.357876 -0.810816 -0.463144 -0.730322 -0.633529 -0.255483 0.500731 -0.737532 0.453117 0.737220 0.615065 0.279647 -0.482707 0.764899 -0.426525 -0.524837 -0.040547 -0.850237 -0.540782 0.836548 0.087991 -0.761250 -0.549175 0.344827 0.588961 -0.803987 -0.082037 0.805417 0.518598 -0.286984 -0.985013 0.172160 0.010473 -0.948793 0.195196 0.248376 -0.837773 -0.539884 -0.081612 -0.509857 -0.639328 0.575591 -0.279107 -0.955683 -0.093646 0.225161 -0.637610 0.736720 0.223737 0.066265 0.972394 0.696932 -0.214428 -0.684329 0.449875 0.669672 0.590890 -0.249302 0.879784 0.404757 0.026305 0.917049 -0.397907 -0.776414 -0.625532 0.076757 0.594436 -0.762495 0.255434 0.824701 0.561835 0.064891 -0.863809 0.093950 -0.494983 -0.154699 -0.978616 0.135566 0.855718 -0.088738 0.509777 0.183821 0.976737 -0.110431 0.052798 0.315982 -0.947295 -0.854846 -0.383219 -0.349829 -0.089267 -0.569776 -0.816938 -0.707262 0.515564 -0.483708 -0.610086 0.756832 -0.234522 -0.545838 0.823422 -0.155038 -0.915747 0.198481 0.349304 -0.141792 -0.980972 0.132622 0.956532 -0.190824 -0.220528 0.183943 0.962092 -0.201356 -0.218929 0.712107 -0.667063 -0.460152 -0.766037 -0.448829 0.288767 -0.184290 -0.939495 -0.976122 0.135202 -0.170017 -0.032760 0.989314 0.142073 0.560925 -0.006093 0.827845 -0.349357 -0.866132 0.357441 -0.933808 0.130175 -0.333252 -0.987181 0.149364 -0.056249 -0.117769 -0.979020 0.166282 0.963151 -0.139143 0.230171 0.202223 0.971241 -0.125683 -0.772519 0.632872 -0.051835 -0.641779 0.759980 -0.102711 -0.892772 -0.428012 -0.140585 -0.799406 -0.581562 -0.150783 -0.211192 0.489280 0.846170 0.715529 0.602020 -0.354385 -0.327714 -0.569756 0.753646 0.562899 -0.720748 -0.404558 -0.544146 -0.613266 -0.572547 0.379924 -0.779489 0.498051 0.543700 0.591333 0.595580 -0.374472 0.803275 -0.463164 -0.201213 0.070594 -0.977000 -0.603009 0.797634 -0.012648 -0.778629 -0.626553 -0.034194 0.654902 -0.755640 0.010609 0.811564 0.580348 0.067534 -0.941585 0.133127 -0.309345 -0.990860 0.120361 -0.060906 -0.711168 -0.550851 -0.436810 -0.617265 -0.737378 0.274332 -0.148990 -0.942426 -0.299392 0.017072 -0.733862 0.679084 -0.124478 -0.074587 0.989415 0.905939 -0.083378 -0.415118 0.164393 0.587589 0.792284 -0.446140 0.798386 0.404399 0.079235 0.969703 -0.231080 -0.685860 -0.657657 -0.311582 0.546711 -0.770876 0.326889 0.712229 0.574592 0.403204 -0.651242 0.137211 -0.746362 -0.106481 -0.992773 -0.055348 0.637658 -0.134586 0.758471 0.125547 0.988104 0.088821 0.342518 0.458370 -0.820109 -0.650229 -0.356065 -0.671133 0.241560 -0.441817 -0.863971 -0.544020 0.557676 -0.626929 -0.557757 0.761349 -0.330537 -0.516327 0.817711 -0.254469 -0.993720 0.110629 0.016798 -0.082938 -0.994131 -0.069455 0.988689 -0.119666 0.090405 0.167274 0.985850 -0.010956 -0.041095 0.797318 -0.602158 -0.213691 -0.705107 -0.676137 0.604258 -0.028690 -0.796272 -0.869331 0.124426 -0.478311 -0.163877 0.954328 0.249805 0.246616 -0.111955 0.962625 -0.373613 -0.922421 0.097743 -0.773867 0.145831 -0.616330 -0.906067 0.120952 -0.405478 -0.069727 -0.996829 -0.038335 0.845950 -0.137875 0.515131 0.160073 0.985366 0.058571 -0.679347 -0.518887 -0.518887 -0.679347 0.518887 -0.518887 0.810142 -0.413311 -0.415746 0.810141 0.413311 -0.415746 0.130460 -0.626444 0.768471 0.326107 -0.529962 0.782812 -0.782733 -0.000000 -0.622358 -0.666287 -0.529772 0.524790 -0.666287 0.529771 0.524790 -0.427411 0.639266 -0.639265 0.862981 -0.000001 -0.505237 0.508246 -0.608538 -0.609399 0.508581 0.609138 -0.608520 -0.427411 -0.639265 -0.639265 0.835714 0.382175 0.394366 0.835714 -0.382175 0.394366 0.903932 -0.000001 0.427676 -0.873717 -0.000000 0.486434 0.050767 0.756784 0.651690 -0.347973 -0.755391 0.555247 0.503862 -0.000000 -0.863784 0.045065 -0.756716 0.652189 0.130460 0.626445 0.768471 -0.347972 0.755392 0.555247 -0.418394 0.000000 -0.908266 0.321679 0.524085 0.788579 0.239568 -0.686305 -0.686726 0.239770 0.686864 -0.686097 0.178506 0.732587 0.656850 0.234702 -0.000000 -0.972067 0.182261 -0.730336 0.658324 0.040266 -0.706549 -0.706518 0.040266 0.706549 -0.706518 0.039324 0.000000 -0.999227 0.235010 0.782863 0.576105 0.235010 -0.782862 0.576105 -0.130268 -0.701081 -0.701081 -0.130268 0.701081 -0.701081 -0.127171 0.000000 -0.991881 -0.106112 0.827632 0.551149 -0.106112 -0.827632 0.551149 -0.264401 0.681943 -0.681943 -0.264401 -0.681943 -0.681943 -0.213423 -0.798549 0.562824 -0.213423 0.798549 0.562824 -0.258201 0.000000 -0.966091 -0.679346 -0.518888 0.518888 -0.679346 0.518888 0.518888 0.802134 -0.416850 0.427572 0.799997 0.415993 0.432382 0.137978 0.690761 0.709796 0.137986 -0.690799 0.709758 -0.216650 -0.690312 0.690313 -0.216649 0.690313 0.690313 -0.666287 -0.529771 -0.524789 -0.782732 0.000000 0.622359 -0.666287 0.529772 -0.524789 0.446112 0.622170 0.643341 0.862691 -0.000000 0.505732 -0.427316 -0.639297 0.639297 -0.043347 0.701800 0.711054 0.447831 -0.623481 0.640874 0.136471 -0.000000 0.990644 -0.037082 -0.724509 -0.688267 -0.036792 0.724449 -0.688346 -0.043347 -0.701800 0.711054 -0.427316 0.639297 0.639297 -0.176800 0.816015 -0.550328 -0.211750 0.000000 0.977324 -0.176800 -0.816015 -0.550328 -0.873717 0.000000 -0.486434 0.203457 0.683305 -0.701213 0.616446 -0.000000 -0.787397 -0.348110 -0.755508 -0.555002 -0.418477 0.000000 0.908227 0.448920 -0.000000 0.893572 0.192658 -0.690665 -0.697040 0.380106 0.743509 -0.550194 -0.348110 0.755508 -0.555002 -0.042346 -0.000000 0.999103 0.380106 -0.743509 -0.550194 0.009254 -0.702667 -0.711459 0.009254 0.702666 -0.711460 0.290132 -0.619674 -0.729265 0.276561 0.627112 -0.728179 0.280249 0.588179 -0.758621 0.766677 -0.418786 -0.486646 0.775061 0.424650 -0.467924 0.280132 -0.587908 -0.758875 0.024624 0.574223 -0.818328 0.097970 0.582170 -0.807143 0.024624 -0.574224 -0.818328 0.097970 -0.582170 -0.807143 -0.646598 0.601362 0.469335 0.522932 0.850841 -0.051101 0.589400 -0.807662 -0.017008 -0.560264 -0.826344 0.057097 -0.650792 0.758873 0.024121 0.454129 0.666054 -0.591726 0.590545 -0.623129 0.512804 -0.734240 0.555792 -0.389855 -0.670527 -0.638646 -0.377525 0.411967 -0.002534 -0.911195 0.543312 0.040799 0.838539 -0.791346 -0.040571 -0.610021 -0.576490 -0.641126 0.506574 0.503914 -0.655571 -0.562403 0.539028 0.686913 0.487442 -0.657909 -0.008788 0.753046 -0.488127 -0.712275 -0.504377 -0.439827 0.699921 0.562729 -0.563407 0.644860 -0.516456 -0.361181 -0.931770 0.036795 -0.604573 -0.036632 -0.795707 -0.418125 0.006911 0.908363 -0.470206 0.882555 0.001533 -0.357002 -0.710985 0.605847 0.112016 0.819267 -0.562364 0.537369 0.313960 -0.782728 0.510938 -0.305954 -0.803327 0.045547 -0.801235 -0.596614 -0.583369 -0.780003 -0.226441 -0.954051 -0.298590 0.025092 -0.949053 0.310150 0.055728 -0.561794 0.808340 -0.175997 0.278713 0.899978 -0.335200 0.701922 0.329253 -0.631583 0.639830 -0.374261 -0.671227 0.126956 -0.900218 -0.416522 -0.509039 -0.860707 -0.007917 -0.897822 -0.345020 0.273635 0.878311 0.268484 -0.395582 -0.877810 0.352007 0.324870 -0.423108 0.900899 0.096755 -0.517552 0.097862 0.850037 -0.478939 -0.867101 0.136943 -0.083313 0.873065 0.480434 0.576863 0.816715 0.014338 0.708589 -0.401927 -0.579962 -0.780844 -0.333271 0.528406 0.119405 -0.926744 -0.356212 -0.629806 0.379669 0.677639 -0.626978 -0.731758 -0.267259 0.694483 -0.407024 -0.593317 0.829631 0.414844 0.373655 0.226424 0.487570 0.843212 -0.828788 -0.444188 0.340305 -0.015375 -0.750479 -0.660716 0.984851 0.061266 -0.162218 0.950064 0.135344 -0.281176 -0.015850 -0.832309 -0.554085 -0.748496 -0.380838 0.542877 0.190701 0.665488 0.721636 0.775786 0.586470 0.232829 0.667763 -0.414246 -0.618460 -0.583395 -0.810487 -0.052550 -0.447142 0.253515 0.857784 -0.710114 -0.468380 -0.525698 -0.627276 0.332091 -0.704443 0.428709 -0.808885 -0.402386 0.762054 0.207136 -0.613489 0.304992 0.623729 -0.719682 -0.126579 0.652852 -0.746834 0.735409 -0.470775 -0.487386 -0.047822 -0.928402 -0.368487 0.058552 0.997830 -0.030110 0.573308 -0.793368 0.204657 -0.431800 0.181558 -0.883507 -0.182305 -0.630044 -0.754857 0.793665 -0.164242 0.585764 0.549097 0.686339 0.476898 0.227847 -0.938392 -0.259819 -0.291684 0.804741 -0.517022 0.862576 -0.213329 0.458752 0.516606 -0.835934 0.185289 -0.384681 0.832340 -0.399038 -0.634756 0.214970 -0.742208 0.151037 -0.979649 -0.132197 0.022038 0.999192 -0.033596 0.613293 0.702929 0.360227 -0.364723 -0.708740 -0.603875 0.491850 -0.841756 0.222552 -0.765644 0.195805 -0.612739 0.009387 0.999781 0.018689 -0.474221 -0.742378 -0.473275 0.871932 -0.242663 0.425263 -0.451859 0.844970 -0.286091 0.097331 -0.994681 -0.033696 0.656397 0.673919 0.339081 0.261187 0.931251 -0.254071 -0.813576 -0.269069 0.515456 -0.785230 0.566066 0.250965 0.388943 -0.894885 0.218871 0.889880 0.342473 -0.301373 -0.341509 0.939056 -0.039318 0.864969 -0.498116 -0.060901 -0.210273 -0.864601 0.456344 0.608876 -0.754093 -0.246200 -0.030038 0.998349 0.048955 -0.390769 -0.742527 0.544015 -0.695517 0.122388 0.708010 0.573840 0.756352 -0.314069 0.888111 -0.064195 -0.455125 -0.464613 0.789037 0.401939 0.151033 -0.983889 0.095668 0.370893 0.596127 -0.712089 -0.577876 -0.706200 -0.409072 -0.921095 0.051135 -0.385965 -0.093571 0.787111 -0.609673 0.630469 -0.067018 -0.773316 0.057850 -0.818443 -0.571668 0.406072 -0.592371 -0.695847 -0.530434 0.683167 -0.501919 -0.466436 -0.041912 -0.883561 0.786102 -0.600334 0.147114 0.400190 0.846162 0.351935 0.852024 0.163710 0.497246 0.380831 -0.862597 -0.333008 -0.066984 -0.692442 -0.718358 -0.460617 0.686897 -0.562142 -0.116913 0.989329 -0.086941 -0.762166 -0.158143 -0.627769 0.738534 -0.673430 0.032538 -0.205966 0.978488 -0.011816 -0.650741 0.682572 -0.332613 -0.253054 -0.854320 -0.453984 0.254886 -0.949480 -0.183086 0.958949 0.163286 0.231851 0.412567 0.889335 0.197160 -0.487986 0.783277 0.385158 0.603799 -0.760879 -0.237677 0.132985 -0.984708 0.112543 0.887650 -0.063024 -0.456187 -0.042758 0.997672 0.053120 -0.439318 -0.727745 0.526675 0.567743 0.761848 -0.311857 -0.748579 0.116669 0.652701 0.574605 0.695062 0.432108 0.219287 -0.945965 -0.238880 -0.300474 0.809835 -0.503868 0.822211 -0.180870 0.539680 -0.187468 -0.652192 -0.734507 0.057676 0.997091 -0.049821 -0.448540 0.199356 -0.871246 0.561338 -0.808064 0.178697 0.453375 -0.760598 -0.464695 -0.012352 0.997963 0.062582 -0.129251 -0.755460 0.642319 -0.348885 0.134585 0.927451 0.394119 0.762379 -0.513272 0.629045 -0.073502 -0.773886 -0.259171 0.797410 0.544947 0.180564 -0.983420 0.016783 0.087251 0.596171 -0.798103 -0.650295 -0.737531 -0.182110 -0.998457 0.042192 -0.036104 -0.283961 0.784808 -0.550856 0.316609 -0.073861 -0.945676 -0.114588 -0.816343 -0.566087 0.130026 -0.590387 -0.796578 -0.639812 0.711136 -0.291422 -0.876643 -0.067377 -0.476400 0.760090 -0.634368 -0.140855 0.471042 0.859872 0.196823 0.975498 0.183900 0.120763 0.209222 -0.913229 -0.349625 -0.357205 -0.793628 -0.492504 -0.663909 0.730465 -0.160142 -0.146852 0.986397 0.073862 -0.974466 -0.208642 0.082975 0.697555 -0.695808 -0.171076 -0.163091 0.955899 0.244250 -0.674955 0.705032 0.217639 -0.349639 -0.935072 -0.058258 0.183649 -0.977879 -0.100133 0.982478 0.144296 -0.117967 0.470158 0.875423 0.112186 -0.287232 0.787937 0.544659 0.453257 -0.765259 -0.457096 0.171063 -0.984342 0.042512 0.628992 -0.069445 -0.774304 -0.021265 0.997275 0.070641 -0.182893 -0.733953 0.654112 0.391423 0.766097 -0.509788 -0.423953 0.120121 0.897683 0.331590 -0.886676 -0.322264 -0.122120 -0.736633 -0.665176 -0.158410 0.982900 -0.093881 0.767149 -0.635202 0.089449 -0.700975 -0.126440 -0.701888 0.385742 0.872647 0.299482 -0.520174 0.677059 -0.520585 -0.546677 -0.074658 -0.834009 0.935714 0.177243 0.304999 -0.602352 0.694360 -0.393747 0.401840 0.885901 0.231740 -0.188537 0.981176 -0.041801 -0.197130 -0.828507 -0.524133 0.283861 -0.929999 -0.233507 0.753224 -0.656080 0.047046 0.885031 0.167545 0.434336 0.172840 -0.911714 -0.372699 -0.374743 -0.784848 -0.493540 -0.181917 0.982689 0.035055 0.732712 -0.649753 -0.202370 -0.898220 -0.110329 -0.425473 0.465093 0.873823 0.141855 -0.692742 0.696436 -0.187311 -0.872020 -0.093358 -0.480485 -0.684297 0.727427 0.050872 0.969693 0.182987 -0.161896 0.975944 0.183715 -0.117401 0.454167 0.889594 0.048532 -0.168334 0.976879 0.131800 0.182901 -0.957997 -0.220883 -0.355893 -0.904294 -0.235780 -0.688114 0.709624 -0.151436 -0.976349 -0.171913 -0.131107 0.697917 -0.672837 -0.245359 0.454081 0.890353 0.032908 -0.187896 0.982103 0.012956 -0.361989 -0.818526 -0.446071 0.163140 -0.917813 -0.361946 0.698970 -0.653391 -0.290725 0.984445 0.170078 0.044060 -0.172617 -0.857588 0.484505 -0.318784 0.946204 -0.055451 0.414679 -0.882857 0.220463 0.877211 -0.473467 -0.079563 0.278438 0.916568 -0.287010 0.879888 0.344463 -0.327326 -0.750175 0.597344 0.283579 -0.768371 -0.240365 0.593153 0.785338 -0.570746 -0.239777 -0.015643 -0.931230 -0.364096 0.266674 -0.873730 0.406794 -0.560911 -0.771020 0.301506 0.768023 0.021572 0.640059 -0.114091 -0.144033 0.982974 0.148859 -0.797867 -0.584165 0.585620 -0.598888 -0.546244 0.390936 -0.855558 -0.339397 0.960704 -0.190532 -0.201856 -0.311378 -0.861050 -0.402040 0.921379 -0.320793 0.219437 0.936688 0.178952 0.300984 0.154052 -0.985645 0.069085 0.528956 -0.833451 0.159893 -0.629562 -0.775323 -0.050262 -0.305237 -0.950082 -0.064603 0.542559 -0.600487 0.587405 -0.082493 -0.913620 0.398112 -0.729575 -0.478235 0.488888 0.526753 0.354974 0.772350 0.130172 -0.662943 0.737267 0.363063 -0.068939 0.929211 -0.403969 -0.538472 0.739498 -0.477989 -0.099500 0.872712 0.047654 0.253442 0.966176 0.848477 0.506425 -0.153688 -0.028683 -0.094260 -0.995134 -0.978223 0.135355 -0.157348 -0.083169 0.617026 0.782535 0.588827 0.649232 0.481435 0.615006 0.183964 -0.766762 -0.667091 -0.094291 -0.738985 -0.764594 0.409173 0.497969 -0.012884 -0.086605 0.996159 -0.625155 -0.341388 0.701880 -0.774483 -0.628817 0.069025 -0.405816 -0.783889 -0.469927 0.233667 -0.732025 -0.639953 0.795946 -0.467911 -0.384096 0.967160 -0.158556 0.198648 0.638507 -0.009124 0.769562 0.835340 0.513673 -0.195824 -0.991651 0.125356 -0.030232 -0.687398 0.513523 0.513593 -0.010144 0.753401 0.657484 0.602745 0.724816 0.333678 0.645371 0.179766 -0.742415 -0.052274 -0.165744 -0.984782 -0.747152 -0.164592 -0.643952 0.436231 -0.646045 0.626361 0.581835 -0.718158 0.381730 0.508405 -0.853973 0.110695 0.272721 -0.961844 -0.021913 0.024425 -0.999218 0.031079 -0.144487 -0.951828 0.270458 -0.092068 -0.813387 0.574391 0.161346 -0.683245 0.712141 "
							        />
							<TextureCoordinate point="0.4011 0.1736 0.4220 0.1503 0.4423 0.1587 0.4162 0.1901 0.4010 0.1225 0.3991 0.0882 0.4248 0.0834 0.4274 0.1306 0.4461 0.0774 0.4492 0.1343 0.4274 0.1306 0.4248 0.0834 0.4174 0.0645 0.4248 0.0834 0.3991 0.0882 0.3976 0.0767 0.4220 0.1503 0.4008 0.1347 0.4010 0.1225 0.4274 0.1306 0.2282 0.0897 0.2298 0.1333 0.2137 0.1326 0.2124 0.0918 0.3821 0.1441 0.4011 0.1736 0.3837 0.1813 0.3662 0.1475 0.1907 0.1310 0.1898 0.0967 0.2124 0.0918 0.2137 0.1326 0.4713 0.0907 0.4731 0.0851 0.4844 0.0845 0.4854 0.0903 0.2114 0.1510 0.1919 0.1432 0.1907 0.1310 0.2137 0.1326 0.2298 0.1333 0.2275 0.1531 0.2114 0.1510 0.2137 0.1326 0.2089 0.0753 0.2124 0.0918 0.1898 0.0967 0.1904 0.0851 0.1697 0.0745 0.1638 0.0940 0.1422 0.0897 0.1499 0.0656 0.2245 0.0718 0.2282 0.0897 0.2124 0.0918 0.2089 0.0753 0.4653 0.0888 0.4684 0.0837 0.4731 0.0851 0.4713 0.0907 0.4492 0.1343 0.4423 0.1587 0.4220 0.1503 0.4274 0.1306 0.1907 0.1310 0.1651 0.1412 0.1638 0.0940 0.1898 0.0967 0.1638 0.0940 0.1651 0.1412 0.1437 0.1467 0.1422 0.0897 0.4913 0.0879 0.4854 0.0903 0.4844 0.0845 0.4889 0.0827 0.4844 0.0845 0.4829 0.0798 0.4863 0.0783 0.4889 0.0827 0.4940 0.0772 0.4903 0.0743 0.4909 0.0707 0.4957 0.0729 0.4603 0.0278 0.4655 0.0223 0.4688 0.0266 0.4647 0.0308 0.4736 0.0325 0.4642 0.0344 0.4647 0.0308 0.4688 0.0266 0.4803 0.0248 0.4767 0.0299 0.4723 0.0251 0.5013 0.0755 0.4957 0.0729 0.4937 0.0305 0.4991 0.0274 0.4988 0.0809 0.4940 0.0772 0.4957 0.0729 0.5013 0.0755 0.4988 0.0809 0.4913 0.0879 0.4889 0.0827 0.4940 0.0772 0.1970 0.0249 0.3862 0.0173 0.3767 0.0374 0.2081 0.0442 0.4889 0.0827 0.4863 0.0783 0.4903 0.0743 0.4940 0.0772 0.2081 0.0442 0.1909 0.0518 0.1763 0.0355 0.1970 0.0249 0.4588 0.0322 0.4603 0.0278 0.4647 0.0308 0.4642 0.0344 0.4552 0.0247 0.4603 0.0278 0.4588 0.0322 0.4529 0.0299 0.4552 0.0247 0.4620 0.0176 0.4655 0.0223 0.4603 0.0278 0.3952 0.2010 0.2029 0.2088 0.2128 0.1883 0.3837 0.1813 0.3837 0.1813 0.4011 0.1736 0.4162 0.1901 0.3952 0.2010 0.2089 0.0753 0.1909 0.0518 0.2081 0.0442 0.2245 0.0718 0.4220 0.1503 0.4011 0.1736 0.3821 0.1441 0.4008 0.1347 0.1697 0.0745 0.1909 0.0518 0.2089 0.0753 0.1904 0.0851 0.3625 0.0662 0.3767 0.0374 0.3944 0.0435 0.3784 0.0684 0.1919 0.1432 0.1720 0.1605 0.1651 0.1412 0.1907 0.1310 0.1898 0.0967 0.1638 0.0940 0.1697 0.0745 0.1904 0.0851 0.4700 0.0205 0.4677 0.0150 0.4818 0.0142 0.4813 0.0200 0.4655 0.0223 0.4620 0.0176 0.4677 0.0150 0.4700 0.0205 0.4700 0.0205 0.4723 0.0251 0.4688 0.0266 0.4655 0.0223 0.4684 0.0837 0.4713 0.0792 0.4749 0.0803 0.4731 0.0851 0.4860 0.0214 0.4813 0.0200 0.4818 0.0142 0.4879 0.0160 0.3763 0.0852 0.3782 0.1260 0.3623 0.1280 0.3603 0.0843 0.2245 0.0718 0.2081 0.0442 0.3767 0.0374 0.3625 0.0662 0.1651 0.1412 0.1720 0.1605 0.1525 0.1704 0.1437 0.1467 0.3784 0.0684 0.3944 0.0435 0.4174 0.0645 0.3976 0.0767 0.3944 0.0435 0.4077 0.0261 0.4364 0.0540 0.4174 0.0645 0.2275 0.1531 0.2128 0.1883 0.1948 0.1820 0.2114 0.1510 0.7330 0.7465 0.7645 0.7340 0.7848 0.7505 0.7529 0.7895 0.3662 0.1475 0.3837 0.1813 0.2128 0.1883 0.2275 0.1531 0.3767 0.0374 0.3862 0.0173 0.4077 0.0261 0.3944 0.0435 0.2114 0.1510 0.1948 0.1820 0.1720 0.1605 0.1919 0.1432 0.1948 0.1820 0.1811 0.1996 0.1525 0.1704 0.1720 0.1605 0.1909 0.0518 0.1697 0.0745 0.1499 0.0656 0.1763 0.0355 0.4653 0.0888 0.4579 0.0823 0.4627 0.0787 0.4684 0.0837 0.4551 0.0773 0.4607 0.0745 0.4627 0.0787 0.4579 0.0823 0.4627 0.0787 0.4668 0.0754 0.4713 0.0792 0.4684 0.0837 0.4642 0.0344 0.4660 0.0718 0.4607 0.0745 0.4588 0.0322 0.4607 0.0745 0.4660 0.0718 0.4668 0.0754 0.4627 0.0787 0.4879 0.0160 0.4960 0.0223 0.4916 0.0263 0.4860 0.0214 0.4991 0.0274 0.4937 0.0305 0.4916 0.0263 0.4960 0.0223 0.4916 0.0263 0.4882 0.0296 0.4839 0.0260 0.4860 0.0214 0.4891 0.0332 0.4937 0.0305 0.4957 0.0729 0.4909 0.0707 0.4937 0.0305 0.4891 0.0332 0.4882 0.0296 0.4916 0.0263 0.4660 0.0718 0.4754 0.0728 0.4713 0.0792 0.4668 0.0754 0.4529 0.0299 0.4588 0.0322 0.4607 0.0745 0.4551 0.0773 0.2282 0.0897 0.3603 0.0843 0.3623 0.1280 0.2298 0.1333 0.4008 0.1347 0.3821 0.1441 0.3782 0.1260 0.4010 0.1225 0.4010 0.1225 0.3782 0.1260 0.3763 0.0852 0.3991 0.0882 0.4891 0.0332 0.4800 0.0322 0.4839 0.0260 0.4882 0.0296 0.3763 0.0852 0.3784 0.0684 0.3976 0.0767 0.3991 0.0882 0.3782 0.1260 0.3821 0.1441 0.3662 0.1475 0.3623 0.1280 0.3784 0.0684 0.3763 0.0852 0.3603 0.0843 0.3625 0.0662 0.3662 0.1475 0.2275 0.1531 0.2298 0.1333 0.3623 0.1280 0.2282 0.0897 0.2245 0.0718 0.3625 0.0662 0.3603 0.0843 0.2128 0.1883 0.2029 0.2088 0.1811 0.1996 0.1948 0.1820 0.4860 0.0214 0.4839 0.0260 0.4803 0.0248 0.4813 0.0200 0.4688 0.0266 0.4723 0.0251 0.4767 0.0299 0.4736 0.0325 0.4723 0.0251 0.4700 0.0205 0.4813 0.0200 0.4803 0.0248 0.4839 0.0260 0.4800 0.0322 0.4767 0.0299 0.4803 0.0248 0.4749 0.0803 0.4788 0.0751 0.4829 0.0798 0.4909 0.0707 0.4819 0.0724 0.4788 0.0751 0.4754 0.0728 0.4660 0.0718 0.4642 0.0344 0.4736 0.0325 0.4767 0.0299 0.4800 0.0322 0.4891 0.0332 0.4829 0.0798 0.4844 0.0845 0.4731 0.0851 0.4749 0.0803 0.4754 0.0728 0.4788 0.0751 0.4749 0.0803 0.4713 0.0792 0.4819 0.0724 0.4863 0.0783 0.4829 0.0798 0.4788 0.0751 0.4819 0.0724 0.4909 0.0707 0.4903 0.0743 0.4863 0.0783 0.5391 0.9432 0.5400 0.9905 0.3749 0.9803 0.3710 0.9331 0.5382 0.8937 0.5391 0.9432 0.3710 0.9331 0.3663 0.8859 0.6412 0.8729 0.6542 0.9172 0.5391 0.9432 0.5382 0.8937 0.6317 0.8280 0.6412 0.8729 0.5382 0.8937 0.5358 0.8438 0.6542 0.9172 0.6679 0.9633 0.5400 0.9905 0.5391 0.9432 0.6412 0.8729 0.6542 0.9172 0.5391 0.9432 0.5382 0.8937 0.6317 0.8280 0.6412 0.8729 0.5382 0.8937 0.5358 0.8438 0.6542 0.9172 0.6679 0.9633 0.5400 0.9905 0.5391 0.9432 0.8363 0.8853 0.8336 0.9360 0.7023 0.9107 0.7047 0.8658 0.7047 0.8658 0.7023 0.9107 0.6542 0.9172 0.6412 0.8729 0.7056 0.8211 0.7047 0.8658 0.6412 0.8729 0.6317 0.8280 0.7023 0.9107 0.6991 0.9590 0.6679 0.9633 0.6542 0.9172 0.7047 0.8658 0.7023 0.9107 0.6542 0.9172 0.6412 0.8729 0.7056 0.8211 0.7047 0.8658 0.6412 0.8729 0.6317 0.8280 0.7023 0.9107 0.6991 0.9590 0.6679 0.9633 0.6542 0.9172 0.8425 0.8320 0.8363 0.8853 0.7047 0.8658 0.7056 0.8211 0.8336 0.9360 0.8314 0.9884 0.6991 0.9590 0.7023 0.9107 0.8363 0.8853 0.8336 0.9360 0.7023 0.9107 0.7047 0.8658 0.8425 0.8320 0.8363 0.8853 0.7047 0.8658 0.7056 0.8211 0.8336 0.9360 0.8314 0.9884 0.6991 0.9590 0.7023 0.9107 0.5382 0.8937 0.5391 0.9432 0.3710 0.9331 0.3663 0.8859 0.8551 0.7102 0.8586 0.7496 0.8336 0.9360 0.8363 0.8853 0.8697 0.6652 0.8551 0.7102 0.8363 0.8853 0.8425 0.8320 0.7330 0.7465 0.7529 0.7895 0.8314 0.9884 0.8336 0.9360 0.7295 0.7071 0.7330 0.7465 0.8336 0.9360 0.8363 0.8853 0.7442 0.6621 0.7295 0.7071 0.8363 0.8853 0.8425 0.8320 0.8586 0.7496 0.8785 0.7926 0.8314 0.9884 0.8336 0.9360 0.5358 0.8438 0.5382 0.8937 0.3663 0.8859 0.3660 0.8386 0.5391 0.9432 0.5400 0.9905 0.3749 0.9803 0.3710 0.9331 0.7442 0.6621 0.7757 0.6900 0.7610 0.7118 0.7295 0.7071 0.8551 0.7102 0.8866 0.7149 0.8901 0.7371 0.8586 0.7496 0.8586 0.7496 0.8901 0.7371 0.9103 0.7536 0.8785 0.7926 0.7295 0.7071 0.7610 0.7118 0.7645 0.7340 0.7330 0.7465 0.5358 0.8438 0.5382 0.8937 0.3663 0.8859 0.3660 0.8386 0.8697 0.6652 0.9013 0.6931 0.8866 0.7149 0.8551 0.7102 0.9130 0.7222 0.8866 0.7149 0.9013 0.6931 0.7874 0.7191 0.7610 0.7118 0.7757 0.6900 0.9130 0.7222 0.9103 0.7536 0.8901 0.7371 0.7874 0.7191 0.7645 0.7340 0.7610 0.7118 0.9130 0.7222 0.8901 0.7371 0.8866 0.7149 0.7874 0.7191 0.7848 0.7505 0.7645 0.7340 0.0627 0.4993 0.0578 0.5239 0.0405 0.5171 0.0410 0.4967 0.0439 0.5552 0.0189 0.5298 0.0405 0.5171 0.0578 0.5239 0.0098 0.4934 0.0410 0.4967 0.0405 0.5171 0.0189 0.5298 0.0552 0.6445 0.0532 0.6708 0.0371 0.6669 0.0342 0.6473 0.0405 0.7005 0.0183 0.6817 0.0371 0.6669 0.0532 0.6708 0.0041 0.6508 0.0342 0.6473 0.0371 0.6669 0.0183 0.6817 0.0335 0.5913 0.0500 0.6192 0.0334 0.6271 0.0118 0.6165 0.0552 0.6445 0.0342 0.6473 0.0334 0.6271 0.0500 0.6192 0.0041 0.6508 0.0118 0.6165 0.0334 0.6271 0.0342 0.6473 0.0505 0.4419 0.0618 0.4737 0.0440 0.4768 0.0250 0.4604 0.0627 0.4993 0.0410 0.4967 0.0440 0.4768 0.0618 0.4737 0.0098 0.4934 0.0250 0.4604 0.0440 0.4768 0.0410 0.4967 0.5213 0.2926 0.5696 0.2896 0.5723 0.3040 0.5195 0.3085 0.2582 0.5475 0.2522 0.5216 0.3104 0.5065 0.3147 0.5214 0.2465 0.6488 0.2471 0.6233 0.3060 0.6394 0.3052 0.6550 0.2525 0.7004 0.2490 0.6739 0.3072 0.6705 0.3098 0.6861 0.2516 0.4965 0.2554 0.4715 0.3125 0.4764 0.3098 0.4913 0.2522 0.5216 0.2516 0.4965 0.3098 0.4913 0.3104 0.5065 0.2471 0.6233 0.2517 0.5967 0.3098 0.6241 0.3060 0.6394 0.2490 0.6739 0.2465 0.6488 0.3052 0.6550 0.3072 0.6705 0.0553 0.7915 0.0512 0.8137 0.0359 0.8074 0.0360 0.7895 0.0386 0.8397 0.0175 0.8183 0.0359 0.8074 0.0512 0.8137 0.0091 0.7874 0.0360 0.7895 0.0359 0.8074 0.0175 0.8183 0.0548 0.9138 0.0523 0.9371 0.0381 0.9335 0.0360 0.9159 0.0401 0.9640 0.0207 0.9464 0.0381 0.9335 0.0523 0.9371 0.0091 0.9181 0.0360 0.9159 0.0381 0.9335 0.0207 0.9464 0.0379 0.8665 0.0510 0.8916 0.0359 0.8981 0.0173 0.8879 0.0548 0.9138 0.0360 0.9159 0.0359 0.8981 0.0510 0.8916 0.0091 0.9181 0.0173 0.8879 0.0359 0.8981 0.0360 0.9159 0.0412 0.7411 0.0535 0.7683 0.0381 0.7717 0.0208 0.7584 0.0553 0.7915 0.0360 0.7895 0.0381 0.7717 0.0535 0.7683 0.0091 0.7874 0.0208 0.7584 0.0381 0.7717 0.0360 0.7895 0.1834 0.7284 0.1837 0.7569 0.1070 0.7559 0.1043 0.7265 0.0535 0.7683 0.0412 0.7411 0.1043 0.7265 0.1070 0.7559 0.0523 0.9371 0.0548 0.9138 0.1072 0.9212 0.1059 0.9500 0.0510 0.8916 0.0379 0.8665 0.1032 0.8599 0.1065 0.8913 0.0512 0.8137 0.0553 0.7915 0.1069 0.7841 0.1064 0.8139 0.0553 0.7915 0.0535 0.7683 0.1070 0.7559 0.1069 0.7841 0.0401 0.9640 0.0523 0.9371 0.1059 0.9500 0.1021 0.9796 0.0548 0.9138 0.0510 0.8916 0.1065 0.8913 0.1072 0.9212 0.0386 0.8397 0.0512 0.8137 0.1064 0.8139 0.1052 0.8462 0.1811 0.9198 0.1804 0.9484 0.1059 0.9500 0.1072 0.9212 0.2389 0.7382 0.2373 0.7627 0.1837 0.7569 0.1834 0.7284 0.2699 0.7713 0.2724 0.7523 0.3147 0.7695 0.3146 0.7813 0.2373 0.7627 0.2389 0.7382 0.2724 0.7523 0.2699 0.7713 0.1816 0.8613 0.1822 0.8910 0.1065 0.8913 0.1032 0.8599 0.2340 0.9182 0.2325 0.9432 0.1804 0.9484 0.1811 0.9198 0.2654 0.9344 0.2664 0.9142 0.3085 0.9116 0.3091 0.9244 0.2325 0.9432 0.2340 0.9182 0.2664 0.9142 0.2654 0.9344 0.1806 0.7851 0.1824 0.8144 0.1064 0.8139 0.1069 0.7841 0.2378 0.8670 0.2368 0.8937 0.1822 0.8910 0.1816 0.8613 0.2694 0.8954 0.2709 0.8745 0.3112 0.8856 0.3097 0.8987 0.2368 0.8937 0.2378 0.8670 0.2709 0.8745 0.2694 0.8954 0.1070 0.7559 0.1837 0.7569 0.1806 0.7851 0.1069 0.7841 0.2322 0.7861 0.2375 0.8116 0.1824 0.8144 0.1806 0.7851 0.2709 0.8102 0.2653 0.7900 0.3098 0.7933 0.3116 0.8065 0.2375 0.8116 0.2322 0.7861 0.2653 0.7900 0.2709 0.8102 0.1059 0.9500 0.1804 0.9484 0.1802 0.9771 0.1021 0.9796 0.1837 0.7569 0.2373 0.7627 0.2322 0.7861 0.1806 0.7851 0.2653 0.7900 0.2699 0.7713 0.3146 0.7813 0.3098 0.7933 0.2322 0.7861 0.2373 0.7627 0.2699 0.7713 0.2653 0.7900 0.1065 0.8913 0.1822 0.8910 0.1811 0.9198 0.1072 0.9212 0.1804 0.9484 0.2325 0.9432 0.2353 0.9686 0.1802 0.9771 0.2686 0.9537 0.2654 0.9344 0.3091 0.9244 0.3112 0.9363 0.2353 0.9686 0.2325 0.9432 0.2654 0.9344 0.2686 0.9537 0.1064 0.8139 0.1824 0.8144 0.1853 0.8446 0.1052 0.8462 0.1822 0.8910 0.2368 0.8937 0.2340 0.9182 0.1811 0.9198 0.2664 0.9142 0.2694 0.8954 0.3097 0.8987 0.3085 0.9116 0.2340 0.9182 0.2368 0.8937 0.2694 0.8954 0.2664 0.9142 0.1824 0.8144 0.2375 0.8116 0.2418 0.8372 0.1853 0.8446 0.2747 0.8298 0.2709 0.8102 0.3116 0.8065 0.3147 0.8194 0.2418 0.8372 0.2375 0.8116 0.2709 0.8102 0.2747 0.8298 0.0505 0.4419 0.2179 0.4375 0.2134 0.4689 0.0618 0.4737 0.2134 0.4689 0.2179 0.4375 0.2602 0.4475 0.2554 0.4715 0.0552 0.6445 0.2041 0.6456 0.2063 0.6762 0.0532 0.6708 0.2063 0.6762 0.2041 0.6456 0.2465 0.6488 0.2490 0.6739 0.0335 0.5913 0.2055 0.5830 0.2039 0.6153 0.0500 0.6192 0.2039 0.6153 0.2055 0.5830 0.2517 0.5967 0.2471 0.6233 0.0627 0.4993 0.2095 0.4989 0.2093 0.5292 0.0578 0.5239 0.2093 0.5292 0.2095 0.4989 0.2516 0.4965 0.2522 0.5216 0.0618 0.4737 0.2134 0.4689 0.2095 0.4989 0.0627 0.4993 0.2095 0.4989 0.2134 0.4689 0.2554 0.4715 0.2516 0.4965 0.0532 0.6708 0.2063 0.6762 0.2084 0.7088 0.0405 0.7005 0.2084 0.7088 0.2063 0.6762 0.2490 0.6739 0.2525 0.7004 0.0500 0.6192 0.2039 0.6153 0.2041 0.6456 0.0552 0.6445 0.2041 0.6456 0.2039 0.6153 0.2471 0.6233 0.2465 0.6488 0.0578 0.5239 0.2093 0.5292 0.2133 0.5609 0.0439 0.5552 0.2554 0.4715 0.2602 0.4475 0.3155 0.4616 0.3125 0.4764 0.2133 0.5609 0.2093 0.5292 0.2522 0.5216 0.2582 0.5475 0.2562 0.4001 0.2468 0.4011 0.2470 0.3907 0.2563 0.3967 0.1352 0.4015 0.1434 0.3962 0.1429 0.4069 0.1350 0.4050 0.5356 0.0876 0.5485 0.1125 0.5289 0.1097 0.5289 0.0868 0.3239 0.2278 0.3412 0.2199 0.3411 0.2353 0.3238 0.2331 0.5395 0.0743 0.5593 0.0723 0.5611 0.0970 0.5400 0.0824 0.3238 0.2331 0.3411 0.2353 0.3416 0.2494 0.3240 0.2380 0.2563 0.4035 0.2469 0.4116 0.2468 0.4011 0.2562 0.4001 0.2468 0.4011 0.2469 0.4116 0.2292 0.4178 0.2291 0.4027 0.3416 0.2494 0.3411 0.2353 0.3751 0.2374 0.3758 0.2570 0.1434 0.4171 0.1429 0.4069 0.1595 0.4092 0.1602 0.4238 0.3411 0.2353 0.3412 0.2199 0.3752 0.2159 0.3751 0.2374 0.2343 0.3072 0.2416 0.3080 0.2391 0.3232 0.2290 0.3221 0.1429 0.4069 0.1434 0.3962 0.1602 0.3940 0.1595 0.4092 0.2470 0.3907 0.2468 0.4011 0.2291 0.4027 0.2293 0.3879 0.2416 0.3080 0.2486 0.3102 0.2488 0.3263 0.2391 0.3232 0.5356 0.0876 0.5400 0.0824 0.5611 0.0970 0.5485 0.1125 0.2217 0.3661 0.2217 0.3817 0.2133 0.3907 0.2014 0.3878 0.1930 0.3747 0.1930 0.3591 0.2014 0.3501 0.2133 0.3530 0.9743 0.6277 0.9668 0.5131 0.9913 0.5146 0.9939 0.6284 0.8204 0.4631 0.8020 0.4066 0.8154 0.4038 0.8395 0.4623 0.9648 0.4443 0.9781 0.4461 0.9696 0.4926 0.9456 0.4903 0.8580 0.4594 0.8277 0.3976 0.8400 0.3848 0.8775 0.4523 0.8020 0.4066 0.8204 0.4631 0.7985 0.4639 0.7848 0.4055 0.9232 0.4888 0.9525 0.4380 0.9648 0.4443 0.9456 0.4903 0.8277 0.3976 0.8580 0.4594 0.8395 0.4623 0.8154 0.4038 0.9648 0.4443 0.9525 0.4380 0.9586 0.4309 0.9685 0.4337 0.9412 0.4258 0.9560 0.4192 0.9586 0.4309 0.9525 0.4380 0.9734 0.4196 0.9685 0.4337 0.9586 0.4309 0.9560 0.4192 0.9696 0.4926 0.9781 0.4461 0.9939 0.4425 0.9918 0.4977 0.7848 0.6120 0.8038 0.4822 0.8254 0.4840 0.8075 0.6113 0.8075 0.6113 0.8254 0.4840 0.8441 0.4874 0.8279 0.6127 0.9564 0.6298 0.9406 0.5121 0.9668 0.5131 0.9743 0.6277 0.8279 0.6127 0.8441 0.4874 0.8636 0.4879 0.8476 0.6183 0.8476 0.6183 0.8636 0.4879 0.8851 0.4841 0.8687 0.6266 0.9207 0.6431 0.8943 0.5154 0.9168 0.5132 0.9391 0.6352 0.9391 0.6352 0.9168 0.5132 0.9406 0.5121 0.9564 0.6298 0.3233 0.2448 0.3211 0.2552 0.3093 0.2530 0.3086 0.2426 0.8154 0.4038 0.8020 0.4066 0.8013 0.3979 0.8109 0.3934 0.7848 0.4055 0.7906 0.3906 0.8013 0.3979 0.8020 0.4066 0.8045 0.3782 0.8109 0.3934 0.8013 0.3979 0.7906 0.3906 0.8400 0.3848 0.8277 0.3976 0.8213 0.3900 0.8237 0.3771 0.8154 0.4038 0.8109 0.3934 0.8213 0.3900 0.8277 0.3976 0.8045 0.3782 0.8237 0.3771 0.8213 0.3900 0.8109 0.3934 0.9939 0.4425 0.9781 0.4461 0.9779 0.4371 0.9871 0.4295 0.9648 0.4443 0.9685 0.4337 0.9779 0.4371 0.9781 0.4461 0.9734 0.4196 0.9871 0.4295 0.9779 0.4371 0.9685 0.4337 0.9265 0.6500 0.9207 0.6431 0.9391 0.6352 0.9427 0.6444 0.9427 0.6444 0.9391 0.6352 0.9564 0.6298 0.9580 0.6378 0.8264 0.6218 0.8279 0.6127 0.8476 0.6183 0.8439 0.6288 0.8439 0.6288 0.8476 0.6183 0.8687 0.6266 0.8624 0.6346 0.7881 0.6217 0.7848 0.6120 0.8075 0.6113 0.8075 0.6224 0.8075 0.6224 0.8075 0.6113 0.8279 0.6127 0.8264 0.6218 0.9580 0.6378 0.9564 0.6298 0.9743 0.6277 0.9745 0.6375 0.9745 0.6375 0.9743 0.6277 0.9939 0.6284 0.9911 0.6367 0.9406 0.5121 0.9456 0.4903 0.9696 0.4926 0.9668 0.5131 0.9668 0.5131 0.9696 0.4926 0.9918 0.4977 0.9913 0.5146 0.8038 0.4822 0.7985 0.4639 0.8204 0.4631 0.8254 0.4840 0.8254 0.4840 0.8204 0.4631 0.8395 0.4623 0.8441 0.4874 0.8441 0.4874 0.8395 0.4623 0.8580 0.4594 0.8636 0.4879 0.8636 0.4879 0.8580 0.4594 0.8775 0.4523 0.8851 0.4841 0.8943 0.5154 0.9018 0.4863 0.9232 0.4888 0.9168 0.5132 0.9168 0.5132 0.9232 0.4888 0.9456 0.4903 0.9406 0.5121 0.3580 0.4697 0.3400 0.4135 0.3535 0.4107 0.3775 0.4687 0.5009 0.4337 0.5144 0.4355 0.5064 0.4819 0.4819 0.4794 0.3963 0.4658 0.3658 0.4044 0.3779 0.3916 0.4165 0.4586 0.3400 0.4135 0.3580 0.4697 0.3354 0.4709 0.3229 0.4123 0.4591 0.4777 0.4887 0.4274 0.5009 0.4337 0.4819 0.4794 0.3658 0.4044 0.3963 0.4658 0.3775 0.4687 0.3535 0.4107 0.5009 0.4337 0.4887 0.4274 0.4948 0.4202 0.5047 0.4231 0.4774 0.4150 0.4922 0.4085 0.4948 0.4202 0.4887 0.4274 0.5097 0.4090 0.5047 0.4231 0.4948 0.4202 0.4922 0.4085 0.5064 0.4819 0.5144 0.4355 0.5302 0.4318 0.5292 0.4871 0.5106 0.6167 0.5029 0.5247 0.5257 0.5226 0.5302 0.6174 0.3229 0.6191 0.3378 0.5103 0.3599 0.5161 0.3456 0.6182 0.4927 0.6188 0.4779 0.5268 0.5029 0.5247 0.5106 0.6167 0.3456 0.6182 0.3599 0.5161 0.3811 0.5210 0.3660 0.6196 0.3660 0.6196 0.3811 0.5210 0.4027 0.5237 0.3857 0.6252 0.3857 0.6252 0.4027 0.5237 0.4259 0.5233 0.4069 0.6335 0.4570 0.6321 0.4329 0.5341 0.4546 0.5314 0.4755 0.6242 0.4755 0.6242 0.4546 0.5314 0.4779 0.5268 0.4927 0.6188 0.4887 0.4274 0.4591 0.4777 0.4371 0.4751 0.4774 0.4150 0.3535 0.4107 0.3400 0.4135 0.3394 0.4048 0.3490 0.4003 0.3229 0.4123 0.3287 0.3976 0.3394 0.4048 0.3400 0.4135 0.3425 0.3852 0.3490 0.4003 0.3394 0.4048 0.3287 0.3976 0.3779 0.3916 0.3658 0.4044 0.3593 0.3969 0.3617 0.3840 0.3535 0.4107 0.3490 0.4003 0.3593 0.3969 0.3658 0.4044 0.3425 0.3852 0.3617 0.3840 0.3593 0.3969 0.3490 0.4003 0.5302 0.4318 0.5144 0.4355 0.5142 0.4266 0.5234 0.4189 0.5009 0.4337 0.5047 0.4231 0.5142 0.4266 0.5144 0.4355 0.5097 0.4090 0.5234 0.4189 0.5142 0.4266 0.5047 0.4231 0.4628 0.6390 0.4570 0.6321 0.4755 0.6242 0.4790 0.6333 0.4790 0.6333 0.4755 0.6242 0.4927 0.6188 0.4943 0.6268 0.3645 0.6288 0.3660 0.6196 0.3857 0.6252 0.3821 0.6357 0.3821 0.6357 0.3857 0.6252 0.4069 0.6335 0.4006 0.6415 0.3262 0.6287 0.3229 0.6191 0.3456 0.6182 0.3456 0.6294 0.3456 0.6294 0.3456 0.6182 0.3660 0.6196 0.3645 0.6288 0.4943 0.6268 0.4927 0.6188 0.5106 0.6167 0.5108 0.6266 0.5108 0.6266 0.5106 0.6167 0.5302 0.6174 0.5274 0.6258 0.4779 0.5268 0.4770 0.5009 0.5034 0.5022 0.5029 0.5247 0.4770 0.5009 0.4819 0.4794 0.5064 0.4819 0.5034 0.5022 0.5034 0.5022 0.5064 0.4819 0.5292 0.4871 0.5280 0.5039 0.5029 0.5247 0.5034 0.5022 0.5280 0.5039 0.5257 0.5226 0.3378 0.5103 0.3413 0.4891 0.3631 0.4906 0.3599 0.5161 0.3413 0.4891 0.3354 0.4709 0.3580 0.4697 0.3631 0.4906 0.3631 0.4906 0.3580 0.4697 0.3775 0.4687 0.3821 0.4938 0.3599 0.5161 0.3631 0.4906 0.3821 0.4938 0.3811 0.5210 0.3811 0.5210 0.3821 0.4938 0.4018 0.4944 0.4027 0.5237 0.3821 0.4938 0.3775 0.4687 0.3963 0.4658 0.4018 0.4944 0.4018 0.4944 0.3963 0.4658 0.4165 0.4586 0.4234 0.4908 0.4027 0.5237 0.4018 0.4944 0.4234 0.4908 0.4259 0.5233 0.4329 0.5341 0.4305 0.5044 0.4530 0.5021 0.4546 0.5314 0.4305 0.5044 0.4371 0.4751 0.4591 0.4777 0.4530 0.5021 0.4530 0.5021 0.4591 0.4777 0.4819 0.4794 0.4770 0.5009 0.4546 0.5314 0.4530 0.5021 0.4770 0.5009 0.4779 0.5268 0.5914 0.4588 0.5729 0.4023 0.5864 0.3994 0.6104 0.4580 0.7312 0.4158 0.7445 0.4176 0.7360 0.4641 0.7120 0.4618 0.6289 0.4551 0.5987 0.3933 0.6109 0.3805 0.6484 0.4480 0.5729 0.4023 0.5914 0.4588 0.5695 0.4596 0.5558 0.4011 0.6897 0.4603 0.7189 0.4095 0.7312 0.4158 0.7120 0.4618 0.5987 0.3933 0.6289 0.4551 0.6104 0.4580 0.5864 0.3994 0.7312 0.4158 0.7189 0.4095 0.7250 0.4024 0.7349 0.4052 0.7076 0.3973 0.7224 0.3907 0.7250 0.4024 0.7189 0.4095 0.7398 0.3911 0.7349 0.4052 0.7250 0.4024 0.7224 0.3907 0.7360 0.4641 0.7445 0.4176 0.7603 0.4140 0.7582 0.4692 0.7407 0.5992 0.7328 0.5072 0.7556 0.5049 0.7603 0.5999 0.5558 0.6077 0.5711 0.4991 0.5930 0.5051 0.5785 0.6070 0.7228 0.6013 0.7078 0.5094 0.7328 0.5072 0.7407 0.5992 0.5785 0.6070 0.5930 0.5051 0.6141 0.5100 0.5989 0.6084 0.5989 0.6084 0.6141 0.5100 0.6356 0.5127 0.6185 0.6140 0.6185 0.6140 0.6356 0.5127 0.6587 0.5123 0.6397 0.6223 0.6871 0.6146 0.6630 0.5166 0.6846 0.5140 0.7056 0.6067 0.7056 0.6067 0.6846 0.5140 0.7078 0.5094 0.7228 0.6013 0.9525 0.4380 0.9232 0.4888 0.9018 0.4863 0.9412 0.4258 0.5864 0.3994 0.5729 0.4023 0.5723 0.3935 0.5819 0.3891 0.5558 0.4011 0.5616 0.3863 0.5723 0.3935 0.5729 0.4023 0.5755 0.3739 0.5819 0.3891 0.5723 0.3935 0.5616 0.3863 0.6109 0.3805 0.5987 0.3933 0.5923 0.3857 0.5947 0.3728 0.5864 0.3994 0.5819 0.3891 0.5923 0.3857 0.5987 0.3933 0.5755 0.3739 0.5947 0.3728 0.5923 0.3857 0.5819 0.3891 0.7603 0.4140 0.7445 0.4176 0.7443 0.4086 0.7535 0.4010 0.7312 0.4158 0.7349 0.4052 0.7443 0.4086 0.7445 0.4176 0.7398 0.3911 0.7535 0.4010 0.7443 0.4086 0.7349 0.4052 0.6929 0.6215 0.6871 0.6146 0.7056 0.6067 0.7091 0.6159 0.7091 0.6159 0.7056 0.6067 0.7228 0.6013 0.7244 0.6093 0.5973 0.6175 0.5989 0.6084 0.6185 0.6140 0.6149 0.6244 0.6149 0.6244 0.6185 0.6140 0.6397 0.6223 0.6334 0.6303 0.5590 0.6174 0.5558 0.6077 0.5785 0.6070 0.5784 0.6181 0.5784 0.6181 0.5785 0.6070 0.5989 0.6084 0.5973 0.6175 0.7244 0.6093 0.7228 0.6013 0.7407 0.5992 0.7409 0.6090 0.7409 0.6090 0.7407 0.5992 0.7603 0.5999 0.7575 0.6082 0.7078 0.5094 0.7070 0.4836 0.7332 0.4846 0.7328 0.5072 0.7070 0.4836 0.7120 0.4618 0.7360 0.4641 0.7332 0.4846 0.7332 0.4846 0.7360 0.4641 0.7582 0.4692 0.7577 0.4861 0.7328 0.5072 0.7332 0.4846 0.7577 0.4861 0.7556 0.5049 0.5711 0.4991 0.5748 0.4779 0.5963 0.4796 0.5930 0.5051 0.5748 0.4779 0.5695 0.4596 0.5914 0.4588 0.5963 0.4796 0.5963 0.4796 0.5914 0.4588 0.6104 0.4580 0.6151 0.4830 0.5930 0.5051 0.5963 0.4796 0.6151 0.4830 0.6141 0.5100 0.6141 0.5100 0.6151 0.4830 0.6346 0.4836 0.6356 0.5127 0.6151 0.4830 0.6104 0.4580 0.6289 0.4551 0.6346 0.4836 0.6346 0.4836 0.6289 0.4551 0.6484 0.4480 0.6561 0.4797 0.6356 0.5127 0.6346 0.4836 0.6561 0.4797 0.6587 0.5123 0.6630 0.5166 0.6607 0.4869 0.6832 0.4847 0.6846 0.5140 0.6607 0.4869 0.6682 0.4578 0.6897 0.4603 0.6832 0.4847 0.6832 0.4847 0.6897 0.4603 0.7120 0.4618 0.7070 0.4836 0.6846 0.5140 0.6832 0.4847 0.7070 0.4836 0.7078 0.5094 0.8847 0.1374 0.8760 0.1195 0.9020 0.1114 0.9022 0.1359 0.9022 0.1359 0.9020 0.1114 0.9281 0.1191 0.9198 0.1371 0.9404 0.3029 0.9830 0.3193 0.9633 0.3262 0.9669 0.3437 0.9350 0.3219 0.9350 0.3219 0.9669 0.3437 0.9419 0.3551 0.9283 0.3366 0.9283 0.3366 0.9419 0.3551 0.9041 0.3633 0.9039 0.3369 0.9039 0.3369 0.9041 0.3633 0.8662 0.3557 0.8795 0.3370 0.8694 0.1806 0.8340 0.1657 0.8477 0.1443 0.8751 0.1610 0.8751 0.1610 0.8477 0.1443 0.8760 0.1195 0.8847 0.1374 0.9404 0.3029 0.9350 0.3219 0.9037 0.3187 0.9036 0.2995 0.9350 0.3219 0.9283 0.3366 0.9039 0.3369 0.9037 0.3187 0.9037 0.3187 0.9039 0.3369 0.8795 0.3370 0.8726 0.3224 0.9036 0.2995 0.9037 0.3187 0.8726 0.3224 0.8668 0.3035 0.9033 0.2656 0.8618 0.2675 0.8624 0.2234 0.9030 0.2245 0.9036 0.2995 0.8668 0.3035 0.8618 0.2675 0.9033 0.2656 0.9902 0.2143 0.9956 0.2692 0.9448 0.2668 0.9435 0.2228 0.8795 0.3370 0.8662 0.3557 0.8410 0.3447 0.8726 0.3224 0.8111 0.2707 0.8155 0.2157 0.8624 0.2234 0.8618 0.2675 0.9448 0.2668 0.9033 0.2656 0.9030 0.2245 0.9435 0.2228 0.9198 0.1371 0.9281 0.1191 0.9569 0.1434 0.9297 0.1605 0.9435 0.2228 0.9030 0.2245 0.9026 0.1838 0.9358 0.1800 0.9198 0.1371 0.9297 0.1605 0.9025 0.1642 0.9022 0.1359 0.9030 0.2245 0.8624 0.2234 0.8694 0.1806 0.9026 0.1838 0.8155 0.2157 0.8340 0.1657 0.8694 0.1806 0.8624 0.2234 0.9022 0.1359 0.9025 0.1642 0.8751 0.1610 0.8847 0.1374 0.9902 0.2143 0.9435 0.2228 0.9358 0.1800 0.9710 0.1646 0.8726 0.3224 0.8410 0.3447 0.8442 0.3271 0.8245 0.3206 0.8668 0.3035 0.9956 0.2692 0.9782 0.2913 0.9830 0.3193 0.9404 0.3029 0.9448 0.2668 0.8288 0.2926 0.8111 0.2707 0.8618 0.2675 0.8668 0.3035 0.8245 0.3206 0.9025 0.1642 0.9026 0.1838 0.8694 0.1806 0.8751 0.1610 0.9297 0.1605 0.9358 0.1800 0.9026 0.1838 0.9025 0.1642 0.9297 0.1605 0.9569 0.1434 0.9710 0.1646 0.9358 0.1800 0.9404 0.3029 0.9036 0.2995 0.9033 0.2656 0.9448 0.2668 0.8896 0.1937 0.9013 0.1911 0.9131 0.1932 0.9194 0.1992 0.8836 0.2000 0.8896 0.1937 0.9131 0.1932 0.8836 0.2059 0.8836 0.2000 0.9194 0.1992 0.9195 0.2052 0.8806 0.2121 0.8836 0.2059 0.9195 0.2052 0.9230 0.2112 0.9225 0.2203 0.8814 0.2212 0.8806 0.2121 0.9230 0.2112 0.9253 0.2289 0.8790 0.2299 0.8814 0.2212 0.9225 0.2203 0.9253 0.2289 0.9248 0.2471 0.8802 0.2480 0.8790 0.2299 0.8844 0.2656 0.8802 0.2480 0.9248 0.2471 0.9214 0.2648 0.8873 0.2738 0.8844 0.2656 0.9214 0.2648 0.9188 0.2732 0.8873 0.2738 0.9188 0.2732 0.9117 0.2842 0.8948 0.2845 0.9034 0.2881 0.8948 0.2845 0.9117 0.2842 0.1780 0.4274 0.1657 0.4254 0.1637 0.4130 0.1775 0.4133 0.1775 0.4133 0.1637 0.4130 0.1657 0.4003 0.1780 0.3986 0.0522 0.1433 0.0953 0.1456 0.0848 0.1919 0.0525 0.1907 0.0525 0.1907 0.0848 0.1919 0.0737 0.2190 0.0532 0.2234 0.1100 0.3602 0.1032 0.3959 0.0781 0.3964 0.0765 0.3603 0.1032 0.3959 0.0954 0.4166 0.0796 0.4207 0.0781 0.3964 0.0781 0.3964 0.0796 0.4207 0.0639 0.4176 0.0540 0.3975 0.0765 0.3603 0.0781 0.3964 0.0540 0.3975 0.0444 0.3623 0.0965 0.2424 0.1049 0.2555 0.0738 0.2554 0.0743 0.2403 0.1049 0.2555 0.1104 0.2827 0.0742 0.2828 0.0738 0.2554 0.0738 0.2554 0.0742 0.2828 0.0395 0.2849 0.0441 0.2574 0.0743 0.2403 0.0738 0.2554 0.0441 0.2574 0.0527 0.2438 0.0477 0.1558 0.0081 0.1556 0.0038 0.1071 0.0477 0.1074 0.0478 0.2261 0.0288 0.2215 0.0180 0.1977 0.0477 0.1983 0.0477 0.1983 0.0180 0.1977 0.0081 0.1556 0.0477 0.1558 0.1104 0.2827 0.1123 0.3198 0.0751 0.3200 0.0742 0.2828 0.1123 0.3198 0.1100 0.3602 0.0765 0.3603 0.0751 0.3200 0.0751 0.3200 0.0765 0.3603 0.0444 0.3623 0.0395 0.3221 0.0742 0.2828 0.0751 0.3200 0.0395 0.3221 0.0395 0.2849 0.0524 0.0434 0.0990 0.0459 0.1000 0.0935 0.0522 0.0910 0.0670 0.0821 0.0523 0.0701 0.0710 0.0571 0.0522 0.0910 0.1000 0.0935 0.0953 0.1456 0.0522 0.1433 0.0478 0.0283 0.0317 0.0464 0.0477 0.0623 0.0050 0.0620 0.0111 0.0284 0.1192 0.2520 0.1353 0.2732 0.1462 0.2590 0.1516 0.2872 0.1371 0.2987 0.0439 0.0089 0.0318 0.0200 0.0478 0.0283 0.0111 0.0284 0.0215 0.0114 0.0524 0.0434 0.0701 0.0279 0.0530 0.0089 0.0929 0.0114 0.0990 0.0459 0.1860 0.2540 0.2248 0.2578 0.2194 0.2862 0.1858 0.2935 0.1462 0.2590 0.1860 0.2540 0.1858 0.2935 0.1516 0.2872 0.0477 0.0875 0.0340 0.0985 0.0477 0.1074 0.0038 0.1071 0.0050 0.0620 0.0477 0.0623 0.0305 0.0746 0.1427 0.2412 0.1819 0.2312 0.2214 0.2401 0.2725 0.3524 0.2246 0.3421 0.2313 0.3353 0.2691 0.3434 0.1192 0.2520 0.2483 0.2501 0.2350 0.2718 0.1353 0.2732 0.3597 0.3080 0.3723 0.3085 0.3723 0.3721 0.3597 0.3723 0.1319 0.2289 0.1209 0.2246 0.1209 0.1604 0.1319 0.1548 0.1566 0.3190 0.1563 0.3072 0.2288 0.3229 0.2243 0.3336 0.1209 0.2300 0.1094 0.2275 0.1094 0.1583 0.1209 0.1548 0.1571 0.3074 0.1571 0.2981 0.2307 0.3139 0.2275 0.3226 0.5936 0.1620 0.5901 0.1795 0.4517 0.1795 0.4470 0.1620 0.5171 0.1453 0.4716 0.1453 0.4738 0.1272 0.5149 0.1272 0.4790 0.1113 0.5096 0.1113 0.5149 0.1272 0.4738 0.1272 0.4790 0.1113 0.4861 0.1009 0.5025 0.1009 0.5096 0.1113 0.4943 0.0973 0.5025 0.1009 0.4861 0.1009 0.5741 0.0283 0.5511 0.0323 0.5511 0.0083 0.5741 0.0204 0.1930 0.3990 0.2021 0.3933 0.2020 0.4038 0.1930 0.4025 0.2340 0.3582 0.2429 0.3657 0.2348 0.3678 0.2313 0.3590 0.2630 0.3875 0.2590 0.3775 0.2665 0.3775 0.2656 0.3875 0.1930 0.4025 0.2020 0.4038 0.2020 0.4142 0.1930 0.4059 0.2656 0.3875 0.2665 0.3775 0.2743 0.3785 0.2682 0.3879 0.5750 0.0360 0.5535 0.0560 0.5511 0.0323 0.5741 0.0283 0.5511 0.0323 0.5535 0.0560 0.5138 0.0723 0.5105 0.0384 0.2743 0.3785 0.2665 0.3775 0.2685 0.3595 0.2792 0.3609 0.2020 0.4142 0.2020 0.4038 0.2195 0.4057 0.2196 0.4206 0.2665 0.3775 0.2590 0.3775 0.2581 0.3595 0.2685 0.3595 0.2923 0.3874 0.2927 0.3803 0.3102 0.3797 0.3096 0.3896 0.2020 0.4038 0.2021 0.3933 0.2196 0.3907 0.2195 0.4057 0.5511 0.0083 0.5511 0.0323 0.5105 0.0384 0.5105 0.0041 0.2927 0.3803 0.2923 0.3729 0.3097 0.3693 0.3102 0.3797 0.2340 0.3582 0.2348 0.3554 0.2452 0.3577 0.2429 0.3657 0.1637 0.3694 0.1637 0.3850 0.1553 0.3940 0.1434 0.3911 0.1350 0.3780 0.1350 0.3624 0.1434 0.3534 0.1553 0.3563 0.3093 0.2530 0.2959 0.2535 0.2939 0.2436 0.3086 0.2426 0.3459 0.2915 0.3576 0.2749 0.2685 0.2635 0.2739 0.2832 0.2854 0.2785 0.2739 0.2832 0.2685 0.2635 0.2817 0.2582 0.2959 0.2535 0.2817 0.2582 0.2799 0.2475 0.2939 0.2436 0.3348 0.2835 0.3257 0.2775 0.3335 0.2603 0.3454 0.2677 0.2971 0.2734 0.2854 0.2785 0.2817 0.2582 0.2959 0.2535 0.2817 0.2582 0.2685 0.2635 0.2669 0.2525 0.2799 0.2475 0.3459 0.2915 0.3348 0.2835 0.3454 0.2677 0.3576 0.2749 0.2685 0.2635 0.3576 0.2749 0.3633 0.2647 0.2669 0.2525 0.3168 0.2727 0.3211 0.2552 0.3335 0.2603 0.3257 0.2775 0.3576 0.2749 0.3454 0.2677 0.3509 0.2577 0.3633 0.2647 0.3257 0.2775 0.3215 0.2885 0.3139 0.2852 0.3168 0.2727 0.3454 0.2677 0.3335 0.2603 0.3377 0.2501 0.3509 0.2577 0.3211 0.2552 0.3168 0.2727 0.3077 0.2710 0.3093 0.2530 0.3335 0.2603 0.3211 0.2552 0.3233 0.2448 0.3377 0.2501 0.3077 0.2710 0.3055 0.2840 0.2965 0.2861 0.2971 0.2734 0.3301 0.2927 0.3215 0.2885 0.3257 0.2775 0.3348 0.2835 0.3093 0.2530 0.3077 0.2710 0.2971 0.2734 0.2959 0.2535 0.2739 0.2832 0.2777 0.2925 0.3412 0.3011 0.3459 0.2915 0.3049 0.2967 0.3122 0.2977 0.3121 0.3039 0.3058 0.3028 0.3286 0.3033 0.3388 0.3097 0.3370 0.3139 0.3269 0.3082 0.3301 0.2927 0.3286 0.3033 0.3196 0.2997 0.3215 0.2885 0.2777 0.2925 0.2804 0.2990 0.3388 0.3097 0.3412 0.3011 0.3459 0.2915 0.3412 0.3011 0.3301 0.2927 0.3348 0.2835 0.2965 0.2861 0.2973 0.2969 0.2895 0.2978 0.2876 0.2899 0.3139 0.2852 0.3122 0.2977 0.3049 0.2967 0.3055 0.2840 0.2777 0.2925 0.2739 0.2832 0.2854 0.2785 0.2876 0.2899 0.3139 0.2852 0.3215 0.2885 0.3196 0.2997 0.3122 0.2977 0.2965 0.2861 0.2876 0.2899 0.2854 0.2785 0.2971 0.2734 0.2895 0.2978 0.2973 0.2969 0.2990 0.3021 0.2910 0.3017 0.2804 0.2990 0.2895 0.2978 0.2910 0.3017 0.2819 0.3025 0.3301 0.2927 0.3412 0.3011 0.3388 0.3097 0.3286 0.3033 0.3168 0.2727 0.3139 0.2852 0.3055 0.2840 0.3077 0.2710 0.3122 0.2977 0.3196 0.2997 0.3184 0.3053 0.3121 0.3039 0.2973 0.2969 0.3049 0.2967 0.3058 0.3028 0.2990 0.3021 0.2777 0.2925 0.2876 0.2899 0.2895 0.2978 0.2804 0.2990 0.3388 0.3097 0.2804 0.2990 0.2819 0.3025 0.3370 0.3139 0.3135 0.3225 0.3118 0.3306 0.3070 0.3280 0.3110 0.3225 0.2965 0.2861 0.3055 0.2840 0.3049 0.2967 0.2973 0.2969 0.7404 0.2538 0.6925 0.2463 0.6983 0.2223 0.7415 0.2406 0.7404 0.2538 0.7420 0.2620 0.6926 0.2697 0.6925 0.2463 0.7542 0.2629 0.7626 0.2644 0.7628 0.2953 0.7487 0.2800 0.7514 0.2608 0.7420 0.2620 0.7404 0.2538 0.7518 0.2594 0.7437 0.2687 0.6992 0.2923 0.6926 0.2697 0.7420 0.2620 0.7628 0.2953 0.7276 0.3355 0.7105 0.3143 0.7487 0.2800 0.7628 0.2953 0.7869 0.3102 0.7469 0.3554 0.7276 0.3355 0.7487 0.2800 0.7105 0.3143 0.6992 0.2923 0.7437 0.2687 0.4739 0.2986 0.4678 0.3268 0.4616 0.3264 0.4735 0.2985 0.4731 0.2983 0.4735 0.2985 0.4616 0.3264 0.4558 0.3250 0.4157 0.3380 0.4464 0.3152 0.4500 0.3212 0.4219 0.3503 0.4500 0.3212 0.4726 0.2980 0.4731 0.2983 0.4558 0.3250 0.4334 0.3572 0.4219 0.3503 0.4500 0.3212 0.4558 0.3250 0.4112 0.3096 0.4104 0.2957 0.4437 0.2954 0.4443 0.3029 0.4722 0.2975 0.4464 0.3152 0.4451 0.3092 0.4721 0.2971 0.4451 0.3092 0.4443 0.3029 0.4720 0.2966 0.4721 0.2971 0.4616 0.3264 0.4473 0.3602 0.4334 0.3572 0.4558 0.3250 0.4739 0.2986 0.4746 0.2986 0.4753 0.3268 0.4678 0.3268 0.4157 0.3380 0.4127 0.3235 0.4451 0.3092 0.4464 0.3152 0.4719 0.2960 0.4720 0.2966 0.4443 0.3029 0.4437 0.2954 0.4678 0.3268 0.4609 0.3609 0.4473 0.3602 0.4616 0.3264 0.4609 0.3609 0.4678 0.3268 0.4753 0.3268 0.4746 0.3600 0.4726 0.2980 0.4500 0.3212 0.4464 0.3152 0.4722 0.2975 0.3788 0.2959 0.4104 0.2957 0.4112 0.3096 0.3802 0.3136 0.3802 0.3136 0.4112 0.3096 0.4127 0.3235 0.3834 0.3336 0.4572 0.3921 0.4609 0.3609 0.4746 0.3600 0.4749 0.3917 0.4473 0.3602 0.4609 0.3609 0.4572 0.3921 0.4372 0.3896 0.3834 0.3336 0.4127 0.3235 0.4157 0.3380 0.3903 0.3548 0.4334 0.3572 0.4473 0.3602 0.4372 0.3896 0.4165 0.3825 0.4219 0.3503 0.4334 0.3572 0.4165 0.3825 0.4009 0.3713 0.3903 0.3548 0.4157 0.3380 0.4219 0.3503 0.4009 0.3713 0.7537 0.2553 0.7518 0.2594 0.7404 0.2538 0.7415 0.2406 0.7697 0.2563 0.7869 0.3102 0.7628 0.2953 0.7626 0.2644 0.7420 0.2620 0.7514 0.2608 0.7517 0.2613 0.7437 0.2687 0.7537 0.2553 0.7415 0.2406 0.7486 0.2244 0.7596 0.2510 0.7596 0.2510 0.7486 0.2244 0.7648 0.2078 0.7697 0.2563 0.7517 0.2613 0.7542 0.2629 0.7487 0.2800 0.7437 0.2687 0.7415 0.2406 0.6983 0.2223 0.7091 0.1996 0.7486 0.2244 0.4127 0.3235 0.4112 0.3096 0.4443 0.3029 0.4451 0.3092 0.6453 0.2920 0.5837 0.3072 0.5831 0.2904 0.6449 0.2852 0.6474 0.2583 0.5829 0.2388 0.5853 0.2219 0.6556 0.2434 0.6442 0.2711 0.5818 0.2564 0.5829 0.2388 0.6474 0.2583 0.6556 0.2434 0.5853 0.2219 0.5825 0.3438 0.6593 0.3240 0.6493 0.3054 0.5834 0.3251 0.5837 0.3072 0.6453 0.2920 0.6593 0.3240 0.5825 0.3438 0.5834 0.3251 0.6493 0.3054 0.6449 0.2852 0.5831 0.2904 0.5821 0.2738 0.6443 0.2801 0.6443 0.2801 0.5821 0.2738 0.5818 0.2564 0.6442 0.2711 0.6443 0.2801 0.6442 0.2711 0.6536 0.2806 0.6526 0.2825 0.6593 0.3240 0.6493 0.3054 0.6569 0.2862 0.6661 0.2861 0.4716 0.2881 0.4434 0.2745 0.4454 0.2690 0.4719 0.2877 0.4426 0.2800 0.4434 0.2745 0.4716 0.2881 0.4715 0.2886 0.4729 0.2866 0.4550 0.2617 0.4604 0.2599 0.4733 0.2864 0.4713 0.2892 0.4423 0.2858 0.4426 0.2800 0.4715 0.2886 0.4097 0.2270 0.3991 0.2162 0.4170 0.2062 0.4251 0.2209 0.4497 0.2643 0.4454 0.2690 0.4009 0.2363 0.4097 0.2270 0.4604 0.2599 0.4660 0.2582 0.4739 0.2862 0.4733 0.2864 0.4719 0.2877 0.4454 0.2690 0.4497 0.2643 0.4725 0.2870 0.4497 0.2643 0.4550 0.2617 0.4729 0.2866 0.4725 0.2870 0.4556 0.2138 0.4532 0.1956 0.3781 0.2819 0.3963 0.2821 0.4423 0.2858 0.4660 0.2582 0.4556 0.2138 0.3963 0.2821 0.4411 0.2165 0.4251 0.2209 0.4170 0.2062 0.4364 0.1993 0.4411 0.2165 0.4364 0.1993 0.4532 0.1956 0.4556 0.2138 0.3951 0.2677 0.3780 0.2655 0.3816 0.2462 0.3967 0.2514 0.4009 0.2363 0.3967 0.2514 0.3816 0.2462 0.3884 0.2285 0.4497 0.2643 0.4097 0.2270 0.4251 0.2209 0.4550 0.2617 0.3951 0.2677 0.3963 0.2821 0.3781 0.2819 0.3780 0.2655 0.4009 0.2363 0.3884 0.2285 0.3991 0.2162 0.4097 0.2270 0.4660 0.2582 0.4604 0.2599 0.4411 0.2165 0.4556 0.2138 0.4604 0.2599 0.4550 0.2617 0.4251 0.2209 0.4411 0.2165 0.4454 0.2690 0.4434 0.2745 0.3967 0.2514 0.4009 0.2363 0.4426 0.2800 0.3951 0.2677 0.3967 0.2514 0.4434 0.2745 0.4423 0.2858 0.3963 0.2821 0.3951 0.2677 0.4426 0.2800 0.4739 0.2862 0.4660 0.2582 0.4423 0.2858 0.4713 0.2892 0.6493 0.3054 0.6453 0.2920 0.6531 0.2837 0.6569 0.2862 0.6556 0.2434 0.6593 0.3240 0.6661 0.2861 0.6643 0.2767 0.6442 0.2711 0.6474 0.2583 0.6572 0.2770 0.6536 0.2806 0.6453 0.2920 0.6449 0.2852 0.6524 0.2830 0.6531 0.2837 0.6572 0.2770 0.6474 0.2583 0.6556 0.2434 0.6643 0.2767 0.6443 0.2801 0.6526 0.2825 0.6524 0.2830 0.6449 0.2852 0.5147 0.2660 0.5621 0.2556 0.5669 0.2730 0.5189 0.2777 0.5189 0.2777 0.5669 0.2730 0.5696 0.2896 0.5213 0.2926 0.5147 0.2660 0.5112 0.2604 0.5564 0.2420 0.5621 0.2556 0.5210 0.3586 0.5087 0.3596 0.4940 0.3253 0.4980 0.3250 0.5035 0.2636 0.5112 0.2604 0.5147 0.2660 0.5035 0.2644 0.5059 0.2467 0.5461 0.2157 0.5518 0.2305 0.5098 0.2563 0.5087 0.3596 0.4982 0.3601 0.4905 0.3256 0.4940 0.3253 0.4949 0.2316 0.4794 0.2166 0.5276 0.1830 0.5369 0.1985 0.4949 0.2316 0.5369 0.1985 0.5461 0.2157 0.5059 0.2467 0.5149 0.3782 0.5087 0.3596 0.5210 0.3586 0.5320 0.3753 0.4849 0.3048 0.5043 0.3141 0.5038 0.3176 0.4848 0.3050 0.4847 0.3052 0.4848 0.3050 0.5038 0.3176 0.5028 0.3214 0.5210 0.3586 0.4980 0.3250 0.5011 0.3240 0.5303 0.3560 0.5374 0.3362 0.5383 0.3256 0.5582 0.3296 0.5557 0.3446 0.5011 0.3240 0.4846 0.3054 0.4847 0.3052 0.5028 0.3214 0.5347 0.3481 0.5303 0.3560 0.5011 0.3240 0.5028 0.3214 0.4982 0.3601 0.4895 0.3606 0.4876 0.3261 0.4905 0.3256 0.4844 0.3055 0.4980 0.3250 0.4940 0.3253 0.4842 0.3055 0.4940 0.3253 0.4905 0.3256 0.4839 0.3056 0.4842 0.3055 0.5028 0.3214 0.5038 0.3176 0.5374 0.3362 0.5347 0.3481 0.4849 0.3048 0.4838 0.3057 0.4876 0.3261 0.5043 0.3141 0.5019 0.2628 0.4953 0.2628 0.4949 0.2316 0.5059 0.2467 0.5043 0.3141 0.5383 0.3256 0.5374 0.3362 0.5038 0.3176 0.5502 0.3611 0.5437 0.3707 0.5303 0.3560 0.5347 0.3481 0.5347 0.3481 0.5374 0.3362 0.5557 0.3446 0.5502 0.3611 0.4838 0.3057 0.4839 0.3056 0.4905 0.3256 0.4876 0.3261 0.5383 0.3256 0.5043 0.3141 0.4876 0.3261 0.4895 0.3606 0.4846 0.3054 0.5011 0.3240 0.4980 0.3250 0.4844 0.3055 0.7648 0.2078 0.7486 0.2244 0.7091 0.1996 0.7213 0.1780 0.5163 0.3833 0.5149 0.3782 0.5320 0.3753 0.5341 0.3791 0.5320 0.3753 0.5437 0.3707 0.5459 0.3733 0.5341 0.3791 0.5004 0.3795 0.4890 0.3803 0.4895 0.3606 0.4982 0.3601 0.5639 0.3307 0.5582 0.3296 0.4890 0.3803 0.4890 0.3863 0.4890 0.3803 0.5004 0.3795 0.5007 0.3854 0.4890 0.3863 0.5004 0.3795 0.4982 0.3601 0.5087 0.3596 0.5149 0.3782 0.5303 0.3560 0.5437 0.3707 0.5320 0.3753 0.5210 0.3586 0.4890 0.3803 0.5582 0.3296 0.5383 0.3256 0.4895 0.3606 0.5149 0.3782 0.5163 0.3833 0.5007 0.3854 0.5004 0.3795 0.5535 0.3635 0.5502 0.3611 0.5557 0.3446 0.5604 0.3466 0.5582 0.3296 0.5639 0.3307 0.5604 0.3466 0.5557 0.3446 0.5437 0.3707 0.5502 0.3611 0.5535 0.3635 0.5459 0.3733 0.5027 0.2674 0.5035 0.2644 0.5147 0.2660 0.5189 0.2777 0.4899 0.2706 0.4794 0.2166 0.4949 0.2316 0.4953 0.2628 0.5112 0.2604 0.5035 0.2636 0.5034 0.2635 0.5098 0.2563 0.5027 0.2674 0.5189 0.2777 0.5213 0.2926 0.4989 0.2719 0.4989 0.2719 0.5213 0.2926 0.5195 0.3085 0.4899 0.2706 0.5034 0.2635 0.5019 0.2628 0.5059 0.2467 0.5098 0.2563 0.6572 0.2770 0.6643 0.2767 0.6661 0.2861 0.6569 0.2862 0.6531 0.2837 0.6524 0.2830 0.6526 0.2825 0.6536 0.2806 0.7596 0.2510 0.7697 0.2563 0.7626 0.2644 0.7542 0.2629 0.7517 0.2613 0.7514 0.2608 0.7518 0.2594 0.7537 0.2553 0.4989 0.2719 0.4899 0.2706 0.4953 0.2628 0.5019 0.2628 0.5034 0.2635 0.5035 0.2636 0.5035 0.2644 0.5027 0.2674 0.6255 0.0326 0.5947 0.0231 0.6380 0.0095 0.6255 0.0326 0.6380 0.0095 0.6561 0.0382 0.5857 0.0889 0.6009 0.0551 0.6142 0.0886 0.6255 0.0326 0.6561 0.0382 0.6347 0.0585 0.5857 0.0889 0.6142 0.0886 0.6001 0.1228 0.6436 0.0878 0.6641 0.0701 0.6641 0.1057 0.6248 0.1458 0.6339 0.1187 0.6563 0.1398 0.6806 0.0555 0.7061 0.0645 0.6872 0.0878 0.6872 0.0878 0.7063 0.1134 0.6815 0.1213 0.6872 0.0878 0.7061 0.0645 0.7063 0.1134 0.7063 0.1134 0.6809 0.1532 0.6815 0.1213 0.6809 0.1532 0.6563 0.1398 0.6815 0.1213 0.6809 0.1532 0.6383 0.1697 0.6563 0.1398 0.6383 0.1697 0.6248 0.1458 0.6563 0.1398 0.6563 0.1398 0.6641 0.1057 0.6815 0.1213 0.6563 0.1398 0.6339 0.1187 0.6641 0.1057 0.6339 0.1187 0.6436 0.0878 0.6641 0.1057 0.6641 0.1057 0.6872 0.0878 0.6815 0.1213 0.6641 0.1057 0.6641 0.0701 0.6872 0.0878 0.6641 0.0701 0.6806 0.0555 0.6872 0.0878 0.6804 0.0255 0.7061 0.0645 0.6806 0.0555 0.5946 0.1560 0.6248 0.1458 0.6383 0.1697 0.6001 0.1228 0.6339 0.1187 0.6248 0.1458 0.6001 0.1228 0.6142 0.0886 0.6339 0.1187 0.6142 0.0886 0.6436 0.0878 0.6339 0.1187 0.6347 0.0585 0.6641 0.0701 0.6436 0.0878 0.6347 0.0585 0.6561 0.0382 0.6641 0.0701 0.6561 0.0382 0.6806 0.0555 0.6641 0.0701 0.5946 0.1560 0.6001 0.1228 0.6248 0.1458 0.5946 0.1560 0.5661 0.1150 0.6001 0.1228 0.5661 0.1150 0.5857 0.0889 0.6001 0.1228 0.6142 0.0886 0.6347 0.0585 0.6436 0.0878 0.6142 0.0886 0.6009 0.0551 0.6347 0.0585 0.6009 0.0551 0.6255 0.0326 0.6347 0.0585 0.6561 0.0382 0.6804 0.0255 0.6806 0.0555 0.6561 0.0382 0.6380 0.0095 0.6804 0.0255 0.5661 0.0640 0.5857 0.0889 0.5661 0.1150 0.5661 0.0640 0.6009 0.0551 0.5857 0.0889 0.5661 0.0640 0.5947 0.0231 0.6009 0.0551 0.5947 0.0231 0.6255 0.0326 0.6009 0.0551 0.3178 0.3204 0.3135 0.3225 0.3123 0.3184 0.3144 0.3158 0.3218 0.3299 0.3118 0.3306 0.3135 0.3225 0.3178 0.3204 0.2872 0.3205 0.2955 0.3242 0.3118 0.3306 0.3218 0.3299 0.2950 0.3147 0.2987 0.3175 0.2955 0.3242 0.2872 0.3205 0.3003 0.3121 0.3020 0.3151 0.2987 0.3175 0.2950 0.3147 0.3104 0.3129 0.3096 0.3159 0.3058 0.3146 0.3054 0.3116 0.3178 0.3204 0.3269 0.3082 0.3370 0.3139 0.3218 0.3299 0.3054 0.3116 0.3058 0.3146 0.3020 0.3151 0.3003 0.3121 0.2872 0.3205 0.2819 0.3025 0.2910 0.3017 0.2950 0.3147 0.3054 0.3116 0.3058 0.3028 0.3121 0.3039 0.3104 0.3129 0.3003 0.3121 0.2990 0.3021 0.3058 0.3028 0.3054 0.3116 0.3144 0.3158 0.3123 0.3184 0.3096 0.3159 0.3104 0.3129 0.3196 0.2997 0.3286 0.3033 0.3269 0.3082 0.3184 0.3053 0.2819 0.3025 0.2872 0.3205 0.3218 0.3299 0.3370 0.3139 0.3144 0.3158 0.3184 0.3053 0.3269 0.3082 0.3178 0.3204 0.2950 0.3147 0.2910 0.3017 0.2990 0.3021 0.3003 0.3121 0.2987 0.3175 0.3020 0.3151 0.3030 0.3165 0.3009 0.3186 0.3123 0.3184 0.3135 0.3225 0.3110 0.3225 0.3110 0.3192 0.3118 0.3306 0.2955 0.3242 0.3006 0.3246 0.3070 0.3280 0.3058 0.3146 0.3096 0.3159 0.3089 0.3172 0.3059 0.3162 0.2955 0.3242 0.2987 0.3175 0.3009 0.3186 0.3006 0.3246 0.3020 0.3151 0.3058 0.3146 0.3059 0.3162 0.3030 0.3165 0.3096 0.3159 0.3123 0.3184 0.3110 0.3192 0.3089 0.3172 0.3059 0.3162 0.3089 0.3172 0.3110 0.3192 0.3110 0.3225 0.3070 0.3280 0.3006 0.3246 0.3009 0.3186 0.3030 0.3165 0.4364 0.0540 0.4461 0.0774 0.4248 0.0834 0.4174 0.0645 0.5098 0.2563 0.5518 0.2305 0.5564 0.2420 0.5112 0.2604 0.7189 0.4095 0.6897 0.4603 0.6682 0.4578 0.7076 0.3973 0.3104 0.3129 0.3121 0.3039 0.3184 0.3053 0.3144 0.3158 " />
						</IndexedFaceSet>
					</Shape>
				</Group>
			</Transform>
		</Transform>
	</Scene>
</X3D>