<?xml version="1.0" encoding="UTF-8"?>
<!DOCTYPE X3D PUBLIC "ISO//Web3D//DTD X3D 3.0//EN" "http://www.web3d.org/specifications/x3d-3.0.dtd">
<X3D version="3.0" profile="Immersive" xmlns:xsd="http://www.w3.org/2001/XMLSchema-instance" xsd:noNamespaceSchemaLocation="http://www.web3d.org/specifications/x3d-3.0.xsd">
	<head>
		<meta name="filename" content="ツヴァイ.x3d" />
		<meta name="created" content="2026-05-13 18:09:30" />
		<meta name="generator" content="Blender 5.0.1" />
		<meta name="translator" content="Web3D X3D/VRML2 format v2.5.1" />
	</head>
	<Scene>
		<NavigationInfo headlight="true"
		                visibilityLimit="0.0"
		                type='"EXAMINE", "ANY"'
		                avatarSize="0.25, 1.75, 0.75"
		                />
		<Background DEF="WO_World"
		            groundColor="0.051 0.051 0.051"
		            skyColor="0.051 0.051 0.051"
		            />
		<Transform DEF="ルビーサファイヤ_TRANSFORM"
		           translation="0.000000 0.455975 0.000000"
		           scale="0.026531 0.026531 0.026531"
		           rotation="-1.000000 0.000000 0.000000 1.570796"
		           >
			<Transform DEF="ルビーサファイヤ_ifs_TRANSFORM"
			           translation="0.000000 0.000000 0.000002"
			           scale="1.000000 1.000000 1.000000"
			           rotation="0.000000 1.000000 0.000000 0.000000"
			           >
				<Group DEF="group_ME_円">
					<Shape>
						<Appearance>
						</Appearance>
						<IndexedFaceSet solid="false"
						                normalPerVertex="true"
						                texCoordIndex="0 1 2 -1 3 4 5 -1 6 7 8 -1 9 10 11 -1 12 13 14 -1 15 16 17 -1 18 19 20 -1 21 22 23 -1 24 25 26 -1 27 28 29 -1 30 31 32 -1 33 34 35 -1 36 37 38 -1 39 40 41 -1 42 43 44 -1 45 46 47 -1 48 49 50 -1 51 52 53 -1 54 55 56 -1 57 58 59 -1 60 61 62 -1 63 64 65 -1 66 67 68 -1 69 70 71 -1 72 73 74 -1 75 76 77 -1 78 79 80 -1 81 82 83 -1 84 85 86 -1 87 88 89 -1 90 91 92 -1 93 94 95 -1 96 97 98 -1 99 100 101 -1 102 103 104 -1 105 106 107 -1 108 109 110 -1 111 112 113 -1 114 115 116 -1 117 118 119 -1 120 121 122 -1 123 124 125 -1 126 127 128 -1 129 130 131 -1 "
						                coordIndex="12 5 6 -1 12 3 4 -1 2 3 12 -1 0 1 12 -1 12 7 8 -1 12 9 10 -1 1 2 12 -1 5 12 4 -1 7 12 6 -1 9 12 8 -1 11 12 10 -1 11 0 12 -1 13 6 5 -1 13 4 3 -1 2 13 3 -1 0 13 1 -1 13 8 7 -1 13 10 9 -1 1 13 2 -1 5 4 13 -1 7 6 13 -1 9 8 13 -1 11 10 13 -1 11 13 0 -1 16 14 25 -1 14 16 17 -1 14 17 18 -1 14 18 19 -1 14 19 20 -1 14 20 21 -1 14 21 22 -1 14 22 23 -1 14 23 24 -1 14 24 25 -1 15 16 25 -1 16 15 17 -1 17 15 18 -1 18 15 19 -1 19 15 20 -1 20 15 21 -1 21 15 22 -1 22 15 23 -1 23 15 24 -1 24 15 25 -1 "
						                >
							<Coordinate DEF="coords_ME_円"
							            point="-0.508120 -0.859172 0.206722 -0.506925 -0.672494 -0.267713 -0.650334 -0.545803 -0.732200 -0.250556 -0.330964 -0.884536 0.083761 -0.070679 -1.217341 0.446980 -0.055104 -0.898119 0.960071 0.091076 -0.763559 0.888146 -0.120775 -0.294879 1.102285 -0.222294 0.175363 0.631777 -0.462306 0.321944 0.368189 -0.697418 0.660504 -0.065759 -0.738165 0.335527 0.294893 -0.666674 -0.387262 0.085541 -0.126876 -0.175393 -0.235860 0.735851 0.549591 -0.369608 0.367178 0.239442 0.191566 0.505128 0.316995 0.442078 0.801708 -0.224078 -0.167755 0.873948 0.033531 -0.653967 1.225592 -0.255295 -0.695153 0.848058 0.291740 -1.264620 0.717925 0.611505 -0.661783 0.463236 0.734787 -0.545979 -0.019716 1.178434 -0.113761 0.251294 0.750395 0.508817 0.032065 0.662016 "
							            />
							<Normal DEF="normals_ME_円"
							        vector="-0.717663 -0.477349 0.507047 -0.929585 -0.368101 0.019301 -0.869561 -0.152951 -0.469542 -0.578829 0.093463 -0.810075 -0.098563 0.330228 -0.938741 0.359268 0.458396 -0.812896 0.749857 0.472561 -0.463034 0.930134 0.366885 -0.015662 0.882682 0.170428 0.437981 0.601753 -0.078580 0.794807 0.185508 -0.295844 0.937050 -0.328449 -0.452742 0.828943 0.333701 -0.877623 -0.344123 -0.345425 0.873451 0.343169 0.267494 0.737346 0.620296 -0.267494 -0.737346 -0.620296 0.994577 -0.028812 -0.099936 0.737628 0.230998 -0.634464 0.288047 0.696399 -0.657311 -0.358048 0.654740 -0.665671 -0.748975 0.645490 -0.149596 -0.968495 0.147243 0.200839 -0.683360 -0.111183 0.721566 -0.250097 -0.590150 0.767577 0.394214 -0.527924 0.752258 0.804345 -0.538387 0.251332 "
							        />
							<TextureCoordinate point="0.0000 0.0000 0.0000 0.0000 0.0000 0.0000 0.0000 0.0000 0.0000 0.0000 0.0000 0.0000 0.0000 0.0000 0.0000 0.0000 0.0000 0.0000 0.0000 0.0000 0.0000 0.0000 0.0000 0.0000 0.0000 0.0000 0.0000 0.0000 0.0000 0.0000 0.0000 0.0000 0.0000 0.0000 0.0000 0.0000 0.0000 0.0000 0.0000 0.0000 0.0000 0.0000 0.0000 0.0000 0.0000 0.0000 0.0000 0.0000 0.0000 0.0000 0.0000 0.0000 0.0000 0.0000 0.0000 0.0000 0.0000 0.0000 0.0000 0.0000 0.0000 0.0000 0.0000 0.0000 0.0000 0.0000 0.0000 0.0000 0.0000 0.0000 0.0000 0.0000 0.0000 0.0000 0.0000 0.0000 0.0000 0.0000 0.0000 0.0000 0.0000 0.0000 0.0000 0.0000 0.0000 0.0000 0.0000 0.0000 0.0000 0.0000 0.0000 0.0000 0.0000 0.0000 0.0000 0.0000 0.0000 0.0000 0.0000 0.0000 0.0000 0.0000 0.0000 0.0000 0.0000 0.0000 0.0000 0.0000 0.0000 0.0000 0.0000 0.0000 0.0000 0.0000 0.0000 0.0000 0.0000 0.0000 0.0000 0.0000 0.0000 0.0000 0.0000 0.0000 0.0000 0.0000 0.0000 0.0000 0.0000 0.0000 0.0000 0.0000 0.0000 0.0000 0.0000 0.0000 0.0000 0.0000 0.0000 0.0000 0.0000 0.0000 0.0000 0.0000 0.0000 0.0000 0.0000 0.0000 0.0000 0.0000 0.0000 0.0000 0.0000 0.0000 0.0000 0.0000 0.0000 0.0000 0.0000 0.0000 0.0000 0.0000 0.0000 0.0000 0.0000 0.0000 0.0000 0.0000 0.0000 0.0000 0.0000 0.0000 0.0000 0.0000 0.0000 0.0000 0.0000 0.0000 0.0000 0.0000 0.0000 0.0000 0.0000 0.0000 0.0000 0.0000 0.0000 0.0000 0.0000 0.0000 0.0000 0.0000 0.0000 0.0000 0.0000 0.0000 0.0000 0.0000 0.0000 0.0000 0.0000 0.0000 0.0000 0.0000 0.0000 0.0000 0.0000 0.0000 0.0000 0.0000 0.0000 0.0000 0.0000 0.0000 0.0000 0.0000 0.0000 0.0000 0.0000 0.0000 0.0000 0.0000 0.0000 0.0000 0.0000 0.0000 0.0000 0.0000 0.0000 0.0000 0.0000 0.0000 0.0000 0.0000 0.0000 0.0000 0.0000 0.0000 0.0000 0.0000 0.0000 0.0000 0.0000 0.0000 0.0000 0.0000 0.0000 0.0000 0.0000 0.0000 0.0000 0.0000 0.0000 0.0000 0.0000 0.0000 0.0000 0.0000 0.0000 0.0000 0.0000 0.0000 0.0000 0.0000 " />
						</IndexedFaceSet>
					</Shape>
				</Group>
			</Transform>
		</Transform>
		<Transform DEF="黄色(持ち手etc)_TRANSFORM"
		           translation="0.000000 0.000000 0.000000"
		           scale="1.000000 1.000000 1.000000"
		           rotation="-1.000000 0.000000 0.000000 1.570796"
		           >
			<Transform DEF="黄色(持ち手etc)_ifs_TRANSFORM"
			           translation="0.000000 0.000000 0.000000"
			           scale="1.000000 1.000000 1.000000"
			           rotation="0.000000 1.000000 0.000000 0.000000"
			           >
				<Group DEF="group_ME_円柱_001">
					<Shape>
						<Appearance>
						</Appearance>
						<IndexedFaceSet solid="false"
						                normalPerVertex="true"
						                texCoordIndex="0 1 2 3 -1 4 5 6 7 -1 8 9 10 11 -1 12 13 14 15 -1 16 17 18 19 -1 20 21 22 23 -1 24 25 26 27 -1 28 29 30 31 -1 32 33 34 35 -1 36 37 38 39 -1 40 41 42 43 -1 44 45 46 47 -1 48 49 50 51 -1 52 53 54 55 -1 56 57 58 59 -1 60 61 62 63 -1 64 65 66 67 -1 68 69 70 71 -1 72 73 74 75 -1 76 77 78 79 -1 80 81 82 83 -1 84 85 86 87 -1 88 89 90 91 -1 92 93 94 95 -1 96 97 98 99 -1 100 101 102 103 104 105 106 107 -1 108 109 110 111 -1 112 113 114 115 -1 116 117 118 119 -1 120 121 122 123 -1 124 125 126 127 -1 128 129 130 131 -1 132 133 134 135 -1 136 137 138 139 -1 140 141 142 143 -1 144 145 146 147 -1 148 149 150 151 -1 152 153 154 155 -1 156 157 158 159 -1 160 161 162 163 -1 164 165 166 167 -1 168 169 170 171 -1 172 173 174 175 -1 176 177 178 179 -1 180 181 182 183 -1 184 185 186 187 -1 188 189 190 191 -1 192 193 194 195 -1 196 197 198 199 -1 200 201 202 203 -1 204 205 206 207 -1 208 209 210 211 -1 212 213 214 215 -1 216 217 218 219 -1 220 221 222 223 -1 224 225 226 227 -1 228 229 230 231 -1 232 233 234 235 -1 236 237 238 239 -1 240 241 242 243 -1 244 245 246 247 -1 248 249 250 251 -1 252 253 254 255 -1 256 257 258 259 -1 260 261 262 263 -1 264 265 266 267 -1 268 269 270 271 -1 272 273 274 275 -1 276 277 278 279 -1 280 281 282 283 -1 284 285 286 287 -1 288 289 290 291 -1 292 293 294 295 -1 296 297 298 299 -1 300 301 302 303 -1 304 305 306 307 -1 308 309 310 311 -1 312 313 314 315 -1 316 317 318 319 -1 320 321 322 323 -1 324 325 326 327 -1 328 329 330 331 -1 332 333 334 335 -1 336 337 338 339 -1 340 341 342 343 -1 344 345 346 347 -1 348 349 350 351 -1 352 353 354 355 -1 356 357 358 359 -1 360 361 362 363 -1 364 365 366 367 -1 368 369 370 371 -1 372 373 374 375 -1 376 377 378 379 -1 380 381 382 383 -1 384 385 386 387 -1 388 389 390 391 -1 392 393 394 395 -1 396 397 398 399 -1 400 401 402 403 -1 404 405 406 407 -1 408 409 410 411 -1 412 413 414 415 -1 416 417 418 419 -1 420 421 422 423 -1 424 425 426 427 428 429 430 431 -1 432 433 434 435 -1 436 437 438 439 -1 440 441 442 443 -1 444 445 446 447 -1 448 449 450 451 -1 452 453 454 455 -1 456 457 458 459 -1 460 461 462 463 -1 464 465 466 467 -1 468 469 470 471 -1 472 473 474 475 -1 476 477 478 479 -1 480 481 482 483 -1 484 485 486 487 -1 488 489 490 491 -1 492 493 494 495 -1 496 497 498 499 -1 500 501 502 503 -1 504 505 506 507 -1 508 509 510 511 -1 512 513 514 515 -1 516 517 518 519 -1 520 521 522 523 -1 524 525 526 527 -1 528 529 530 531 -1 532 533 534 535 -1 536 537 538 539 -1 540 541 542 543 -1 544 545 546 547 -1 548 549 550 551 -1 552 553 554 555 -1 556 557 558 559 -1 560 561 562 563 -1 564 565 566 567 -1 568 569 570 571 -1 572 573 574 575 -1 576 577 578 579 -1 580 581 582 583 -1 584 585 586 587 -1 588 589 590 591 -1 592 593 594 595 -1 596 597 598 599 -1 600 601 602 603 -1 604 605 606 607 -1 608 609 610 611 -1 612 613 614 615 -1 616 617 618 619 -1 620 621 622 623 -1 624 625 626 627 -1 628 629 630 631 -1 632 633 634 635 -1 636 637 638 639 -1 640 641 642 643 -1 644 645 646 647 -1 648 649 650 651 -1 652 653 654 655 -1 656 657 658 659 -1 660 661 662 663 -1 664 665 666 667 -1 668 669 670 671 -1 672 673 674 675 -1 676 677 678 679 -1 680 681 682 683 -1 684 685 686 687 -1 688 689 690 691 -1 692 693 694 695 -1 696 697 698 699 -1 700 701 702 703 -1 704 705 706 707 -1 708 709 710 711 -1 712 713 714 715 -1 716 717 718 719 -1 720 721 722 723 -1 724 725 726 727 -1 728 729 730 731 -1 732 733 734 735 -1 736 737 738 739 -1 740 741 742 743 -1 744 745 746 747 -1 748 749 750 751 -1 752 753 754 755 -1 756 757 758 759 -1 760 761 762 763 -1 764 765 766 767 -1 768 769 770 771 -1 772 773 774 775 -1 776 777 778 779 -1 780 781 782 783 -1 784 785 786 787 -1 788 789 790 791 -1 792 793 794 795 -1 796 797 798 799 -1 800 801 802 803 -1 804 805 806 807 -1 808 809 810 811 -1 812 813 814 815 -1 816 817 818 819 -1 820 821 822 823 -1 824 825 826 827 -1 828 829 830 831 -1 832 833 834 835 -1 836 837 838 839 -1 840 841 842 843 -1 844 845 846 847 -1 848 849 850 851 -1 852 853 854 855 -1 856 857 858 859 -1 860 861 862 863 -1 864 865 866 867 -1 868 869 870 871 -1 872 873 874 875 -1 876 877 878 879 -1 880 881 882 883 -1 884 885 886 887 -1 888 889 890 891 -1 892 893 894 895 -1 896 897 898 899 -1 900 901 902 903 -1 904 905 906 907 -1 908 909 910 911 -1 912 913 914 915 -1 916 917 918 919 -1 920 921 922 923 -1 924 925 926 927 -1 928 929 930 931 -1 932 933 934 935 -1 936 937 938 939 -1 940 941 942 943 -1 944 945 946 947 -1 948 949 950 951 -1 952 953 954 955 -1 956 957 958 959 -1 960 961 962 963 -1 964 965 966 967 -1 968 969 970 971 -1 972 973 974 975 -1 976 977 978 979 -1 980 981 982 983 -1 984 985 986 987 -1 988 989 990 991 -1 992 993 994 995 -1 996 997 998 999 -1 1000 1001 1002 1003 -1 1004 1005 1006 1007 -1 1008 1009 1010 1011 -1 1012 1013 1014 1015 -1 1016 1017 1018 1019 -1 1020 1021 1022 1023 -1 1024 1025 1026 1027 -1 1028 1029 1030 1031 -1 1032 1033 1034 1035 -1 1036 1037 1038 1039 -1 1040 1041 1042 1043 -1 1044 1045 1046 1047 -1 1048 1049 1050 1051 -1 1052 1053 1054 1055 -1 1056 1057 1058 1059 -1 1060 1061 1062 1063 -1 1064 1065 1066 1067 -1 1068 1069 1070 1071 -1 1072 1073 1074 1075 -1 1076 1077 1078 1079 -1 1080 1081 1082 1083 -1 1084 1085 1086 1087 -1 1088 1089 1090 1091 -1 1092 1093 1094 1095 -1 1096 1097 1098 1099 -1 1100 1101 1102 1103 -1 1104 1105 1106 1107 -1 1108 1109 1110 1111 -1 1112 1113 1114 1115 -1 1116 1117 1118 1119 -1 1120 1121 1122 1123 -1 1124 1125 1126 1127 -1 1128 1129 1130 1131 -1 1132 1133 1134 1135 -1 1136 1137 1138 1139 -1 1140 1141 1142 1143 -1 1144 1145 1146 1147 -1 1148 1149 1150 1151 -1 1152 1153 1154 1155 -1 1156 1157 1158 1159 -1 1160 1161 1162 1163 -1 1164 1165 1166 1167 -1 1168 1169 1170 1171 -1 1172 1173 1174 1175 -1 1176 1177 1178 1179 -1 1180 1181 1182 1183 -1 1184 1185 1186 1187 -1 1188 1189 1190 1191 -1 1192 1193 1194 1195 -1 1196 1197 1198 1199 -1 1200 1201 1202 1203 -1 1204 1205 1206 1207 -1 1208 1209 1210 1211 -1 1212 1213 1214 1215 -1 1216 1217 1218 1219 -1 1220 1221 1222 1223 -1 1224 1225 1226 1227 -1 1228 1229 1230 1231 -1 1232 1233 1234 1235 -1 1236 1237 1238 1239 -1 1240 1241 1242 1243 -1 1244 1245 1246 1247 -1 1248 1249 1250 1251 -1 1252 1253 1254 1255 -1 1256 1257 1258 1259 -1 1260 1261 1262 1263 -1 1264 1265 1266 1267 -1 1268 1269 1270 1271 -1 1272 1273 1274 1275 -1 1276 1277 1278 1279 -1 1280 1281 1282 1283 -1 1284 1285 1286 1287 -1 1288 1289 1290 1291 -1 1292 1293 1294 1295 -1 1296 1297 1298 1299 -1 1300 1301 1302 1303 -1 1304 1305 1306 1307 -1 1308 1309 1310 1311 -1 1312 1313 1314 1315 -1 1316 1317 1318 1319 -1 1320 1321 1322 1323 -1 1324 1325 1326 1327 -1 1328 1329 1330 1331 -1 1332 1333 1334 1335 -1 1336 1337 1338 1339 -1 1340 1341 1342 1343 -1 1344 1345 1346 1347 -1 1348 1349 1350 1351 -1 1352 1353 1354 1355 -1 1356 1357 1358 1359 -1 1360 1361 1362 1363 -1 1364 1365 1366 1367 -1 1368 1369 1370 1371 -1 1372 1373 1374 1375 -1 1376 1377 1378 1379 -1 1380 1381 1382 1383 -1 1384 1385 1386 1387 -1 1388 1389 1390 1391 -1 1392 1393 1394 1395 -1 1396 1397 1398 1399 -1 1400 1401 1402 1403 -1 1404 1405 1406 1407 -1 1408 1409 1410 1411 -1 1412 1413 1414 1415 -1 1416 1417 1418 1419 -1 1420 1421 1422 1423 -1 1424 1425 1426 1427 -1 1428 1429 1430 1431 -1 1432 1433 1434 1435 -1 1436 1437 1438 1439 -1 1440 1441 1442 1443 -1 1444 1445 1446 1447 -1 1448 1449 1450 1451 -1 1452 1453 1454 1455 -1 1456 1457 1458 1459 -1 1460 1461 1462 1463 -1 1464 1465 1466 1467 -1 1468 1469 1470 1471 -1 1472 1473 1474 1475 -1 1476 1477 1478 1479 -1 1480 1481 1482 1483 -1 1484 1485 1486 1487 -1 1488 1489 1490 1491 -1 1492 1493 1494 1495 -1 1496 1497 1498 1499 -1 1500 1501 1502 1503 -1 1504 1505 1506 1507 -1 1508 1509 1510 1511 -1 1512 1513 1514 1515 -1 1516 1517 1518 1519 -1 1520 1521 1522 1523 -1 1524 1525 1526 1527 -1 1528 1529 1530 1531 -1 1532 1533 1534 1535 -1 1536 1537 1538 1539 -1 1540 1541 1542 1543 -1 1544 1545 1546 1547 -1 1548 1549 1550 1551 -1 1552 1553 1554 1555 -1 1556 1557 1558 1559 -1 1560 1561 1562 1563 -1 1564 1565 1566 1567 -1 1568 1569 1570 1571 -1 1572 1573 1574 1575 -1 1576 1577 1578 1579 -1 1580 1581 1582 1583 -1 1584 1585 1586 1587 -1 1588 1589 1590 1591 -1 1592 1593 1594 1595 -1 1596 1597 1598 1599 -1 1600 1601 1602 1603 -1 1604 1605 1606 1607 -1 1608 1609 1610 1611 -1 1612 1613 1614 1615 -1 1616 1617 1618 1619 -1 1620 1621 1622 1623 -1 1624 1625 1626 1627 -1 1628 1629 1630 1631 -1 1632 1633 1634 1635 -1 1636 1637 1638 1639 -1 1640 1641 1642 1643 -1 1644 1645 1646 1647 -1 1648 1649 1650 1651 -1 1652 1653 1654 1655 -1 1656 1657 1658 1659 -1 1660 1661 1662 1663 -1 1664 1665 1666 1667 -1 1668 1669 1670 1671 -1 1672 1673 1674 1675 -1 1676 1677 1678 1679 -1 1680 1681 1682 1683 -1 1684 1685 1686 1687 -1 1688 1689 1690 1691 -1 1692 1693 1694 1695 -1 1696 1697 1698 1699 -1 1700 1701 1702 1703 -1 1704 1705 1706 1707 -1 1708 1709 1710 1711 -1 1712 1713 1714 1715 -1 1716 1717 1718 1719 -1 1720 1721 1722 1723 -1 1724 1725 1726 1727 -1 1728 1729 1730 1731 -1 1732 1733 1734 1735 -1 1736 1737 1738 1739 -1 1740 1741 1742 1743 -1 1744 1745 1746 1747 -1 1748 1749 1750 1751 -1 1752 1753 1754 1755 -1 1756 1757 1758 1759 -1 1760 1761 1762 1763 -1 1764 1765 1766 1767 -1 1768 1769 1770 1771 -1 1772 1773 1774 1775 -1 1776 1777 1778 1779 -1 1780 1781 1782 1783 -1 1784 1785 1786 1787 -1 1788 1789 1790 1791 -1 1792 1793 1794 1795 -1 1796 1797 1798 1799 -1 1800 1801 1802 1803 -1 1804 1805 1806 1807 -1 1808 1809 1810 1811 -1 1812 1813 1814 1815 -1 1816 1817 1818 1819 -1 1820 1821 1822 1823 -1 1824 1825 1826 1827 -1 1828 1829 1830 1831 -1 1832 1833 1834 1835 -1 1836 1837 1838 1839 -1 1840 1841 1842 1843 -1 1844 1845 1846 1847 -1 1848 1849 1850 1851 -1 1852 1853 1854 1855 -1 1856 1857 1858 1859 -1 1860 1861 1862 1863 -1 1864 1865 1866 1867 -1 1868 1869 1870 1871 -1 1872 1873 1874 1875 -1 1876 1877 1878 1879 -1 1880 1881 1882 1883 -1 1884 1885 1886 1887 -1 1888 1889 1890 1891 -1 1892 1893 1894 1895 -1 1896 1897 1898 1899 -1 1900 1901 1902 1903 -1 1904 1905 1906 1907 -1 1908 1909 1910 1911 -1 1912 1913 1914 1915 -1 1916 1917 1918 1919 -1 1920 1921 1922 1923 -1 1924 1925 1926 1927 -1 1928 1929 1930 1931 -1 1932 1933 1934 1935 -1 1936 1937 1938 1939 -1 1940 1941 1942 1943 -1 1944 1945 1946 1947 -1 1948 1949 1950 1951 -1 1952 1953 1954 1955 -1 1956 1957 1958 1959 -1 1960 1961 1962 1963 -1 1964 1965 1966 1967 -1 1968 1969 1970 1971 -1 1972 1973 1974 1975 -1 1976 1977 1978 1979 -1 1980 1981 1982 1983 -1 1984 1985 1986 1987 -1 1988 1989 1990 1991 -1 1992 1993 1994 1995 -1 1996 1997 1998 1999 -1 2000 2001 2002 2003 -1 2004 2005 2006 2007 -1 2008 2009 2010 2011 -1 2012 2013 2014 2015 -1 2016 2017 2018 2019 -1 2020 2021 2022 2023 -1 2024 2025 2026 2027 -1 2028 2029 2030 2031 -1 2032 2033 2034 2035 -1 2036 2037 2038 2039 -1 2040 2041 2042 2043 -1 2044 2045 2046 2047 -1 2048 2049 2050 2051 -1 2052 2053 2054 2055 -1 2056 2057 2058 2059 -1 2060 2061 2062 2063 -1 2064 2065 2066 2067 -1 2068 2069 2070 2071 -1 2072 2073 2074 2075 -1 2076 2077 2078 2079 -1 2080 2081 2082 2083 -1 2084 2085 2086 2087 -1 2088 2089 2090 2091 -1 2092 2093 2094 2095 -1 2096 2097 2098 2099 -1 2100 2101 2102 2103 -1 2104 2105 2106 2107 -1 2108 2109 2110 2111 -1 2112 2113 2114 2115 -1 2116 2117 2118 2119 -1 2120 2121 2122 2123 -1 2124 2125 2126 2127 -1 2128 2129 2130 2131 -1 2132 2133 2134 2135 -1 2136 2137 2138 2139 -1 2140 2141 2142 2143 -1 2144 2145 2146 2147 -1 2148 2149 2150 2151 -1 2152 2153 2154 2155 -1 2156 2157 2158 2159 -1 2160 2161 2162 2163 -1 2164 2165 2166 2167 -1 2168 2169 2170 2171 -1 2172 2173 2174 2175 -1 2176 2177 2178 2179 -1 2180 2181 2182 2183 -1 2184 2185 2186 2187 -1 2188 2189 2190 2191 -1 2192 2193 2194 2195 -1 2196 2197 2198 2199 -1 2200 2201 2202 2203 -1 2204 2205 2206 2207 -1 2208 2209 2210 2211 -1 2212 2213 2214 2215 -1 2216 2217 2218 2219 -1 2220 2221 2222 2223 -1 2224 2225 2226 2227 -1 2228 2229 2230 2231 -1 2232 2233 2234 2235 -1 2236 2237 2238 2239 -1 2240 2241 2242 2243 -1 2244 2245 2246 2247 -1 2248 2249 2250 2251 2252 2253 2254 2255 -1 2256 2257 2258 2259 2260 2261 2262 2263 -1 2264 2265 2266 -1 2267 2268 2269 -1 2270 2271 2272 -1 2273 2274 2275 -1 2276 2277 2278 -1 2279 2280 2281 -1 2282 2283 2284 -1 2285 2286 2287 -1 2288 2289 2290 -1 2291 2292 2293 -1 2294 2295 2296 -1 2297 2298 2299 -1 2300 2301 2302 -1 2303 2304 2305 -1 2306 2307 2308 -1 2309 2310 2311 -1 2312 2313 2314 -1 2315 2316 2317 -1 2318 2319 2320 -1 2321 2322 2323 -1 2324 2325 2326 2327 -1 2328 2329 2330 2331 -1 2332 2333 2334 2335 -1 2336 2337 2338 2339 -1 2340 2341 2342 2343 -1 2344 2345 2346 2347 -1 2348 2349 2350 2351 -1 2352 2353 2354 2355 -1 2356 2357 2358 2359 -1 2360 2361 2362 2363 -1 2364 2365 2366 2367 -1 2368 2369 2370 2371 -1 2372 2373 2374 2375 -1 2376 2377 2378 2379 -1 2380 2381 2382 2383 -1 2384 2385 2386 2387 -1 2388 2389 2390 2391 2392 2393 2394 2395 -1 2396 2397 2398 2399 2400 2401 2402 2403 -1 2404 2405 2406 2407 -1 2408 2409 2410 2411 -1 2412 2413 2414 2415 -1 2416 2417 2418 2419 -1 2420 2421 2422 2423 -1 2424 2425 2426 2427 -1 2428 2429 2430 2431 -1 2432 2433 2434 2435 -1 2436 2437 2438 2439 -1 2440 2441 2442 2443 -1 2444 2445 2446 2447 -1 2448 2449 2450 2451 -1 2452 2453 2454 2455 -1 2456 2457 2458 2459 -1 2460 2461 2462 2463 -1 2464 2465 2466 2467 -1 2468 2469 2470 2471 -1 2472 2473 2474 2475 -1 2476 2477 2478 2479 -1 2480 2481 2482 2483 -1 2484 2485 2486 2487 -1 2488 2489 2490 2491 -1 2492 2493 2494 2495 -1 2496 2497 2498 2499 -1 2500 2501 2502 2503 -1 2504 2505 2506 2507 -1 2508 2509 2510 2511 -1 2512 2513 2514 2515 -1 2516 2517 2518 2519 -1 2520 2521 2522 2523 -1 2524 2525 2526 2527 -1 2528 2529 2530 2531 -1 2532 2533 2534 2535 -1 2536 2537 2538 2539 -1 2540 2541 2542 2543 -1 2544 2545 2546 2547 -1 2548 2549 2550 2551 -1 2552 2553 2554 2555 -1 2556 2557 2558 2559 -1 2560 2561 2562 2563 -1 2564 2565 2566 2567 -1 2568 2569 2570 2571 -1 2572 2573 2574 2575 -1 2576 2577 2578 2579 -1 2580 2581 2582 2583 -1 2584 2585 2586 2587 -1 2588 2589 2590 2591 -1 2592 2593 2594 2595 -1 2596 2597 2598 2599 -1 2600 2601 2602 2603 -1 2604 2605 2606 2607 -1 2608 2609 2610 2611 -1 2612 2613 2614 -1 2615 2616 2617 -1 2618 2619 2620 -1 2621 2622 2623 -1 2624 2625 2626 -1 2627 2628 2629 -1 2630 2631 2632 -1 2633 2634 2635 -1 2636 2637 2638 -1 2639 2640 2641 -1 2642 2643 2644 -1 2645 2646 2647 -1 2648 2649 2650 -1 2651 2652 2653 -1 2654 2655 2656 -1 2657 2658 2659 -1 2660 2661 2662 -1 2663 2664 2665 -1 2666 2667 2668 -1 2669 2670 2671 -1 2672 2673 2674 -1 2675 2676 2677 -1 2678 2679 2680 -1 2681 2682 2683 -1 2684 2685 2686 -1 2687 2688 2689 -1 2690 2691 2692 -1 2693 2694 2695 -1 2696 2697 2698 -1 2699 2700 2701 -1 2702 2703 2704 -1 2705 2706 2707 -1 2708 2709 2710 -1 2711 2712 2713 -1 2714 2715 2716 -1 2717 2718 2719 -1 2720 2721 2722 -1 2723 2724 2725 -1 2726 2727 2728 -1 2729 2730 2731 -1 "
						                coordIndex="7 65 70 0 -1 15 8 16 23 -1 13 14 22 21 -1 11 12 20 19 -1 9 10 18 17 -1 14 15 23 22 -1 12 13 21 20 -1 10 11 19 18 -1 8 9 17 16 -1 17 18 26 25 -1 22 23 31 30 -1 20 21 29 28 -1 18 19 27 26 -1 16 17 25 24 -1 23 16 24 31 -1 21 22 30 29 -1 19 20 28 27 -1 31 24 32 39 -1 29 30 38 37 -1 27 28 36 35 -1 25 26 34 33 -1 30 31 39 38 -1 28 29 37 36 -1 26 27 35 34 -1 24 25 33 32 -1 32 33 34 35 36 37 38 39 -1 44 40 41 45 -1 42 44 45 43 -1 40 44 47 46 -1 52 53 49 48 -1 50 51 53 52 -1 48 54 55 52 -1 41 49 53 45 -1 40 48 49 41 -1 44 52 55 47 -1 42 50 52 44 -1 45 53 51 43 -1 46 54 48 40 -1 58 59 57 56 -1 42 43 59 58 -1 56 46 47 58 -1 62 60 61 63 -1 50 62 63 51 -1 60 62 55 54 -1 57 59 63 61 -1 56 57 61 60 -1 58 47 55 62 -1 42 58 62 50 -1 59 43 51 63 -1 46 56 60 54 -1 4 66 64 5 -1 3 67 66 4 -1 6 71 65 7 -1 0 70 69 1 -1 1 69 68 2 -1 5 64 71 6 -1 2 68 67 3 -1 86 82 72 78 -1 84 86 78 73 -1 83 85 75 76 -1 81 84 73 74 -1 87 80 77 79 -1 85 81 74 75 -1 82 87 79 72 -1 80 83 76 77 -1 66 67 83 80 -1 71 64 87 82 -1 68 69 81 85 -1 64 66 80 87 -1 69 70 84 81 -1 67 68 85 83 -1 70 65 86 84 -1 65 71 82 86 -1 90 98 99 91 -1 88 96 97 89 -1 95 103 96 88 -1 93 101 102 94 -1 91 99 100 92 -1 89 97 98 90 -1 94 102 103 95 -1 92 100 101 93 -1 101 109 110 102 -1 99 107 108 100 -1 97 105 106 98 -1 102 110 111 103 -1 100 108 109 101 -1 98 106 107 99 -1 96 104 105 97 -1 103 111 104 96 -1 114 122 123 115 -1 112 120 121 113 -1 119 127 120 112 -1 117 125 126 118 -1 115 123 124 116 -1 113 121 122 114 -1 118 126 127 119 -1 116 124 125 117 -1 125 133 134 126 -1 123 131 132 124 -1 121 129 130 122 -1 126 134 135 127 -1 124 132 133 125 -1 122 130 131 123 -1 120 128 129 121 -1 127 135 128 120 -1 128 135 134 133 132 131 130 129 -1 136 137 145 144 -1 137 138 146 145 -1 138 139 147 146 -1 139 140 148 147 -1 140 141 149 148 -1 141 142 150 149 -1 142 143 151 150 -1 143 136 144 151 -1 144 145 153 152 -1 145 146 154 153 -1 146 147 155 154 -1 147 148 156 155 -1 148 149 157 156 -1 149 150 158 157 -1 150 151 159 158 -1 151 144 152 159 -1 152 153 161 160 -1 153 154 162 161 -1 154 155 163 162 -1 155 156 164 163 -1 156 157 165 164 -1 157 158 166 165 -1 158 159 167 166 -1 159 152 160 167 -1 160 161 169 168 -1 161 162 170 169 -1 162 163 171 170 -1 163 164 172 171 -1 164 165 173 172 -1 165 166 174 173 -1 166 167 175 174 -1 167 160 168 175 -1 168 169 177 176 -1 169 170 178 177 -1 170 171 179 178 -1 171 172 180 179 -1 172 173 181 180 -1 173 174 182 181 -1 174 175 183 182 -1 175 168 176 183 -1 176 177 185 184 -1 177 178 186 185 -1 178 179 187 186 -1 179 180 188 187 -1 180 181 189 188 -1 181 182 190 189 -1 182 183 191 190 -1 183 176 184 191 -1 184 185 193 192 -1 185 186 194 193 -1 186 187 195 194 -1 187 188 196 195 -1 188 189 197 196 -1 189 190 198 197 -1 190 191 199 198 -1 191 184 192 199 -1 192 193 201 200 -1 193 194 202 201 -1 194 195 203 202 -1 195 196 204 203 -1 196 197 205 204 -1 197 198 206 205 -1 198 199 207 206 -1 199 192 200 207 -1 200 201 209 208 -1 201 202 210 209 -1 202 203 211 210 -1 203 204 212 211 -1 204 205 213 212 -1 205 206 214 213 -1 206 207 215 214 -1 207 200 208 215 -1 208 209 217 216 -1 209 210 218 217 -1 210 211 219 218 -1 211 212 220 219 -1 212 213 221 220 -1 213 214 222 221 -1 214 215 223 222 -1 215 208 216 223 -1 216 217 225 224 -1 217 218 226 225 -1 218 219 227 226 -1 219 220 228 227 -1 220 221 229 228 -1 221 222 230 229 -1 222 223 231 230 -1 223 216 224 231 -1 224 225 233 232 -1 225 226 234 233 -1 226 227 235 234 -1 227 228 236 235 -1 228 229 237 236 -1 229 230 238 237 -1 230 231 239 238 -1 231 224 232 239 -1 232 233 241 240 -1 233 234 242 241 -1 234 235 243 242 -1 235 236 244 243 -1 236 237 245 244 -1 237 238 246 245 -1 238 239 247 246 -1 239 232 240 247 -1 240 241 249 248 -1 241 242 250 249 -1 242 243 251 250 -1 243 244 252 251 -1 244 245 253 252 -1 245 246 254 253 -1 246 247 255 254 -1 247 240 248 255 -1 248 249 257 256 -1 249 250 258 257 -1 250 251 259 258 -1 251 252 260 259 -1 252 253 261 260 -1 253 254 262 261 -1 254 255 263 262 -1 255 248 256 263 -1 256 257 265 264 -1 257 258 266 265 -1 258 259 267 266 -1 259 260 268 267 -1 260 261 269 268 -1 261 262 270 269 -1 262 263 271 270 -1 263 256 264 271 -1 264 265 273 272 -1 265 266 274 273 -1 266 267 275 274 -1 267 268 276 275 -1 268 269 277 276 -1 269 270 278 277 -1 270 271 279 278 -1 271 264 272 279 -1 272 273 281 280 -1 273 274 282 281 -1 274 275 283 282 -1 275 276 284 283 -1 276 277 285 284 -1 277 278 286 285 -1 278 279 287 286 -1 279 272 280 287 -1 280 281 289 288 -1 281 282 290 289 -1 282 283 291 290 -1 283 284 292 291 -1 284 285 293 292 -1 285 286 294 293 -1 286 287 295 294 -1 287 280 288 295 -1 288 289 297 296 -1 289 290 298 297 -1 290 291 299 298 -1 291 292 300 299 -1 292 293 301 300 -1 293 294 302 301 -1 294 295 303 302 -1 295 288 296 303 -1 296 297 305 304 -1 297 298 306 305 -1 298 299 307 306 -1 299 300 308 307 -1 300 301 309 308 -1 301 302 310 309 -1 302 303 311 310 -1 303 296 304 311 -1 304 305 313 312 -1 305 306 314 313 -1 306 307 315 314 -1 307 308 316 315 -1 308 309 317 316 -1 309 310 318 317 -1 310 311 319 318 -1 311 304 312 319 -1 312 313 321 320 -1 313 314 322 321 -1 314 315 323 322 -1 315 316 324 323 -1 316 317 325 324 -1 317 318 326 325 -1 318 319 327 326 -1 319 312 320 327 -1 320 321 329 328 -1 321 322 330 329 -1 322 323 331 330 -1 323 324 332 331 -1 324 325 333 332 -1 325 326 334 333 -1 326 327 335 334 -1 327 320 328 335 -1 328 329 337 336 -1 329 330 338 337 -1 330 331 339 338 -1 331 332 340 339 -1 332 333 341 340 -1 333 334 342 341 -1 334 335 343 342 -1 335 328 336 343 -1 336 337 345 344 -1 337 338 346 345 -1 338 339 347 346 -1 339 340 348 347 -1 340 341 349 348 -1 341 342 350 349 -1 342 343 351 350 -1 343 336 344 351 -1 344 345 353 352 -1 345 346 354 353 -1 346 347 355 354 -1 347 348 356 355 -1 348 349 357 356 -1 349 350 358 357 -1 350 351 359 358 -1 351 344 352 359 -1 352 353 137 136 -1 353 354 138 137 -1 354 355 139 138 -1 355 356 140 139 -1 356 357 141 140 -1 357 358 142 141 -1 358 359 143 142 -1 359 352 136 143 -1 360 361 369 368 -1 361 362 370 369 -1 362 363 371 370 -1 363 364 372 371 -1 364 365 373 372 -1 365 366 374 373 -1 366 367 375 374 -1 367 360 368 375 -1 368 369 377 376 -1 369 370 378 377 -1 370 371 379 378 -1 371 372 380 379 -1 372 373 381 380 -1 373 374 382 381 -1 374 375 383 382 -1 375 368 376 383 -1 376 377 385 384 -1 377 378 386 385 -1 378 379 387 386 -1 379 380 388 387 -1 380 381 389 388 -1 381 382 390 389 -1 382 383 391 390 -1 383 376 384 391 -1 384 385 393 392 -1 385 386 394 393 -1 386 387 395 394 -1 387 388 396 395 -1 388 389 397 396 -1 389 390 398 397 -1 390 391 399 398 -1 391 384 392 399 -1 392 393 401 400 -1 393 394 402 401 -1 394 395 403 402 -1 395 396 404 403 -1 396 397 405 404 -1 397 398 406 405 -1 398 399 407 406 -1 399 392 400 407 -1 400 401 409 408 -1 401 402 410 409 -1 402 403 411 410 -1 403 404 412 411 -1 404 405 413 412 -1 405 406 414 413 -1 406 407 415 414 -1 407 400 408 415 -1 408 409 417 416 -1 409 410 418 417 -1 410 411 419 418 -1 411 412 420 419 -1 412 413 421 420 -1 413 414 422 421 -1 414 415 423 422 -1 415 408 416 423 -1 416 417 425 424 -1 417 418 426 425 -1 418 419 427 426 -1 419 420 428 427 -1 420 421 429 428 -1 421 422 430 429 -1 422 423 431 430 -1 423 416 424 431 -1 424 425 433 432 -1 425 426 434 433 -1 426 427 435 434 -1 427 428 436 435 -1 428 429 437 436 -1 429 430 438 437 -1 430 431 439 438 -1 431 424 432 439 -1 432 433 441 440 -1 433 434 442 441 -1 434 435 443 442 -1 435 436 444 443 -1 436 437 445 444 -1 437 438 446 445 -1 438 439 447 446 -1 439 432 440 447 -1 440 441 449 448 -1 441 442 450 449 -1 442 443 451 450 -1 443 444 452 451 -1 444 445 453 452 -1 445 446 454 453 -1 446 447 455 454 -1 447 440 448 455 -1 448 449 457 456 -1 449 450 458 457 -1 450 451 459 458 -1 451 452 460 459 -1 452 453 461 460 -1 453 454 462 461 -1 454 455 463 462 -1 455 448 456 463 -1 456 457 465 464 -1 457 458 466 465 -1 458 459 467 466 -1 459 460 468 467 -1 460 461 469 468 -1 461 462 470 469 -1 462 463 471 470 -1 463 456 464 471 -1 464 465 473 472 -1 465 466 474 473 -1 466 467 475 474 -1 467 468 476 475 -1 468 469 477 476 -1 469 470 478 477 -1 470 471 479 478 -1 471 464 472 479 -1 472 473 481 480 -1 473 474 482 481 -1 474 475 483 482 -1 475 476 484 483 -1 476 477 485 484 -1 477 478 486 485 -1 478 479 487 486 -1 479 472 480 487 -1 480 481 489 488 -1 481 482 490 489 -1 482 483 491 490 -1 483 484 492 491 -1 484 485 493 492 -1 485 486 494 493 -1 486 487 495 494 -1 487 480 488 495 -1 488 489 497 496 -1 489 490 498 497 -1 490 491 499 498 -1 491 492 500 499 -1 492 493 501 500 -1 493 494 502 501 -1 494 495 503 502 -1 495 488 496 503 -1 496 497 505 504 -1 497 498 506 505 -1 498 499 507 506 -1 499 500 508 507 -1 500 501 509 508 -1 501 502 510 509 -1 502 503 511 510 -1 503 496 504 511 -1 504 505 513 512 -1 505 506 514 513 -1 506 507 515 514 -1 507 508 516 515 -1 508 509 517 516 -1 509 510 518 517 -1 510 511 519 518 -1 511 504 512 519 -1 512 513 521 520 -1 513 514 522 521 -1 514 515 523 522 -1 515 516 524 523 -1 516 517 525 524 -1 517 518 526 525 -1 518 519 527 526 -1 519 512 520 527 -1 520 521 529 528 -1 521 522 530 529 -1 522 523 531 530 -1 523 524 532 531 -1 524 525 533 532 -1 525 526 534 533 -1 526 527 535 534 -1 527 520 528 535 -1 528 529 537 536 -1 529 530 538 537 -1 530 531 539 538 -1 531 532 540 539 -1 532 533 541 540 -1 533 534 542 541 -1 534 535 543 542 -1 535 528 536 543 -1 536 537 545 544 -1 537 538 546 545 -1 538 539 547 546 -1 539 540 548 547 -1 540 541 549 548 -1 541 542 550 549 -1 542 543 551 550 -1 543 536 544 551 -1 544 545 553 552 -1 545 546 554 553 -1 546 547 555 554 -1 547 548 556 555 -1 548 549 557 556 -1 549 550 558 557 -1 550 551 559 558 -1 551 544 552 559 -1 552 553 561 560 -1 553 554 562 561 -1 554 555 563 562 -1 555 556 564 563 -1 556 557 565 564 -1 557 558 566 565 -1 558 559 567 566 -1 559 552 560 567 -1 560 561 361 360 -1 561 562 362 361 -1 562 563 363 362 -1 563 564 364 363 -1 564 565 365 364 -1 565 566 366 365 -1 566 567 367 366 -1 567 560 360 367 -1 575 570 588 585 -1 571 586 579 587 -1 579 582 583 587 -1 572 584 582 581 -1 577 572 581 591 -1 584 576 583 582 -1 569 589 578 568 -1 589 590 586 584 -1 569 574 590 589 -1 576 571 587 583 -1 588 573 579 585 -1 578 582 579 573 -1 589 584 572 577 -1 574 569 568 580 -1 586 575 585 579 -1 570 575 586 590 -1 568 578 573 580 -1 589 577 591 578 -1 590 574 580 573 -1 578 591 581 582 -1 586 571 576 584 -1 570 590 573 588 -1 88 89 90 91 92 93 94 95 -1 113 114 115 116 117 118 119 112 -1 592 593 594 -1 593 592 597 -1 592 594 595 -1 592 595 596 -1 592 596 597 -1 593 597 602 -1 594 593 598 -1 595 594 599 -1 596 595 600 -1 597 596 601 -1 593 602 598 -1 594 598 599 -1 595 599 600 -1 596 600 601 -1 597 601 602 -1 598 602 603 -1 599 598 603 -1 600 599 603 -1 601 600 603 -1 602 601 603 -1 606 614 615 607 -1 604 612 613 605 -1 611 619 612 604 -1 609 617 618 610 -1 607 615 616 608 -1 605 613 614 606 -1 610 618 619 611 -1 608 616 617 609 -1 617 625 626 618 -1 615 623 624 616 -1 613 621 622 614 -1 618 626 627 619 -1 616 624 625 617 -1 614 622 623 615 -1 612 620 621 613 -1 619 627 620 612 -1 620 627 626 625 624 623 622 621 -1 605 606 607 608 609 610 611 604 -1 633 637 636 632 -1 629 630 634 633 -1 630 631 635 634 -1 631 628 632 635 -1 637 641 640 636 -1 634 638 637 633 -1 635 639 638 634 -1 632 636 639 635 -1 641 645 644 640 -1 638 642 641 637 -1 639 643 642 638 -1 636 640 643 639 -1 645 649 648 644 -1 642 646 645 641 -1 643 647 646 642 -1 640 644 647 643 -1 649 653 652 648 -1 646 650 649 645 -1 647 651 650 646 -1 644 648 651 647 -1 650 654 653 649 -1 651 655 654 650 -1 648 652 655 651 -1 631 630 629 628 -1 652 653 654 655 -1 665 669 668 664 -1 662 666 665 661 -1 663 667 666 662 -1 660 664 667 663 -1 669 673 672 668 -1 666 670 669 665 -1 667 671 670 666 -1 664 668 671 667 -1 673 677 676 672 -1 670 674 673 669 -1 671 675 674 670 -1 668 672 675 671 -1 677 681 680 676 -1 674 678 677 673 -1 675 679 678 674 -1 672 676 679 675 -1 678 682 681 677 -1 679 683 682 678 -1 676 680 683 679 -1 658 662 661 657 -1 659 663 662 658 -1 656 660 663 659 -1 657 661 660 656 -1 659 658 657 656 -1 680 681 682 683 -1 661 665 664 660 -1 628 629 633 632 -1 684 685 686 -1 685 684 689 -1 684 686 687 -1 684 687 688 -1 684 688 689 -1 685 689 694 -1 686 685 690 -1 687 686 691 -1 688 687 692 -1 689 688 693 -1 685 694 690 -1 686 690 691 -1 687 691 692 -1 688 692 693 -1 689 693 694 -1 690 694 695 -1 691 690 695 -1 692 691 695 -1 693 692 695 -1 694 693 695 -1 696 697 698 -1 697 696 701 -1 696 698 699 -1 696 699 700 -1 696 700 701 -1 697 701 706 -1 698 697 702 -1 699 698 703 -1 700 699 704 -1 701 700 705 -1 697 706 702 -1 698 702 703 -1 699 703 704 -1 700 704 705 -1 701 705 706 -1 702 706 707 -1 703 702 707 -1 704 703 707 -1 705 704 707 -1 706 705 707 -1 "
						                >
							<Coordinate DEF="coords_ME_円柱_001"
							            point="0.000000 0.011804 0.021589 0.008347 0.008347 0.021589 0.011804 0.000000 0.021589 0.008347 -0.008347 0.021589 0.000000 -0.011804 0.021589 -0.008347 -0.008347 0.021589 -0.011804 0.000000 0.021589 -0.008347 0.008347 0.021589 0.000000 0.011804 0.022778 0.008347 0.008347 0.022778 0.011804 0.000000 0.022778 0.008347 -0.008347 0.022778 0.000000 -0.011804 0.022778 -0.008347 -0.008347 0.022778 -0.011804 0.000000 0.022778 -0.008347 0.008347 0.022778 0.000000 0.013962 0.018648 0.009872 0.009872 0.018648 0.013962 0.000000 0.018648 0.009872 -0.009872 0.018648 0.000000 -0.013962 0.018648 -0.009872 -0.009872 0.018648 -0.013962 0.000000 0.018648 -0.009872 0.009872 0.018648 0.000000 0.013613 0.010704 0.009626 0.009626 0.010704 0.013613 0.000000 0.010704 0.009626 -0.009626 0.010704 0.000000 -0.013613 0.010704 -0.009626 -0.009626 0.010704 -0.013613 0.000000 0.010704 -0.009626 0.009626 0.010704 0.000000 0.005833 0.004956 0.004125 0.004125 0.004956 0.005833 0.000000 0.004956 0.004125 -0.004125 0.004956 0.000000 -0.005833 0.004956 -0.004125 -0.004125 0.004956 -0.005833 0.000000 0.004956 -0.004125 0.004125 0.004956 0.001335 0.010030 -0.010531 0.001335 0.010030 -0.003781 0.001335 0.000728 -0.004945 0.001335 0.000728 0.001445 0.001335 0.005379 -0.007442 0.001335 0.005379 -0.001052 0.001335 0.000728 -0.030069 0.001335 0.000728 -0.019504 -0.001335 0.010030 -0.010531 -0.001335 0.010030 -0.003781 -0.001335 0.000728 -0.004945 -0.001335 0.000728 0.001445 -0.001335 0.005379 -0.007442 -0.001335 0.005379 -0.001052 -0.001335 0.000728 -0.030069 -0.001335 0.000728 -0.019504 0.001335 -0.008575 -0.010531 0.001335 -0.008575 -0.003781 0.001335 -0.003924 -0.007442 0.001335 -0.003924 -0.001052 -0.001335 -0.008575 -0.010531 -0.001335 -0.008575 -0.003781 -0.001335 -0.003924 -0.007442 -0.001335 -0.003924 -0.001052 -0.008018 -0.008347 0.164547 -0.008018 0.008347 0.164547 0.000000 -0.011804 0.160818 0.008018 -0.008347 0.157089 0.011340 0.000000 0.155545 0.008018 0.008347 0.157089 0.000000 0.011804 0.160818 -0.011340 0.000000 0.166091 -0.010244 0.000000 0.176357 0.000003 0.010667 0.171592 0.007249 0.007543 0.168223 0.010251 0.000000 0.166827 0.007249 -0.007543 0.168223 0.000003 -0.010667 0.171592 -0.007243 0.007543 0.174962 -0.007243 -0.007543 0.174962 0.000002 -0.015463 0.166205 0.010505 0.010934 0.161321 -0.014853 0.000000 0.173113 0.010505 -0.010934 0.161321 0.000002 0.015463 0.166205 0.014856 0.000000 0.159297 -0.010502 0.010934 0.171090 -0.010502 -0.010934 0.171090 0.000000 0.012165 0.325722 0.008602 0.008602 0.325722 0.012166 -0.000000 0.325722 0.008602 -0.008602 0.325722 0.000000 -0.012166 0.325722 -0.008602 -0.008602 0.325722 -0.012165 -0.000000 0.325722 -0.008602 0.008602 0.325722 0.000000 0.015632 0.329301 0.011054 0.011053 0.329301 0.015632 -0.000000 0.329301 0.011054 -0.011053 0.329301 0.000000 -0.015632 0.329301 -0.011053 -0.011053 0.329301 -0.015632 -0.000000 0.329301 -0.011053 0.011053 0.329301 0.000000 0.013371 0.333574 0.009455 0.009455 0.333574 0.013371 -0.000000 0.333574 0.009455 -0.009455 0.333574 0.000000 -0.013371 0.333574 -0.009455 -0.009455 0.333574 -0.013371 -0.000000 0.333574 -0.009455 0.009455 0.333574 0.000000 0.013761 0.333469 0.009731 0.009731 0.333469 0.013761 -0.000000 0.333469 0.009731 -0.009731 0.333469 0.000000 -0.013761 0.333469 -0.009730 -0.009731 0.333469 -0.013761 -0.000000 0.333469 -0.009730 0.009731 0.333469 0.000000 0.017682 0.337518 0.012503 0.012503 0.337518 0.017682 -0.000000 0.337518 0.012503 -0.012503 0.337518 0.000000 -0.017682 0.337518 -0.012503 -0.012503 0.337518 -0.017682 -0.000000 0.337518 -0.012503 0.012503 0.337518 0.000000 0.015125 0.342351 0.010695 0.010695 0.342351 0.015125 -0.000000 0.342351 0.010695 -0.010695 0.342351 0.000000 -0.015125 0.342351 -0.010695 -0.010695 0.342351 -0.015125 -0.000000 0.342351 -0.010695 0.010695 0.342351 -0.000014 0.055221 0.457205 -0.002952 0.050316 0.456628 -0.004168 0.047323 0.456389 -0.002951 0.044329 0.456628 -0.000014 0.043089 0.457205 0.002923 0.044330 0.457782 0.004140 0.047323 0.458021 0.002923 0.050316 0.457782 -0.002391 0.053834 0.469304 -0.005117 0.049053 0.467654 -0.006206 0.046134 0.466763 -0.004861 0.043215 0.466350 -0.001870 0.042007 0.466656 0.001014 0.043216 0.467504 0.002102 0.046134 0.468395 0.000757 0.049053 0.468808 -0.004648 0.049745 0.480794 -0.007175 0.045326 0.478125 -0.008141 0.042628 0.476613 -0.006674 0.039931 0.475580 -0.003633 0.038813 0.475630 -0.000800 0.039931 0.476734 0.000167 0.042628 0.478246 -0.001300 0.045326 0.479279 -0.006673 0.043158 0.491096 -0.009019 0.039324 0.487512 -0.009876 0.036983 0.485443 -0.008300 0.034641 0.483852 -0.005214 0.033671 0.483672 -0.002426 0.034641 0.485007 -0.001569 0.036983 0.487076 -0.003145 0.039324 0.488667 -0.008362 0.034408 0.499692 -0.010559 0.031351 0.495345 -0.011324 0.029484 0.492810 -0.009657 0.027616 0.490754 -0.006533 0.026843 0.490380 -0.003782 0.027616 0.491908 -0.003017 0.029484 0.494443 -0.004685 0.031351 0.496499 -0.009633 0.023937 0.506153 -0.011716 0.021810 0.501232 -0.012413 0.020511 0.498347 -0.010676 0.019211 0.495940 -0.007524 0.018673 0.495422 -0.004802 0.019211 0.497095 -0.004105 0.020510 0.499980 -0.005842 0.021810 0.502387 -0.010421 0.012272 0.510162 -0.012435 0.011181 0.504885 -0.013089 0.010514 0.501783 -0.011309 0.009847 0.499158 -0.008139 0.009570 0.498550 -0.005435 0.009847 0.500313 -0.004781 0.010514 0.503415 -0.006560 0.011181 0.506040 -0.010689 -0.000005 0.511525 -0.012679 -0.000006 0.506127 -0.013318 -0.000007 0.502951 -0.011524 -0.000009 0.500253 -0.008348 -0.000010 0.499613 -0.005650 -0.000009 0.501407 -0.005011 -0.000007 0.504583 -0.006804 -0.000006 0.507282 -0.010424 -0.012283 0.510177 -0.012437 -0.011194 0.504899 -0.013091 -0.010530 0.501795 -0.011311 -0.009866 0.499170 -0.008141 -0.009591 0.498561 -0.005437 -0.009866 0.500325 -0.004783 -0.010530 0.503428 -0.006563 -0.011194 0.506053 -0.009638 -0.023954 0.506181 -0.011721 -0.021828 0.501257 -0.012418 -0.020530 0.498371 -0.010681 -0.019233 0.495963 -0.007528 -0.018695 0.495444 -0.004807 -0.019233 0.497118 -0.004110 -0.020530 0.500004 -0.005847 -0.021827 0.502412 -0.008368 -0.034435 0.499721 -0.010564 -0.031377 0.495372 -0.011330 -0.029509 0.492837 -0.009662 -0.027642 0.490780 -0.006538 -0.026869 0.490407 -0.003788 -0.027642 0.491935 -0.003022 -0.029509 0.494470 -0.004690 -0.031376 0.496526 -0.006676 -0.043190 0.491115 -0.009023 -0.039354 0.487530 -0.009880 -0.037011 0.485463 -0.008304 -0.034668 0.483874 -0.005218 -0.033698 0.483694 -0.002430 -0.034668 0.485028 -0.001573 -0.037011 0.487096 -0.003149 -0.039354 0.488685 -0.004650 -0.049769 0.480801 -0.007176 -0.045349 0.478133 -0.008143 -0.042649 0.476624 -0.006677 -0.039950 0.475594 -0.003637 -0.038832 0.475645 -0.000803 -0.039950 0.476748 0.000164 -0.042649 0.478257 -0.001302 -0.045349 0.479287 -0.002391 -0.053843 0.469306 -0.005118 -0.049061 0.467657 -0.006207 -0.046142 0.466769 -0.004863 -0.043223 0.466359 -0.001873 -0.042013 0.466667 0.001012 -0.043223 0.467513 0.002101 -0.046142 0.468401 0.000757 -0.049062 0.468811 -0.000014 -0.055218 0.457205 -0.002952 -0.050314 0.456629 -0.004169 -0.047321 0.456392 -0.002953 -0.044328 0.456633 -0.000015 -0.043088 0.457211 0.002922 -0.044328 0.457787 0.004139 -0.047321 0.458024 0.002923 -0.050315 0.457783 0.002361 -0.053828 0.445106 -0.000787 -0.049047 0.445603 -0.002132 -0.046129 0.446017 -0.001043 -0.043210 0.446909 0.001841 -0.042001 0.447756 0.004831 -0.043210 0.448062 0.006176 -0.046129 0.447648 0.005088 -0.049047 0.446757 0.004616 -0.049739 0.433617 0.001268 -0.045321 0.435133 -0.000198 -0.042623 0.436166 0.000769 -0.039925 0.437678 0.003603 -0.038808 0.438781 0.006643 -0.039925 0.438830 0.008110 -0.042623 0.437797 0.007143 -0.045321 0.436286 0.006638 -0.043156 0.423314 0.003110 -0.039322 0.425745 0.001535 -0.036980 0.427335 0.002392 -0.034638 0.429403 0.005181 -0.033668 0.430737 0.008267 -0.034638 0.430556 0.009843 -0.036980 0.428965 0.008985 -0.039322 0.426897 0.008325 -0.034409 0.414716 0.004647 -0.031352 0.417910 0.002980 -0.029484 0.419967 0.003747 -0.027616 0.422501 0.006497 -0.026843 0.424028 0.009621 -0.027616 0.423654 0.011288 -0.029484 0.421597 0.010522 -0.031352 0.419063 0.009593 -0.023939 0.408254 0.005802 -0.021812 0.412022 0.004066 -0.020513 0.414429 0.004764 -0.019213 0.417314 0.007486 -0.018675 0.418986 0.010639 -0.019213 0.418467 0.012375 -0.020513 0.416059 0.011677 -0.021812 0.413174 0.010379 -0.012274 0.404246 0.006519 -0.011184 0.408370 0.004740 -0.010518 0.410995 0.005395 -0.009851 0.414098 0.008099 -0.009575 0.415860 0.011270 -0.009851 0.415250 0.013048 -0.010518 0.412625 0.012393 -0.011184 0.409523 0.010645 0.000002 0.402889 0.006761 0.000001 0.407134 0.004968 0.000001 0.409832 0.005608 0.000001 0.413009 0.008307 0.000001 0.414802 0.011483 0.000001 0.414161 0.013276 0.000001 0.411463 0.012636 0.000001 0.408286 0.010378 0.012277 0.404247 0.006518 0.011186 0.408372 0.004740 0.010520 0.410997 0.005395 0.009853 0.414099 0.008099 0.009577 0.415861 0.011269 0.009853 0.415252 0.013048 0.010520 0.412627 0.012393 0.011186 0.409524 0.009592 0.023942 0.408255 0.005802 0.021815 0.412023 0.004066 0.020515 0.414431 0.004764 0.019215 0.417316 0.007486 0.018677 0.418988 0.010638 0.019215 0.418468 0.012374 0.020515 0.416061 0.011677 0.021814 0.413176 0.008325 0.034412 0.414717 0.004647 0.031355 0.417911 0.002980 0.029487 0.419968 0.003746 0.027619 0.422502 0.006497 0.026846 0.424029 0.009621 0.027619 0.423655 0.011288 0.029487 0.421598 0.010522 0.031354 0.419064 0.006638 0.043161 0.423313 0.003110 0.039326 0.425744 0.001535 0.036985 0.427335 0.002392 0.034643 0.429403 0.005181 0.033673 0.430738 0.008267 0.034643 0.430556 0.009843 0.036985 0.428965 0.008985 0.039326 0.426897 0.004617 0.049746 0.433615 0.001268 0.045327 0.435131 -0.000198 0.042629 0.436165 0.000769 0.039931 0.437677 0.003603 0.038814 0.438780 0.006644 0.039931 0.438829 0.008110 0.042629 0.437796 0.007143 0.045327 0.436284 0.002361 0.053834 0.445105 -0.000787 0.049053 0.445602 -0.002131 0.046134 0.446015 -0.001043 0.043216 0.446907 0.001842 0.042007 0.447753 0.004832 0.043216 0.448060 0.006177 0.046134 0.447646 0.005088 0.049053 0.446755 0.006679 0.052992 0.444463 0.009764 0.048004 0.443408 0.011566 0.045389 0.442766 0.011319 0.042222 0.443408 0.009168 0.040360 0.444959 0.006373 0.040892 0.446509 0.004572 0.043508 0.447151 0.004819 0.046674 0.446509 0.000395 0.049747 0.433714 0.004071 0.045063 0.433671 0.006181 0.042607 0.433556 0.006308 0.039634 0.434837 0.004377 0.037885 0.436764 0.001519 0.038385 0.438206 -0.000591 0.040841 0.438321 -0.000718 0.043814 0.437040 -0.005302 0.043658 0.423970 -0.001090 0.039547 0.424843 0.001300 0.037391 0.425208 0.001766 0.034780 0.427069 0.000034 0.033244 0.429336 -0.002880 0.033683 0.430682 -0.005271 0.035840 0.430317 -0.005736 0.038451 0.428456 -0.010095 0.035092 0.415773 -0.005432 0.031788 0.417418 -0.002806 0.030053 0.418186 -0.002054 0.027952 0.420536 -0.003618 0.026717 0.423090 -0.006580 0.027070 0.424354 -0.009207 0.028805 0.423585 -0.009958 0.030905 0.421236 -0.013719 0.024546 0.409574 -0.008715 0.022234 0.411802 -0.005910 0.021019 0.412876 -0.004942 0.019548 0.415596 -0.006379 0.018683 0.418368 -0.009378 0.018931 0.419569 -0.012183 0.020146 0.418495 -0.013150 0.021617 0.415775 -0.015978 0.012621 0.405710 -0.010762 0.011431 0.408302 -0.007845 0.010804 0.409566 -0.006742 0.010046 0.412517 -0.008099 0.009599 0.415425 -0.011121 0.009727 0.416587 -0.014037 0.010354 0.415323 -0.015140 0.011112 0.412372 -0.016750 -0.000016 0.404390 -0.011461 -0.000016 0.407106 -0.008506 -0.000019 0.408436 -0.007357 -0.000023 0.411465 -0.008687 -0.000025 0.414420 -0.011717 -0.000024 0.415569 -0.014671 -0.000021 0.414239 -0.015820 -0.000017 0.411209 -0.015993 -0.012656 0.405685 -0.010775 -0.011467 0.408279 -0.007858 -0.010846 0.409545 -0.006754 -0.010094 0.412497 -0.008111 -0.009651 0.415406 -0.011133 -0.009778 0.416568 -0.014050 -0.010399 0.415302 -0.015153 -0.011151 0.412350 -0.013746 -0.024594 0.409529 -0.008739 -0.022281 0.411761 -0.005933 -0.021069 0.412837 -0.004964 -0.019602 0.415558 -0.006400 -0.018739 0.418332 -0.009399 -0.018986 0.419533 -0.012205 -0.020198 0.418457 -0.013174 -0.021664 0.415735 -0.010123 -0.035154 0.415724 -0.005458 -0.031847 0.417373 -0.002832 -0.030112 0.418142 -0.002080 -0.028012 0.420492 -0.003643 -0.026777 0.423047 -0.006606 -0.027130 0.424310 -0.009232 -0.028865 0.423542 -0.009984 -0.030965 0.421191 -0.005324 -0.043725 0.423934 -0.001110 -0.039611 0.424810 0.001279 -0.037453 0.425173 0.001744 -0.034840 0.427031 0.000011 -0.033303 0.429297 -0.002903 -0.033742 0.430643 -0.005292 -0.035901 0.430280 -0.005757 -0.038513 0.428422 0.000383 -0.049801 0.433693 0.004059 -0.045114 0.433651 0.006167 -0.042657 0.433533 0.006291 -0.039681 0.434809 0.004358 -0.037931 0.436732 0.001501 -0.038431 0.438176 -0.000607 -0.040889 0.438294 -0.000731 -0.043864 0.437018 0.006672 -0.053021 0.444450 0.009757 -0.048032 0.443396 0.011556 -0.045416 0.442750 0.011306 -0.042249 0.443387 0.009154 -0.040386 0.444934 0.006359 -0.040919 0.446485 0.004560 -0.043535 0.447132 0.004810 -0.046702 0.446495 0.013190 -0.053191 0.455598 0.015662 -0.048186 0.453495 0.017142 -0.045562 0.452304 0.016506 -0.042385 0.452281 0.014127 -0.040516 0.453440 0.011397 -0.041051 0.455102 0.009917 -0.043675 0.456293 0.010553 -0.046852 0.456317 0.019563 -0.050275 0.466498 0.021436 -0.045544 0.463371 0.022604 -0.043063 0.461646 0.021591 -0.040059 0.460978 0.018990 -0.038292 0.461757 0.016324 -0.038797 0.463528 0.015155 -0.041278 0.465253 0.016168 -0.044282 0.465921 0.025419 -0.044406 0.476515 0.026741 -0.040227 0.472445 0.027623 -0.038033 0.470230 0.026262 -0.035378 0.468967 0.023456 -0.033816 0.469397 0.020849 -0.034262 0.471268 0.019967 -0.036456 0.473483 0.021328 -0.039111 0.474746 0.030406 -0.035894 0.485045 0.031259 -0.032516 0.480173 0.031896 -0.030741 0.477538 0.030239 -0.028592 0.475768 0.027258 -0.027328 0.475899 0.024701 -0.027689 0.477855 0.024064 -0.029464 0.480490 0.025721 -0.031613 0.482260 0.034216 -0.025219 0.491561 0.034710 -0.022846 0.486076 0.035159 -0.021597 0.483120 0.033275 -0.020086 0.480961 0.030160 -0.019197 0.480863 0.027641 -0.019451 0.482884 0.027192 -0.020699 0.485840 0.029077 -0.022211 0.487999 0.036606 -0.013009 0.495648 0.036875 -0.011785 0.489778 0.037206 -0.011140 0.486620 0.035178 -0.010360 0.484217 0.031980 -0.009901 0.483975 0.029485 -0.010032 0.486038 0.029154 -0.010676 0.489196 0.031182 -0.011457 0.491599 0.037421 -0.000000 0.497042 0.037614 -0.000001 0.491041 0.037904 -0.000001 0.487814 0.035828 -0.000000 0.485327 0.032601 0.000000 0.485037 0.030113 -0.000000 0.487113 0.029823 -0.000000 0.490340 0.031899 -0.000001 0.492827 0.036608 0.013008 0.495652 0.036877 0.011782 0.489782 0.037208 0.011139 0.486624 0.035180 0.010360 0.484220 0.031982 0.009901 0.483978 0.029487 0.010032 0.486041 0.029156 0.010676 0.489199 0.031184 0.011455 0.491603 0.034221 0.025220 0.491569 0.034715 0.022845 0.486083 0.035163 0.021597 0.483127 0.033278 0.020087 0.480967 0.030164 0.019199 0.480869 0.027645 0.019453 0.482891 0.027196 0.020700 0.485847 0.029081 0.022210 0.488007 0.030413 0.035897 0.485056 0.031265 0.032517 0.480183 0.031902 0.030743 0.477548 0.030244 0.028595 0.475777 0.027264 0.027331 0.475908 0.024706 0.027692 0.477864 0.024070 0.029467 0.480500 0.025727 0.031615 0.482270 0.025427 0.044411 0.476528 0.026748 0.040230 0.472457 0.027630 0.038036 0.470242 0.026269 0.035381 0.468979 0.023463 0.033819 0.469409 0.020856 0.034265 0.471279 0.019974 0.036459 0.473495 0.021335 0.039114 0.474758 0.019570 0.050278 0.466510 0.021442 0.045545 0.463382 0.022612 0.043063 0.461659 0.021599 0.040058 0.460992 0.018998 0.038291 0.461772 0.016332 0.038796 0.463542 0.015163 0.041278 0.465266 0.016175 0.044282 0.465933 0.013196 0.053183 0.455609 0.015668 0.048177 0.453506 0.017150 0.045552 0.452317 0.016516 0.042375 0.452297 0.014138 0.040506 0.453458 0.011408 0.041040 0.455120 0.009926 0.043665 0.456309 0.010560 0.046842 0.456329 0.001343 0.001737 -0.091214 0.005166 0.001737 -0.091214 0.005166 -0.009047 -0.097685 0.005166 -0.002576 -0.108469 0.005166 0.008208 -0.101998 0.001343 -0.002576 -0.097685 0.005166 -0.002576 -0.091214 0.005166 -0.009047 -0.101998 0.005166 0.001737 -0.108469 0.005166 0.008208 -0.097685 0.001343 0.001737 -0.097685 0.001343 -0.002576 -0.101998 0.001343 -0.002576 -0.091214 0.001343 0.008208 -0.101998 0.001343 0.001737 -0.101998 0.001343 0.001737 -0.108469 0.005166 0.001737 -0.101998 0.001343 -0.009047 -0.101998 0.005166 -0.002576 -0.101998 0.001343 -0.002576 -0.108469 0.001343 -0.009047 -0.097685 0.005166 0.001737 -0.097685 0.005166 -0.002576 -0.097685 0.001343 0.008208 -0.097685 0.000000 0.000000 0.000399 0.004380 -0.003183 0.003000 -0.001673 -0.005149 0.003019 -0.005414 0.000000 0.002993 -0.001673 0.005149 0.003019 0.004380 0.003183 0.003000 0.001673 -0.005149 0.006875 -0.004380 -0.003183 0.006841 -0.004380 0.003183 0.006841 0.001673 0.005149 0.006875 0.005414 0.000000 0.006829 0.000000 0.000000 0.009833 0.000000 0.014486 0.394991 0.010244 0.010243 0.394991 0.014487 -0.000000 0.394991 0.010244 -0.010244 0.394991 0.000000 -0.014487 0.394991 -0.010243 -0.010244 0.394991 -0.014486 -0.000000 0.394991 -0.010243 0.010243 0.394991 0.000000 0.018713 0.399252 0.013233 0.013232 0.399252 0.018714 -0.000000 0.399252 0.013233 -0.013232 0.399252 0.000000 -0.018714 0.399252 -0.013232 -0.013232 0.399252 -0.018713 -0.000000 0.399252 -0.013232 0.013232 0.399252 0.000000 0.015927 0.404343 0.011262 0.011262 0.404343 0.015927 -0.000000 0.404343 0.011262 -0.011262 0.404343 0.000000 -0.015927 0.404343 -0.011262 -0.011262 0.404343 -0.015927 -0.000000 0.404343 -0.011262 0.011262 0.404343 0.004029 -0.000007 -0.090803 0.002714 0.000514 -0.090803 0.002195 -0.000794 -0.090667 0.003510 -0.001315 -0.090667 0.004290 0.000981 -0.077766 0.002975 0.001500 -0.077802 0.002455 0.000186 -0.077739 0.003770 -0.000333 -0.077703 0.003902 0.001405 -0.064433 0.002588 0.001922 -0.064503 0.002070 0.000606 -0.064506 0.003384 0.000089 -0.064436 0.003130 0.001450 -0.051862 0.001818 0.001968 -0.051955 0.001302 0.000652 -0.052001 0.002615 0.000134 -0.051908 0.002241 0.001306 -0.041092 0.000929 0.001823 -0.041200 0.000415 0.000507 -0.041270 0.001727 -0.000010 -0.041162 0.001498 0.001157 -0.033174 0.000187 0.001675 -0.033289 -0.000327 0.000359 -0.033354 0.000983 -0.000159 -0.033238 0.001167 0.001190 -0.029175 -0.000144 0.001708 -0.029281 -0.000664 0.000393 -0.029270 0.000647 -0.000125 -0.029164 0.001809 -0.013634 -0.089745 0.000466 -0.013192 -0.089745 0.000029 -0.014523 -0.089549 0.001372 -0.014964 -0.089549 0.002240 -0.011684 -0.077379 0.000894 -0.011253 -0.077443 0.000459 -0.012570 -0.077168 0.001805 -0.013001 -0.077105 0.002275 -0.008829 -0.065464 0.000929 -0.008412 -0.065589 0.000494 -0.009713 -0.065243 0.001840 -0.010129 -0.065117 0.002045 -0.005580 -0.054339 0.000700 -0.005175 -0.054503 0.000265 -0.006465 -0.054120 0.001610 -0.006870 -0.053956 0.001682 -0.002450 -0.044347 0.000337 -0.002050 -0.044526 -0.000098 -0.003340 -0.044145 0.001246 -0.003740 -0.043966 0.001314 0.000049 -0.035827 -0.000031 0.000455 -0.035988 -0.000463 -0.000853 -0.035668 0.000882 -0.001259 -0.035507 0.001075 0.001401 -0.029124 -0.000272 0.001817 -0.029233 -0.000701 0.000485 -0.029031 0.000646 0.000068 -0.028923 0.003262 -0.000219 -0.091583 0.005224 -0.001644 -0.090084 0.002513 -0.002524 -0.090084 0.000838 -0.000219 -0.090084 0.002513 0.002087 -0.090084 0.005224 0.001206 -0.090084 0.004012 -0.002524 -0.087660 0.001301 -0.001644 -0.087660 0.001301 0.001206 -0.087660 0.004012 0.002087 -0.087660 0.005687 -0.000219 -0.087660 0.003262 -0.000219 -0.086161 0.000625 -0.014778 -0.094599 0.002726 -0.015858 -0.093003 0.000072 -0.016864 -0.092737 -0.001731 -0.014672 -0.092999 -0.000191 -0.012312 -0.093427 0.002563 -0.013045 -0.093429 0.001667 -0.016420 -0.090417 -0.001087 -0.015686 -0.090414 -0.001250 -0.012873 -0.090841 0.001404 -0.011868 -0.091107 0.003207 -0.014059 -0.090845 0.000850 -0.013953 -0.089245 "
							            />
							<Normal DEF="normals_ME_円柱_001"
							        vector="0.000096 1.000000 0.000499 0.712467 0.701703 0.001730 0.999996 0.000000 0.002944 0.712467 -0.701703 0.001730 0.000096 -1.000000 0.000499 -0.712225 -0.701949 0.001630 -0.999996 0.000000 0.002760 -0.712225 0.701949 0.001630 -0.000000 0.886360 0.462997 0.626751 0.626751 0.462997 0.886360 -0.000000 0.462997 0.626751 -0.626751 0.462997 -0.000000 -0.886360 0.462997 -0.626751 -0.626751 0.462997 -0.886360 0.000000 0.462997 -0.626751 0.626751 0.462997 -0.000000 0.978830 0.204675 0.692137 0.692137 0.204675 0.978830 0.000000 0.204675 0.692137 -0.692137 0.204675 -0.000000 -0.978830 0.204675 -0.692137 -0.692137 0.204675 -0.978830 0.000000 0.204675 -0.692137 0.692137 0.204675 0.000000 0.902339 -0.431027 0.638050 0.638050 -0.431027 0.902339 0.000000 -0.431027 0.638050 -0.638050 -0.431027 0.000000 -0.902339 -0.431027 -0.638050 -0.638050 -0.431027 -0.902339 0.000000 -0.431027 -0.638050 0.638050 -0.431027 0.000000 0.379590 -0.925155 0.268411 0.268411 -0.925155 0.379590 -0.000000 -0.925155 0.268411 -0.268411 -0.925155 0.000000 -0.379590 -0.925155 -0.268411 -0.268411 -0.925155 -0.379590 -0.000000 -0.925155 -0.268411 0.268411 -0.925155 0.660703 0.732194 -0.165420 0.610500 0.687276 0.393627 0.830502 0.000000 -0.557016 0.614532 -0.000000 0.788892 0.889597 -0.428259 -0.158777 0.702872 0.348243 0.620240 0.549699 0.000000 -0.835363 0.979865 0.000000 0.199661 -0.660703 0.732194 -0.165419 -0.610500 0.687276 0.393627 -0.830502 -0.000000 -0.557016 -0.614532 -0.000000 0.788892 -0.889598 -0.428259 -0.158777 -0.702872 0.348243 0.620240 -0.549699 0.000000 -0.835363 -0.979865 -0.000000 0.199661 0.660703 -0.732194 -0.165420 0.610500 -0.687276 0.393627 0.889598 0.428259 -0.158777 0.702872 -0.348243 0.620240 -0.660703 -0.732194 -0.165420 -0.610500 -0.687276 0.393627 -0.889598 0.428259 -0.158777 -0.702871 -0.348243 0.620241 -0.751426 -0.597962 -0.278925 -0.751426 0.597963 -0.278926 -0.144857 -0.939017 -0.311872 0.593602 -0.725955 -0.347313 0.932703 0.000000 -0.360645 0.593602 0.725955 -0.347313 -0.144856 0.939017 -0.311872 -0.963619 0.000000 -0.267278 -0.575631 0.000000 0.817710 0.223380 0.728036 0.648125 0.685257 0.471572 0.555016 0.853059 0.000000 0.521814 0.685257 -0.471572 0.555016 0.223379 -0.728036 0.648125 -0.325577 0.558306 0.763082 -0.325577 -0.558306 0.763082 0.015769 -0.998412 0.054088 0.692165 0.716856 -0.083814 -0.963234 0.000000 0.268664 0.692165 -0.716856 -0.083814 0.015770 0.998412 0.054088 0.989673 0.000000 -0.143341 -0.662952 0.721404 0.200177 -0.662953 -0.721403 0.200177 0.000000 0.466066 -0.884750 0.329558 0.329558 -0.884750 0.466065 0.000000 -0.884750 0.329558 -0.329558 -0.884750 -0.000001 -0.466066 -0.884750 -0.329559 -0.329558 -0.884750 -0.466066 0.000000 -0.884750 -0.329558 0.329558 -0.884750 0.000000 0.992236 -0.124365 0.701617 0.701617 -0.124365 0.992237 0.000000 -0.124365 0.701618 -0.701616 -0.124365 -0.000000 -0.992236 -0.124365 -0.701618 -0.701616 -0.124365 -0.992237 0.000000 -0.124365 -0.701617 0.701617 -0.124365 -0.000001 0.883940 0.467600 0.625040 0.625040 0.467600 0.883940 0.000000 0.467601 0.625041 -0.625039 0.467600 0.000001 -0.883940 0.467600 -0.625041 -0.625040 0.467600 -0.883940 -0.000000 0.467600 -0.625041 0.625039 0.467600 -0.000000 0.466066 -0.884750 0.329557 0.329558 -0.884750 0.466065 0.000000 -0.884750 0.329558 -0.329558 -0.884750 0.000000 -0.466066 -0.884750 -0.329557 -0.329558 -0.884750 -0.466065 -0.000000 -0.884750 -0.329558 0.329558 -0.884750 -0.000000 0.992236 -0.124365 0.701616 0.701618 -0.124365 0.992236 0.000001 -0.124365 0.701617 -0.701617 -0.124365 0.000000 -0.992236 -0.124365 -0.701617 -0.701617 -0.124366 -0.992236 0.000000 -0.124365 -0.701617 0.701618 -0.124365 -0.000000 0.598173 0.801367 0.422971 0.422973 0.801367 0.598173 0.000001 0.801367 0.422973 -0.422972 0.801367 -0.000000 -0.598173 0.801367 -0.422973 -0.422972 0.801366 -0.598173 0.000001 0.801367 -0.422972 0.422973 0.801367 0.000030 1.000000 0.000011 -0.872520 0.457551 -0.171337 -0.980896 0.027202 -0.192624 -0.707428 -0.692996 -0.138928 0.000053 -1.000000 0.000001 0.707497 -0.692926 0.138930 0.980893 0.027286 0.192624 0.872509 0.457569 0.171345 -0.042785 0.975012 0.217992 -0.892099 0.446116 -0.071693 -0.982049 0.026543 -0.186750 -0.677767 -0.675674 -0.289992 0.042852 -0.975024 -0.217926 0.737155 -0.675617 -0.012033 0.979713 0.026613 0.198632 0.852925 0.446122 0.271098 -0.083506 0.901221 0.425237 -0.910738 0.412342 0.023039 -0.983150 0.024581 -0.181141 -0.649569 -0.624528 -0.433619 0.083562 -0.901261 -0.425143 0.765375 -0.624499 -0.155573 0.978589 0.024613 0.204349 0.834321 0.412318 0.365927 -0.120091 0.782176 0.611374 -0.927495 0.357858 0.108119 -0.984144 0.021379 -0.176076 -0.624235 -0.542023 -0.562620 0.120143 -0.782238 -0.611285 0.790730 -0.542028 -0.284520 0.977579 0.021366 0.209482 0.817625 0.357803 0.451072 -0.150671 0.623800 0.766924 -0.941510 0.285380 0.179210 -0.984978 0.017070 -0.171836 -0.603049 -0.432271 -0.670428 0.150721 -0.623866 -0.766860 0.811919 -0.432300 -0.392307 0.976740 0.017029 0.213751 0.803686 0.285309 0.522194 -0.173678 0.434131 0.883949 -0.952059 0.198598 0.232684 -0.985604 0.011882 -0.168652 -0.587099 -0.300843 -0.751537 0.173724 -0.434189 -0.883911 0.827856 -0.300876 -0.473421 0.976113 0.011838 0.216941 0.793207 0.198534 0.575679 -0.187961 0.222850 0.956561 -0.958607 0.101947 0.265856 -0.985990 0.006096 -0.166693 -0.577189 -0.154438 -0.801874 0.188003 -0.222891 -0.956543 0.837740 -0.154460 -0.523769 0.975730 0.006070 0.218894 0.786710 0.101911 0.608853 -0.192813 0.000593 0.981235 -0.960837 0.000291 0.277113 -0.986120 0.000016 -0.166037 -0.573811 -0.000429 -0.818988 0.192866 -0.000619 -0.981225 0.841098 -0.000428 -0.540882 0.975603 0.000018 0.219541 0.784515 0.000293 0.620110 -0.188008 -0.221747 0.956808 -0.958644 -0.101396 0.265933 -0.985993 -0.006070 -0.166676 -0.577151 0.153630 -0.802057 0.188060 0.221725 -0.956803 0.837775 0.153655 -0.523949 0.975728 -0.006037 0.218905 0.786719 -0.101355 0.608934 -0.173746 -0.433413 0.884288 -0.952115 -0.198215 0.232781 -0.985617 -0.011897 -0.168576 -0.587092 0.300297 -0.751761 0.173792 0.433426 -0.884273 0.827935 0.300332 -0.473629 0.976096 -0.011852 0.217016 0.793224 -0.198150 0.575789 -0.150683 -0.623711 0.766993 -0.941547 -0.285284 0.179171 -0.984991 -0.017129 -0.171754 -0.603102 0.432174 -0.670443 0.150727 0.623777 -0.766932 0.811971 0.432203 -0.392305 0.976721 -0.017094 0.213830 0.803736 -0.285217 0.522168 -0.119994 -0.782575 0.610883 -0.927478 -0.357992 0.107826 -0.984150 -0.021455 -0.176034 -0.624356 0.542280 -0.562238 0.120039 0.782660 -0.610765 0.790698 0.542283 -0.284124 0.977569 -0.021448 0.209519 0.817721 -0.357942 0.450788 -0.083313 -0.901704 0.424251 -0.910664 -0.412533 0.022531 -0.983147 -0.024622 -0.181151 -0.649729 0.624867 -0.432889 0.083359 0.901773 -0.424094 0.765249 0.624835 -0.154840 0.978591 -0.024657 0.204334 0.834444 -0.412515 0.365424 -0.042588 -0.975247 0.216977 -0.892008 -0.446217 -0.072198 -0.982043 -0.026502 -0.186788 -0.677885 0.675874 -0.289249 0.042643 0.975273 -0.216849 0.736985 0.675815 -0.011301 0.979721 -0.026574 0.198594 0.853030 -0.446226 0.270596 0.000147 -1.000000 -0.000593 -0.872453 -0.457566 -0.171634 -0.980894 -0.027133 -0.192644 -0.707477 0.693035 -0.138486 -0.000070 1.000000 0.000631 0.707376 0.692963 0.139361 0.980898 -0.027219 0.192610 0.872558 -0.457586 0.171048 0.042859 -0.974978 -0.218131 -0.852934 -0.446123 -0.271067 -0.979743 -0.026494 -0.198496 -0.737095 0.675677 0.012253 -0.042766 0.974992 0.218086 0.677817 0.675618 0.290009 0.982072 -0.026565 0.186625 0.892106 -0.446131 0.071513 0.083486 -0.901276 -0.425126 -0.834390 -0.412388 -0.365690 -0.978642 -0.024561 -0.204098 -0.765282 0.624584 0.155687 -0.083391 0.901324 0.425042 0.649706 0.624553 0.433377 0.983191 -0.024594 0.180915 0.910722 -0.412368 -0.023184 0.119998 -0.782316 -0.611213 -0.817741 -0.357937 -0.450756 -0.977646 -0.021380 -0.209168 -0.790616 0.542132 0.284639 -0.119911 0.782394 0.611131 0.624435 0.542136 0.562290 0.984198 -0.021368 0.175775 0.927467 -0.357883 -0.108286 0.150527 -0.623926 -0.766850 -0.803832 -0.285445 -0.521896 -0.976810 -0.017085 -0.213424 -0.811793 0.432363 0.392498 -0.150454 0.624010 0.766796 0.603291 0.432393 0.670131 0.985039 -0.017043 0.171485 0.941471 -0.285373 -0.179428 0.173502 -0.434112 -0.883993 -0.793370 -0.198589 -0.575436 -0.976183 -0.011896 -0.216622 -0.827718 0.300827 0.473694 -0.173442 0.434179 0.883972 0.587361 0.300862 0.751325 0.985668 -0.011849 0.168281 0.952009 -0.198524 -0.232951 0.187753 -0.222558 -0.956670 -0.786880 -0.101806 -0.608650 -0.975796 -0.006098 -0.218600 -0.837592 0.154227 0.524074 -0.187702 0.222592 0.956672 0.577469 0.154249 0.801709 0.986054 -0.006068 0.166314 0.958546 -0.101767 -0.266146 0.192579 0.000058 -0.981281 -0.784683 0.000025 -0.619898 -0.975665 0.000001 -0.219265 -0.840933 -0.000040 0.541139 -0.192532 -0.000059 0.981291 0.574115 -0.000041 0.818775 0.986184 0.000001 0.165653 0.960759 0.000026 -0.277384 0.187751 0.222636 -0.956652 -0.786884 0.101837 -0.608640 -0.975798 0.006098 -0.218589 -0.837585 -0.154280 0.524070 -0.187697 -0.222667 0.956655 0.577464 -0.154301 0.801702 0.986053 0.006068 0.166324 0.958545 0.101798 -0.266135 0.173502 0.434099 -0.883999 -0.793374 0.198574 -0.575436 -0.976185 0.011890 -0.216614 -0.827711 -0.300818 0.473711 -0.173440 -0.434157 0.883983 0.587349 -0.300850 0.751339 0.985666 0.011843 0.168294 0.952013 0.198509 -0.232948 0.150540 0.623833 -0.766922 -0.803836 0.285384 -0.521924 -0.976812 0.017075 -0.213419 -0.811796 -0.432298 0.392563 -0.150471 -0.623906 0.766877 0.603268 -0.432327 0.670195 0.985038 0.017034 0.171493 0.941485 0.285314 -0.179452 0.120021 0.782215 -0.611338 -0.817747 0.357862 -0.450804 -0.977646 0.021376 -0.209169 -0.790632 -0.542057 0.284735 -0.119940 -0.782283 0.611267 0.624415 -0.542062 0.562383 0.984200 0.021367 0.175768 0.927489 0.357810 -0.108332 0.083498 0.901241 -0.425198 -0.834404 0.412340 -0.365713 -0.978641 0.024577 -0.204105 -0.765302 -0.624546 0.155740 -0.083409 -0.901284 0.425125 0.649706 -0.624517 0.433430 0.983193 0.024611 0.180901 0.910744 0.412319 -0.023206 0.042826 0.975017 -0.217963 -0.852968 0.446112 -0.270979 -0.979742 0.026541 -0.198498 -0.737094 -0.675681 0.012129 -0.042735 -0.975030 0.217921 0.677863 -0.675622 0.289891 0.982072 0.026610 0.186617 0.892105 0.446119 0.071601 -0.137593 0.987686 -0.074458 0.679138 0.551847 -0.483979 0.818426 0.249314 -0.517708 0.777671 -0.504300 -0.375380 0.265349 -0.964146 -0.003525 -0.412765 -0.831378 0.372069 -0.833204 -0.194301 0.517705 -0.847064 0.281320 0.450933 -0.254267 0.927574 -0.273779 0.613843 0.518462 -0.595310 0.789033 0.234074 -0.568011 0.837153 -0.473629 -0.273588 0.379091 -0.905425 0.191041 -0.314647 -0.780759 0.539827 -0.810257 -0.182524 0.556928 -0.880234 0.264331 0.394104 -0.360171 0.814545 -0.454745 0.554555 0.455425 -0.696460 0.762357 0.205511 -0.613658 0.891166 -0.415935 -0.181167 0.482352 -0.795081 0.367674 -0.225575 -0.685618 0.692130 -0.789418 -0.160314 0.592552 -0.910378 0.232214 0.342473 -0.449380 0.655254 -0.607206 0.504607 0.366449 -0.781721 0.739890 0.165299 -0.652104 0.936675 -0.334618 -0.103296 0.569346 -0.639601 0.516484 -0.150525 -0.551549 0.820448 -0.771854 -0.128988 0.622578 -0.935793 0.186858 0.298958 -0.516915 0.458887 -0.722649 0.466796 0.256678 -0.846297 0.722880 0.115753 -0.681209 0.971139 -0.234360 -0.044324 0.635219 -0.447942 0.629162 -0.093700 -0.386279 0.917611 -0.758552 -0.090348 0.645318 -0.955043 0.130888 0.266009 -0.559030 0.236649 -0.794659 0.443230 0.132401 -0.886576 0.712273 0.059697 -0.699360 0.992639 -0.120879 -0.007532 0.676312 -0.231033 0.699447 -0.058253 -0.199232 0.978219 -0.750252 -0.046603 0.659507 -0.967050 0.067517 0.245471 -0.573404 0.001101 -0.819272 0.435212 0.000670 -0.900328 0.708646 0.000291 -0.705564 0.999987 -0.000597 0.005044 0.690355 -0.001140 0.723470 -0.046133 -0.000981 0.998935 -0.747414 -0.000227 0.664359 -0.971149 0.000347 0.238474 -0.559234 -0.234660 -0.795105 0.443193 -0.131167 -0.886778 0.712180 -0.059182 -0.699498 0.992772 0.119789 -0.007336 0.676571 0.228963 0.699877 -0.058055 0.197448 0.978593 -0.750225 0.046181 0.659568 -0.967112 -0.066874 0.245404 -0.517155 -0.457655 -0.723258 0.466802 -0.255843 -0.846546 0.722711 -0.115489 -0.681433 0.971322 0.233635 -0.044136 0.635582 0.446652 0.629712 -0.093495 0.385154 0.918104 -0.758567 0.090033 0.645345 -0.955124 -0.130451 0.265935 -0.449359 -0.655081 -0.607408 0.504784 -0.366196 -0.781725 0.739772 -0.165364 -0.652221 0.936736 0.334434 -0.103348 0.569456 0.639417 0.516591 -0.150557 0.551362 0.820568 -0.771930 0.128848 0.622513 -0.935802 -0.186721 0.299016 -0.359690 -0.815102 -0.454127 0.554977 -0.455598 -0.696011 0.762394 -0.205772 -0.613526 0.890974 0.416146 -0.181625 0.481962 0.795656 0.366940 -0.226005 0.686082 0.691530 -0.789564 0.160323 0.592356 -0.910250 -0.232296 0.342759 -0.253406 -0.928209 -0.272421 0.614438 -0.518732 -0.594461 0.789226 -0.234298 -0.567651 0.836723 0.473929 -0.274382 0.378250 0.906085 0.189569 -0.315409 0.781314 0.538577 -0.810448 0.182606 0.556622 -0.879983 -0.264458 0.394578 -0.136725 -0.987918 -0.072968 0.679684 -0.551972 -0.483071 0.818671 -0.249329 -0.517314 0.777173 0.504471 -0.376180 0.264425 0.964393 -0.005081 -0.413519 0.831610 0.370711 -0.833371 0.194411 0.517394 -0.846794 -0.281358 0.451417 -0.016160 -0.990981 0.133023 0.747078 -0.553491 -0.368132 0.849055 -0.250164 -0.465321 0.715711 0.506025 -0.481349 0.146898 0.967438 -0.206118 -0.514898 0.834221 0.197370 -0.857072 0.194974 0.476877 -0.812560 -0.282101 0.510064 0.101728 -0.936949 0.334332 0.812949 -0.523082 -0.255927 0.878762 -0.236668 -0.414445 0.655682 0.478387 -0.584146 0.032025 0.914790 -0.402658 -0.614034 0.788785 0.027953 -0.880231 0.184234 0.437323 -0.779148 -0.266582 0.567329 0.210264 -0.828142 0.519586 0.873558 -0.462114 -0.152800 0.906142 -0.209350 -0.367532 0.600468 0.422786 -0.678742 -0.073727 0.808677 -0.583614 -0.705312 0.697247 -0.127993 -0.901518 0.162720 0.400983 -0.748447 -0.235492 0.619977 0.302951 -0.670000 0.677732 0.925281 -0.373691 -0.064881 0.929558 -0.169509 -0.327395 0.553353 0.342014 -0.759491 -0.164042 0.654360 -0.738175 -0.783275 0.564159 -0.261162 -0.919665 0.131549 0.370016 -0.722282 -0.190418 0.664869 0.373958 -0.471164 0.798849 0.964879 -0.262686 0.002369 0.947525 -0.119289 -0.296593 0.517281 0.240496 -0.821329 -0.233242 0.460238 -0.856609 -0.843011 0.396776 -0.363183 -0.933542 0.092451 0.346342 -0.702275 -0.133846 0.699210 0.418608 -0.243243 0.874986 0.989762 -0.135584 0.044599 0.958835 -0.061615 -0.277200 0.494604 0.124158 -0.860204 -0.276765 0.237636 -0.931091 -0.880578 0.204861 -0.427334 -0.942256 0.047711 0.331478 -0.689713 -0.069081 0.720780 0.433859 -0.000156 0.900981 0.998258 -0.000104 0.059000 0.962700 -0.000043 -0.270573 0.486857 0.000090 -0.873482 -0.291634 0.000171 -0.956530 -0.893408 0.000146 -0.449245 -0.945231 0.000034 0.326403 -0.685433 -0.000054 0.728136 0.418661 0.242929 0.875048 0.989791 0.135366 0.044605 0.958846 0.061526 -0.277180 0.494575 -0.123978 -0.860247 -0.276809 -0.237291 -0.931166 -0.880611 -0.204567 -0.427407 -0.942265 -0.047643 0.331460 -0.689717 0.068967 0.720787 0.374060 0.470875 0.798972 0.964939 0.262463 0.002385 0.947548 0.119208 -0.296550 0.517233 -0.240334 -0.821407 -0.233328 -0.459921 -0.856756 -0.843081 -0.396506 -0.363316 -0.933557 -0.092386 0.346317 -0.702280 0.133727 0.699228 0.303072 0.669819 0.677857 0.925357 0.373504 -0.064878 0.929585 0.169468 -0.327341 0.553312 -0.341904 -0.759570 -0.164131 -0.654157 -0.738335 -0.783357 -0.563984 -0.261294 -0.919678 -0.131496 0.370001 -0.722293 0.190316 0.664886 0.210305 0.828149 0.519558 0.873591 0.462020 -0.152890 0.906144 0.209385 -0.367506 0.600491 -0.422758 -0.678739 -0.073724 -0.808671 -0.583623 -0.705328 -0.697233 -0.127979 -0.901513 -0.162680 0.401011 -0.748482 0.235439 0.619955 0.101544 0.937119 0.333912 0.812849 0.523087 -0.256234 0.878698 0.236779 -0.414518 0.655846 -0.478423 -0.583933 0.032273 -0.914955 -0.402264 -0.613859 -0.788907 0.028327 -0.880184 -0.184194 0.437434 -0.779243 0.266590 0.567196 -0.016705 0.991107 0.132012 0.746756 0.553504 -0.368766 0.848887 0.250280 -0.465565 0.716069 -0.506019 -0.480823 0.147520 -0.967560 -0.205098 -0.514422 -0.834298 0.198286 -0.856965 -0.194901 0.477101 -0.812749 0.282129 0.509747 -0.577350 0.577350 0.577350 0.577350 0.577350 0.577350 0.577350 -0.577350 0.577350 0.577350 -0.577350 -0.577350 0.577350 0.577350 -0.577350 -0.904534 -0.301511 0.301511 0.577350 -0.577350 0.577350 0.577350 -0.577350 -0.577350 0.577350 0.577350 -0.577350 0.577350 0.577350 0.577350 -0.904534 0.301511 0.301511 -0.904534 -0.301511 -0.301511 -0.577350 -0.577350 0.577350 -0.577350 0.577350 -0.577350 -0.904534 0.301511 -0.301511 -0.577350 0.577350 -0.577350 0.904534 0.301511 -0.301511 -0.577350 -0.577350 -0.577350 0.904534 -0.301511 -0.301511 -0.577350 -0.577350 -0.577350 -0.577350 -0.577350 0.577350 0.904534 0.301511 0.301511 0.904534 -0.301511 0.301511 -0.577350 0.577350 0.577350 -0.000293 0.000000 -1.000000 0.715803 -0.521037 -0.464916 -0.273586 -0.843213 -0.462756 -0.884970 0.000000 -0.465648 -0.273586 0.843213 -0.462756 0.715803 0.521037 -0.464916 0.276432 -0.849404 0.449553 -0.724914 -0.525320 0.445576 -0.724914 0.525320 0.445576 0.276432 0.849404 0.449553 0.896017 0.000000 0.444020 -0.000506 0.000000 1.000000 0.000000 0.460074 -0.887881 0.325322 0.325321 -0.887880 0.460073 -0.000000 -0.887881 0.325321 -0.325321 -0.887881 0.000000 -0.460074 -0.887881 -0.325321 -0.325321 -0.887881 -0.460073 0.000000 -0.887881 -0.325321 0.325321 -0.887881 -0.000000 0.992399 -0.123063 0.701732 0.701732 -0.123063 0.992399 0.000000 -0.123064 0.701732 -0.701732 -0.123064 0.000000 -0.992399 -0.123064 -0.701733 -0.701731 -0.123064 -0.992399 0.000000 -0.123064 -0.701732 0.701732 -0.123063 -0.000000 0.592011 0.805930 0.418614 0.418615 0.805930 0.592011 0.000000 0.805930 0.418616 -0.418615 0.805929 0.000000 -0.592011 0.805930 -0.418616 -0.418615 0.805929 -0.592012 0.000000 0.805929 -0.418615 0.418615 0.805930 0.808386 0.317624 -0.495608 -0.365088 0.783489 -0.502847 -0.832185 -0.388413 -0.395730 0.346477 -0.853833 -0.388488 0.915706 0.401473 -0.017365 -0.384795 0.921574 -0.051326 -0.919420 -0.392909 0.016984 0.410574 -0.910413 0.050771 0.915108 0.401748 0.034294 -0.389672 0.920328 -0.033940 -0.917421 -0.396422 -0.034465 0.406455 -0.913018 0.034525 0.913661 0.400792 0.067748 -0.393246 0.919125 -0.023822 -0.914946 -0.397839 -0.067811 0.404013 -0.914422 0.024597 0.912732 0.399197 0.086964 -0.396387 0.917861 -0.020204 -0.912805 -0.399031 -0.086956 0.401435 -0.915654 0.020672 0.914983 0.394917 0.082741 -0.402342 0.914975 -0.030680 -0.911361 -0.403261 -0.082469 0.393696 -0.918753 0.029951 0.784898 0.362956 0.502192 -0.391720 0.826994 0.403282 -0.851541 -0.350741 0.389689 0.317709 -0.813038 0.487884 0.780918 0.328920 -0.531016 -0.423022 0.724733 -0.543888 -0.811859 -0.465720 -0.352121 0.388610 -0.856291 -0.340217 0.898696 0.426604 -0.101753 -0.456810 0.874199 -0.164625 -0.881416 -0.459855 0.107881 0.453683 -0.875724 0.165167 0.895606 0.431808 -0.106915 -0.456024 0.859145 -0.232188 -0.884566 -0.452660 0.112439 0.455177 -0.859546 0.232366 0.892551 0.438032 -0.107151 -0.454051 0.849123 -0.269865 -0.887620 -0.447242 0.110024 0.455824 -0.848230 0.269686 0.888412 0.447913 -0.100491 -0.452002 0.848477 -0.275284 -0.891118 -0.442863 0.098900 0.457681 -0.845635 0.274646 0.880569 0.467028 -0.080517 -0.450124 0.862577 -0.230973 -0.896920 -0.436196 0.072573 0.463664 -0.855784 0.229456 0.777313 0.494268 0.389209 -0.423559 0.861351 0.280484 -0.811310 -0.322659 0.487512 0.396873 -0.696114 0.598262 0.000001 -0.000001 -1.000000 0.723607 -0.525731 -0.447213 -0.276388 -0.850654 -0.447211 -0.894429 -0.000000 -0.447210 -0.276388 0.850653 -0.447212 0.723608 0.525731 -0.447213 0.276387 -0.850653 0.447212 -0.723608 -0.525730 0.447214 -0.723606 0.525731 0.447215 0.276389 0.850653 0.447213 0.894428 -0.000001 0.447212 -0.000000 -0.000000 1.000000 -0.041479 -0.152112 -0.987492 0.733280 -0.550648 -0.398857 -0.245663 -0.921569 -0.300600 -0.910747 -0.112921 -0.397227 -0.342834 0.757770 -0.555202 0.673226 0.487236 -0.556209 0.342832 -0.757770 0.555203 -0.673226 -0.487235 0.556209 -0.733278 0.550649 0.398859 0.245662 0.921569 0.300601 0.910746 0.112921 0.397229 0.041476 0.152112 0.987493 "
							        />
							<TextureCoordinate point="0.1250 0.5000 0.1250 0.6820 0.0000 0.6820 0.0000 0.5000 0.0000 0.0000 0.0000 0.0000 0.0000 0.0000 0.0000 0.0000 0.0000 0.0000 0.0000 0.0000 0.0000 0.0000 0.0000 0.0000 0.0000 0.0000 0.0000 0.0000 0.0000 0.0000 0.0000 0.0000 0.0000 0.0000 0.0000 0.0000 0.0000 0.0000 0.0000 0.0000 0.0000 0.0000 0.0000 0.0000 0.0000 0.0000 0.0000 0.0000 0.0000 0.0000 0.0000 0.0000 0.0000 0.0000 0.0000 0.0000 0.0000 0.0000 0.0000 0.0000 0.0000 0.0000 0.0000 0.0000 0.0000 0.0000 0.0000 0.0000 0.0000 0.0000 0.0000 0.0000 0.0000 0.0000 0.0000 0.0000 0.0000 0.0000 0.0000 0.0000 0.0000 0.0000 0.0000 0.0000 0.0000 0.0000 0.0000 0.0000 0.0000 0.0000 0.0000 0.0000 0.0000 0.0000 0.0000 0.0000 0.0000 0.0000 0.0000 0.0000 0.0000 0.0000 0.0000 0.0000 0.0000 0.0000 0.0000 0.0000 0.0000 0.0000 0.0000 0.0000 0.0000 0.0000 0.0000 0.0000 0.0000 0.0000 0.0000 0.0000 0.0000 0.0000 0.0000 0.0000 0.0000 0.0000 0.0000 0.0000 0.0000 0.0000 0.0000 0.0000 0.0000 0.0000 0.0000 0.0000 0.0000 0.0000 0.0000 0.0000 0.0000 0.0000 0.0000 0.0000 0.0000 0.0000 0.0000 0.0000 0.0000 0.0000 0.0000 0.0000 0.0000 0.0000 0.0000 0.0000 0.0000 0.0000 0.0000 0.0000 0.0000 0.0000 0.0000 0.0000 0.0000 0.0000 0.0000 0.0000 0.0000 0.0000 0.0000 0.0000 0.0000 0.0000 0.0000 0.0000 0.0000 0.0000 0.0000 0.0000 0.0000 0.0000 0.0000 0.0000 0.0000 0.0000 0.0000 0.0000 0.0000 0.0000 0.0000 0.0000 0.0000 0.0000 0.0000 0.0000 0.0000 0.0000 0.0000 0.0000 0.0000 0.0000 0.0000 0.0000 0.0000 0.0000 0.0000 0.0000 0.0000 0.0000 0.0000 0.0000 0.0000 0.0000 0.0000 0.0000 0.7500 0.0000 1.0000 0.0000 1.0000 1.0000 0.7500 1.0000 0.5000 0.0000 0.7500 0.0000 0.7500 1.0000 0.5000 1.0000 1.0000 0.0000 0.7500 0.0000 0.7500 0.0000 1.0000 0.0000 0.7500 0.0000 0.7500 1.0000 1.0000 1.0000 1.0000 0.0000 0.5000 0.0000 0.5000 1.0000 0.7500 1.0000 0.7500 0.0000 1.0000 0.0000 1.0000 0.0000 0.7500 0.0000 0.7500 0.0000 1.0000 1.0000 1.0000 1.0000 0.7500 1.0000 0.7500 1.0000 1.0000 0.0000 1.0000 0.0000 1.0000 1.0000 1.0000 1.0000 0.7500 0.0000 0.7500 0.0000 0.7500 0.0000 0.7500 0.0000 0.5000 0.0000 0.5000 0.0000 0.7500 0.0000 0.7500 0.0000 0.7500 1.0000 0.7500 1.0000 0.5000 1.0000 0.5000 1.0000 1.0000 0.0000 1.0000 0.0000 1.0000 0.0000 1.0000 0.0000 0.7500 0.0000 0.7500 1.0000 1.0000 1.0000 1.0000 0.0000 0.5000 0.0000 0.5000 1.0000 0.7500 1.0000 0.7500 0.0000 1.0000 0.0000 1.0000 0.0000 0.7500 0.0000 0.7500 0.0000 0.7500 0.0000 1.0000 0.0000 1.0000 1.0000 0.7500 1.0000 0.5000 0.0000 0.7500 0.0000 0.7500 1.0000 0.5000 1.0000 1.0000 0.0000 0.7500 0.0000 0.7500 0.0000 1.0000 0.0000 1.0000 1.0000 0.7500 1.0000 0.7500 1.0000 1.0000 1.0000 1.0000 0.0000 1.0000 1.0000 1.0000 1.0000 1.0000 0.0000 0.7500 0.0000 0.7500 0.0000 0.7500 0.0000 0.7500 0.0000 0.5000 0.0000 0.7500 0.0000 0.7500 0.0000 0.5000 0.0000 0.7500 1.0000 0.5000 1.0000 0.5000 1.0000 0.7500 1.0000 1.0000 0.0000 1.0000 0.0000 1.0000 0.0000 1.0000 0.0000 0.5000 0.5000 0.5000 0.6820 0.3750 0.6820 0.3750 0.5000 0.6250 0.5000 0.6250 0.6820 0.5000 0.6820 0.5000 0.5000 0.2500 0.5000 0.2500 0.6820 0.1250 0.6820 0.1250 0.5000 1.0000 0.5000 1.0000 0.6820 0.8750 0.6820 0.8750 0.5000 0.8750 0.5000 0.8750 0.6820 0.7500 0.6820 0.7500 0.5000 0.3750 0.5000 0.3750 0.6820 0.2500 0.6820 0.2500 0.5000 0.7500 0.5000 0.7500 0.6820 0.6250 0.6820 0.6250 0.5000 0.1250 0.6820 0.2500 0.6820 0.2500 0.6820 0.1250 0.6820 0.0000 0.6820 0.1250 0.6820 0.1250 0.6820 0.0000 0.6820 0.6250 0.6820 0.7500 0.6820 0.7500 0.6820 0.6250 0.6820 0.8750 0.6820 1.0000 0.6820 1.0000 0.6820 0.8750 0.6820 0.3750 0.6820 0.5000 0.6820 0.5000 0.6820 0.3750 0.6820 0.7500 0.6820 0.8750 0.6820 0.8750 0.6820 0.7500 0.6820 0.2500 0.6820 0.3750 0.6820 0.3750 0.6820 0.2500 0.6820 0.5000 0.6820 0.6250 0.6820 0.6250 0.6820 0.5000 0.6820 0.5000 0.6820 0.6250 0.6820 0.6250 0.6820 0.5000 0.6820 0.2500 0.6820 0.3750 0.6820 0.3750 0.6820 0.2500 0.6820 0.7500 0.6820 0.8750 0.6820 0.8750 0.6820 0.7500 0.6820 0.3750 0.6820 0.5000 0.6820 0.5000 0.6820 0.3750 0.6820 0.8750 0.6820 1.0000 0.6820 1.0000 0.6820 0.8750 0.6820 0.6250 0.6820 0.7500 0.6820 0.7500 0.6820 0.6250 0.6820 0.0000 0.6820 0.1250 0.6820 0.1250 0.6820 0.0000 0.6820 0.1250 0.6820 0.2500 0.6820 0.2500 0.6820 0.1250 0.6820 0.0000 0.0000 0.0000 0.0000 0.0000 0.0000 0.0000 0.0000 0.0000 0.0000 0.0000 0.0000 0.0000 0.0000 0.0000 0.0000 0.0000 0.0000 0.0000 0.0000 0.0000 0.0000 0.0000 0.0000 0.0000 0.0000 0.0000 0.0000 0.0000 0.0000 0.0000 0.0000 0.0000 0.0000 0.0000 0.0000 0.0000 0.0000 0.0000 0.0000 0.0000 0.0000 0.0000 0.0000 0.0000 0.0000 0.0000 0.0000 0.0000 0.0000 0.0000 0.0000 0.0000 0.0000 0.0000 0.0000 0.0000 0.0000 0.0000 0.0000 0.0000 0.0000 0.0000 0.0000 0.0000 0.0000 0.0000 0.0000 0.0000 0.0000 0.0000 0.0000 0.0000 0.0000 0.0000 0.0000 0.0000 0.0000 0.0000 0.0000 0.0000 0.0000 0.0000 0.0000 0.0000 0.0000 0.0000 0.0000 0.0000 0.0000 0.0000 0.0000 0.0000 0.0000 0.0000 0.0000 0.0000 0.0000 0.0000 0.0000 0.0000 0.0000 0.0000 0.0000 0.0000 0.0000 0.0000 0.0000 0.0000 0.0000 0.0000 0.0000 0.0000 0.0000 0.0000 0.0000 0.0000 0.0000 0.0000 0.0000 0.0000 0.0000 0.0000 0.0000 0.0000 0.0000 0.0000 0.0000 0.0000 0.0000 0.0000 0.0000 0.0000 0.0000 0.0000 0.0000 0.0000 0.0000 0.0000 0.0000 0.0000 0.0000 0.0000 0.0000 0.0000 0.0000 0.0000 0.0000 0.0000 0.0000 0.0000 0.0000 0.0000 0.0000 0.0000 0.0000 0.0000 0.0000 0.0000 0.0000 0.0000 0.0000 0.0000 0.0000 0.0000 0.0000 0.0000 0.0000 0.0000 0.0000 0.0000 0.0000 0.0000 0.0000 0.0000 0.0000 0.0000 0.0000 0.0000 0.0000 0.0000 0.0000 0.0000 0.0000 0.0000 0.0000 0.0000 0.0000 0.0000 0.0000 0.0000 0.0000 0.0000 0.0000 0.0000 0.0000 0.0000 0.0000 0.0000 0.0000 0.0000 0.0000 0.0000 0.0000 0.0000 0.0000 0.0000 0.0000 0.0000 0.0000 0.0000 0.0000 0.0000 0.0000 0.0000 0.0000 0.0000 0.0000 0.0000 0.0000 0.0000 0.0000 0.0000 0.0000 0.0000 0.0000 0.0000 0.0000 0.0000 0.0000 0.0000 0.0000 0.0000 0.0000 0.0000 0.0000 0.0000 0.0000 0.0000 0.0000 0.0000 0.0000 0.0000 0.0000 0.0000 0.0000 0.0000 0.0000 0.0000 0.0000 0.0000 0.0000 0.0000 0.0000 0.0000 0.0000 0.0000 0.0000 0.0000 0.0000 0.0000 0.0000 0.0000 0.0000 0.0000 0.0000 0.0000 0.0000 0.0000 0.0000 0.0000 0.0000 0.0000 0.0000 0.0000 0.0000 0.0000 0.0000 0.0000 0.0000 0.0000 0.0000 0.0000 0.0000 0.0000 0.0000 0.0000 0.0000 0.0000 0.0000 0.0000 0.0000 0.0000 0.0000 0.0000 0.0000 0.0000 0.0000 0.0000 0.0000 0.0000 0.0000 0.0000 0.0000 0.0000 0.0000 0.0000 0.0000 0.0000 0.0000 0.0000 0.0000 0.0000 0.0000 0.0000 0.0000 0.0000 0.0000 0.0000 0.0000 0.0000 0.0000 0.0000 0.0000 0.0000 0.0000 0.0000 0.0000 0.0000 0.0000 0.0000 0.0000 0.0000 0.0000 0.0000 0.0000 0.0000 0.0000 0.0000 0.0000 0.0000 0.0000 0.0000 0.0000 0.0000 0.0000 0.0000 0.0000 0.0000 0.0000 0.0000 0.0000 0.0000 0.0000 0.0000 0.0000 0.0000 0.0000 0.0000 0.0000 0.0000 0.0000 0.0000 0.0000 0.0000 0.0000 0.0000 0.0000 0.0000 0.0000 0.0000 0.0000 0.0000 0.0000 0.0000 0.0000 0.0000 0.0000 0.0000 0.0000 0.0000 0.0000 0.0000 0.0000 0.0000 0.0000 0.0000 0.0000 0.0000 0.0000 0.0000 0.0000 0.0000 0.0000 0.0000 0.0000 0.0000 0.0000 0.0000 0.0000 0.0000 0.0000 0.0000 0.0000 0.0000 0.0000 0.0000 0.0000 0.0000 0.0000 0.0000 0.0000 0.0000 0.0000 0.0000 0.0000 0.0000 0.0000 0.0000 0.0000 0.0000 0.0000 0.0000 0.0000 0.0000 0.0000 0.0000 0.0000 0.0000 0.0000 0.0000 0.0000 0.0000 0.0000 0.0000 0.0000 0.0000 0.0000 0.0000 0.0000 0.0000 0.0000 0.0000 0.0000 0.0000 0.0000 0.0000 0.0000 0.0000 0.0000 0.0000 0.0000 0.0000 0.0000 0.0000 0.0000 0.0000 0.0000 0.0000 0.0000 0.0000 0.0000 0.0000 0.0000 0.0000 0.0000 0.0000 0.0000 0.0000 0.0000 0.0000 0.0000 0.0000 0.0000 0.0000 0.0000 0.0000 0.0000 0.0000 0.0000 0.0000 0.0000 0.0000 0.0000 0.0000 0.0000 0.0000 0.0000 0.0000 0.0000 0.0000 0.0000 0.0000 0.0000 0.0000 0.0000 0.0000 0.0000 0.0000 0.0000 0.0000 0.0000 0.0000 0.0000 0.0000 0.0000 0.0000 0.0000 0.0000 0.0000 0.0000 0.0000 0.0000 0.0000 0.0000 0.0000 0.0000 0.0000 0.0000 0.0000 0.0000 0.0000 0.0000 0.0000 0.0000 0.0000 0.0000 0.0000 0.0000 0.0000 0.0000 0.0000 0.0000 0.0000 0.0000 0.0000 0.0000 0.0000 0.0000 0.0000 0.0000 0.0000 0.0000 0.0000 0.0000 0.0000 0.0000 0.0000 0.0000 0.0000 0.0000 0.0000 0.0000 0.0000 0.0000 0.0000 0.0000 0.0000 0.0000 0.0000 0.0000 0.0000 0.0000 0.0000 0.0000 0.0000 0.0000 0.0000 0.0000 0.0000 0.0000 0.0000 0.0000 0.0000 0.0000 0.0000 0.0000 0.0000 0.0000 0.0000 0.0000 0.0000 0.0000 0.0000 0.0000 0.0000 0.0000 0.0000 0.0000 0.0000 0.0000 0.0000 0.0000 0.0000 0.0000 0.0000 0.0000 0.0000 0.0000 0.0000 0.0000 0.0000 0.0000 0.0000 0.0000 0.0000 0.0000 0.0000 0.0000 0.0000 0.0000 0.0000 0.0000 0.0000 0.0000 0.0000 0.0000 0.0000 0.0000 0.0000 0.0000 0.0000 0.0000 0.0000 0.0000 0.0000 0.0000 0.0000 0.0000 0.0000 0.0000 0.0000 0.0000 0.0000 0.0000 0.0000 0.0000 0.0000 0.0000 0.0000 0.0000 0.0000 0.0000 0.0000 0.0000 0.0000 0.0000 0.0000 0.0000 0.0000 0.0000 0.0000 0.0000 0.0000 0.0000 0.0000 0.0000 0.0000 0.0000 0.0000 0.0000 0.0000 0.0000 0.0000 0.0000 0.0000 0.0000 0.0000 0.0000 0.0000 0.0000 0.0000 0.0000 0.0000 0.0000 0.0000 0.0000 0.0000 0.0000 0.0000 0.0000 0.0000 0.0000 0.0000 0.0000 0.0000 0.0000 0.0000 0.0000 0.0000 0.0000 0.0000 0.0000 0.0000 0.0000 0.0000 0.0000 0.0000 0.0000 0.0000 0.0000 0.0000 0.0000 0.0000 0.0000 0.0000 0.0000 0.0000 0.0000 0.0000 0.0000 0.0000 0.0000 0.0000 0.0000 0.0000 0.0000 0.0000 0.0000 0.0000 0.0000 0.0000 0.0000 0.0000 0.0000 0.0000 0.0000 0.0000 0.0000 0.0000 0.0000 0.0000 0.0000 0.0000 0.0000 0.0000 0.0000 0.0000 0.0000 0.0000 0.0000 0.0000 0.0000 0.0000 0.0000 0.0000 0.0000 0.0000 0.0000 0.0000 0.0000 0.0000 0.0000 0.0000 0.0000 0.0000 0.0000 0.0000 0.0000 0.0000 0.0000 0.0000 0.0000 0.0000 0.0000 0.0000 0.0000 0.0000 0.0000 0.0000 0.0000 0.0000 0.0000 0.0000 0.0000 0.0000 0.0000 0.0000 0.0000 0.0000 0.0000 0.0000 0.0000 0.0000 0.0000 0.0000 0.0000 0.0000 0.0000 0.0000 0.0000 0.0000 0.0000 0.0000 0.0000 0.0000 0.0000 0.0000 0.0000 0.0000 0.0000 0.0000 0.0000 0.0000 0.0000 0.0000 0.0000 0.0000 0.0000 0.0000 0.0000 0.0000 0.0000 0.0000 0.0000 0.0000 0.0000 0.0000 0.0000 0.0000 0.0000 0.0000 0.0000 0.0000 0.0000 0.0000 0.0000 0.0000 0.0000 0.0000 0.0000 0.0000 0.0000 0.0000 0.0000 0.0000 0.0000 0.0000 0.0000 0.0000 0.0000 0.0000 0.0000 0.0000 0.0000 0.0000 0.0000 0.0000 0.0000 0.0000 0.0000 0.0000 0.0000 0.0000 0.0000 0.0000 0.0000 0.0000 0.0000 0.0000 0.0000 0.0000 0.0000 0.0000 0.0000 0.0000 0.0000 0.0000 0.0000 0.0000 0.0000 0.0000 0.0000 0.0000 0.0000 0.0000 0.0000 0.0000 0.0000 0.0000 0.0000 0.0000 0.0000 0.0000 0.0000 0.0000 0.0000 0.0000 0.0000 0.0000 0.0000 0.0000 0.0000 0.0000 0.0000 0.0000 0.0000 0.0000 0.0000 0.0000 0.0000 0.0000 0.0000 0.0000 0.0000 0.0000 0.0000 0.0000 0.0000 0.0000 0.0000 0.0000 0.0000 0.0000 0.0000 0.0000 0.0000 0.0000 0.0000 0.0000 0.0000 0.0000 0.0000 0.0000 0.0000 0.0000 0.0000 0.0000 0.0000 0.0000 0.0000 0.0000 0.0000 0.0000 0.0000 0.0000 0.0000 0.0000 0.0000 0.0000 0.0000 0.0000 0.0000 0.0000 0.0000 0.0000 0.0000 0.0000 0.0000 0.0000 0.0000 0.0000 0.0000 0.0000 0.0000 0.0000 0.0000 0.0000 0.0000 0.0000 0.0000 0.0000 0.0000 0.0000 0.0000 0.0000 0.0000 0.0000 0.0000 0.0000 0.0000 0.0000 0.0000 0.0000 0.0000 0.0000 0.0000 0.0000 0.0000 0.0000 0.0000 0.0000 0.0000 0.0000 0.0000 0.0000 0.0000 0.0000 0.0000 0.0000 0.0000 0.0000 0.0000 0.0000 0.0000 0.0000 0.0000 0.0000 0.0000 0.0000 0.0000 0.0000 0.0000 0.0000 0.0000 0.0000 0.0000 0.0000 0.0000 0.0000 0.0000 0.0000 0.0000 0.0000 0.0000 0.0000 0.0000 0.0000 0.0000 0.0000 0.0000 0.0000 0.0000 0.0000 0.0000 0.0000 0.0000 0.0000 0.0000 0.0000 0.0000 0.0000 0.0000 0.0000 0.0000 0.0000 0.0000 0.0000 0.0000 0.0000 0.0000 0.0000 0.0000 0.0000 0.0000 0.0000 0.0000 0.0000 0.0000 0.0000 0.0000 0.0000 0.0000 0.0000 0.0000 0.0000 0.0000 0.0000 0.0000 0.0000 0.0000 0.0000 0.0000 0.0000 0.0000 0.0000 0.0000 0.0000 0.0000 0.0000 0.0000 0.0000 0.0000 0.0000 0.0000 0.0000 0.0000 0.0000 0.0000 0.0000 0.0000 0.0000 0.0000 0.0000 0.0000 0.0000 0.0000 0.0000 0.0000 0.0000 0.0000 0.0000 0.0000 0.0000 0.0000 0.0000 0.0000 0.0000 0.0000 0.0000 0.0000 0.0000 0.0000 0.0000 0.0000 0.0000 0.0000 0.0000 0.0000 0.0000 0.0000 0.0000 0.0000 0.0000 0.0000 0.0000 0.0000 0.0000 0.0000 0.0000 0.0000 0.0000 0.0000 0.0000 0.0000 0.0000 0.0000 0.0000 0.0000 0.0000 0.0000 0.0000 0.0000 0.0000 0.0000 0.0000 0.0000 0.0000 0.0000 0.0000 0.0000 0.0000 0.0000 0.0000 0.0000 0.0000 0.0000 0.0000 0.0000 0.0000 0.0000 0.0000 0.0000 0.0000 0.0000 0.0000 0.0000 0.0000 0.0000 0.0000 0.0000 0.0000 0.0000 0.0000 0.0000 0.0000 0.0000 0.0000 0.0000 0.0000 0.0000 0.0000 0.0000 0.0000 0.0000 0.0000 0.0000 0.0000 0.0000 0.0000 0.0000 0.0000 0.0000 0.0000 0.0000 0.0000 0.0000 0.0000 0.0000 0.0000 0.0000 0.0000 0.0000 0.0000 0.0000 0.0000 0.0000 0.0000 0.0000 0.0000 0.0000 0.0000 0.0000 0.0000 0.0000 0.0000 0.0000 0.0000 0.0000 0.0000 0.0000 0.0000 0.0000 0.0000 0.0000 0.0000 0.0000 0.0000 0.0000 0.0000 0.0000 0.0000 0.0000 0.0000 0.0000 0.0000 0.0000 0.0000 0.0000 0.0000 0.0000 0.0000 0.0000 0.0000 0.0000 0.0000 0.0000 0.0000 0.0000 0.0000 0.0000 0.0000 0.0000 0.0000 0.0000 0.0000 0.0000 0.0000 0.0000 0.0000 0.0000 0.0000 0.0000 0.0000 0.0000 0.0000 0.0000 0.0000 0.0000 0.0000 0.0000 0.0000 0.0000 0.0000 0.0000 0.0000 0.0000 0.0000 0.0000 0.0000 0.0000 0.0000 0.0000 0.0000 0.0000 0.0000 0.0000 0.0000 0.0000 0.0000 0.0000 0.0000 0.0000 0.0000 0.0000 0.0000 0.0000 0.0000 0.0000 0.0000 0.0000 0.0000 0.0000 0.0000 0.0000 0.0000 0.0000 0.0000 0.0000 0.0000 0.0000 0.0000 0.0000 0.0000 0.0000 0.0000 0.0000 0.0000 0.0000 0.0000 0.0000 0.0000 0.0000 0.0000 0.0000 0.0000 0.0000 0.0000 0.0000 0.0000 0.0000 0.0000 0.0000 0.0000 0.0000 0.0000 0.0000 0.0000 0.0000 0.0000 0.0000 0.0000 0.0000 0.0000 0.0000 0.0000 0.0000 0.0000 0.0000 0.0000 0.0000 0.0000 0.0000 0.0000 0.0000 0.0000 0.0000 0.0000 0.0000 0.0000 0.0000 0.0000 0.0000 0.0000 0.0000 0.0000 0.0000 0.0000 0.0000 0.0000 0.0000 0.0000 0.0000 0.0000 0.0000 0.0000 0.0000 0.0000 0.0000 0.0000 0.0000 0.0000 0.0000 0.0000 0.0000 0.0000 0.0000 0.0000 0.0000 0.0000 0.0000 0.0000 0.0000 0.0000 0.0000 0.0000 0.0000 0.0000 0.0000 0.0000 0.0000 0.0000 0.0000 0.0000 0.0000 0.0000 0.0000 0.0000 0.0000 0.0000 0.0000 0.0000 0.0000 0.0000 0.0000 0.0000 0.0000 0.0000 0.0000 0.0000 0.0000 0.0000 0.0000 0.0000 0.0000 0.0000 0.0000 0.0000 0.0000 0.0000 0.0000 0.0000 0.0000 0.0000 0.0000 0.0000 0.0000 0.0000 0.0000 0.0000 0.0000 0.0000 0.0000 0.0000 0.0000 0.0000 0.0000 0.0000 0.0000 0.0000 0.0000 0.0000 0.0000 0.0000 0.0000 0.0000 0.0000 0.0000 0.0000 0.0000 0.0000 0.0000 0.0000 0.0000 0.0000 0.0000 0.0000 0.0000 0.0000 0.0000 0.0000 0.0000 0.0000 0.0000 0.0000 0.0000 0.0000 0.0000 0.0000 0.0000 0.0000 0.0000 0.0000 0.0000 0.0000 0.0000 0.0000 0.0000 0.0000 0.0000 0.0000 0.0000 0.0000 0.0000 0.0000 0.0000 0.0000 0.0000 0.0000 0.0000 0.0000 0.0000 0.0000 0.0000 0.0000 0.0000 0.0000 0.0000 0.0000 0.0000 0.0000 0.0000 0.0000 0.0000 0.0000 0.0000 0.0000 0.0000 0.0000 0.0000 0.0000 0.0000 0.0000 0.0000 0.0000 0.0000 0.0000 0.0000 0.0000 0.0000 0.0000 0.0000 0.0000 0.0000 0.0000 0.0000 0.0000 0.0000 0.0000 0.0000 0.0000 0.0000 0.0000 0.0000 0.0000 0.0000 0.0000 0.0000 0.0000 0.0000 0.0000 0.0000 0.0000 0.0000 0.0000 0.0000 0.0000 0.0000 0.0000 0.0000 0.0000 0.0000 0.0000 0.0000 0.0000 0.0000 0.0000 0.0000 0.0000 0.0000 0.0000 0.0000 0.0000 0.0000 0.0000 0.0000 0.0000 0.0000 0.0000 0.0000 0.0000 0.0000 0.0000 0.0000 0.0000 0.0000 0.0000 0.0000 0.0000 0.0000 0.0000 0.0000 0.0000 0.0000 0.0000 0.0000 0.0000 0.0000 0.0000 0.0000 0.0000 0.0000 0.0000 0.0000 0.0000 0.0000 0.0000 0.0000 0.0000 0.0000 0.0000 0.0000 0.0000 0.0000 0.0000 0.0000 0.0000 0.0000 0.0000 0.0000 0.0000 0.0000 0.0000 0.0000 0.0000 0.0000 0.0000 0.0000 0.0000 0.0000 0.0000 0.0000 0.0000 0.0000 0.0000 0.0000 0.0000 0.0000 0.0000 0.0000 0.0000 0.0000 0.0000 0.0000 0.0000 0.0000 0.0000 0.0000 0.0000 0.0000 0.0000 0.0000 0.0000 0.0000 0.0000 0.0000 0.0000 0.0000 0.0000 0.0000 0.0000 0.0000 0.0000 0.0000 0.0000 0.0000 0.0000 0.0000 0.0000 0.0000 0.0000 0.0000 0.0000 0.0000 0.0000 0.0000 0.0000 0.0000 0.0000 0.0000 0.0000 0.0000 0.0000 0.0000 0.0000 0.0000 0.0000 0.0000 0.0000 0.0000 0.0000 0.0000 0.0000 0.0000 0.0000 0.0000 0.0000 0.0000 0.0000 0.0000 0.0000 0.0000 0.0000 0.0000 0.0000 0.0000 0.0000 0.0000 0.0000 0.0000 0.0000 0.0000 0.0000 0.0000 0.0000 0.0000 0.0000 0.0000 0.0000 0.0000 0.0000 0.0000 0.0000 0.0000 0.0000 0.0000 0.0000 0.0000 0.0000 0.0000 0.0000 0.0000 0.0000 0.0000 0.0000 0.0000 0.0000 0.0000 0.0000 0.0000 0.0000 0.0000 0.0000 0.0000 0.0000 0.0000 0.0000 0.0000 0.0000 0.0000 0.0000 0.0000 0.0000 0.0000 0.0000 0.0000 0.0000 0.0000 0.0000 0.0000 0.0000 0.0000 0.0000 0.0000 0.0000 0.0000 0.0000 0.0000 0.0000 0.0000 0.0000 0.0000 0.0000 0.0000 0.0000 0.0000 0.0000 0.0000 0.0000 0.0000 0.0000 0.0000 0.0000 0.0000 0.0000 0.0000 0.0000 0.0000 0.0000 0.0000 0.0000 0.0000 0.0000 0.0000 0.0000 0.0000 0.0000 0.0000 0.0000 0.0000 0.0000 0.0000 0.0000 0.0000 0.0000 0.0000 0.0000 0.0000 0.0000 0.0000 0.0000 0.0000 0.0000 0.0000 0.0000 0.0000 0.0000 0.0000 0.0000 0.0000 0.0000 0.0000 0.0000 0.0000 0.0000 0.0000 0.0000 0.0000 0.0000 0.0000 0.0000 0.0000 0.0000 0.0000 0.0000 0.0000 0.0000 0.0000 0.0000 0.0000 0.0000 0.0000 0.0000 0.0000 0.0000 0.0000 0.0000 0.0000 0.0000 0.0000 0.0000 0.0000 0.0000 0.0000 0.0000 0.0000 0.0000 0.0000 0.0000 0.0000 0.0000 0.0000 0.0000 0.0000 0.0000 0.0000 0.0000 0.0000 0.0000 0.0000 0.0000 0.0000 0.0000 0.0000 0.0000 0.0000 0.0000 0.0000 0.0000 0.0000 0.0000 0.0000 0.0000 0.0000 0.0000 0.0000 0.0000 0.0000 0.0000 0.0000 0.0000 0.0000 0.0000 0.0000 0.0000 0.0000 0.0000 0.0000 0.0000 0.0000 0.0000 0.0000 0.0000 0.0000 0.0000 0.0000 0.0000 0.0000 0.0000 0.0000 0.0000 0.0000 0.0000 0.0000 0.0000 0.0000 0.0000 0.0000 0.0000 0.0000 0.0000 0.0000 0.0000 0.0000 0.0000 0.0000 0.0000 0.0000 0.0000 0.0000 0.0000 0.0000 0.0000 0.0000 0.0000 0.0000 0.0000 0.0000 0.0000 0.0000 0.0000 0.0000 0.0000 0.0000 0.0000 0.0000 0.0000 0.0000 0.0000 0.0000 0.0000 0.0000 0.0000 0.0000 0.0000 0.0000 0.0000 0.0000 0.0000 0.0000 0.0000 0.0000 0.0000 0.0000 0.0000 0.0000 0.0000 0.0000 0.0000 0.0000 0.0000 0.0000 0.0000 0.0000 0.0000 0.0000 0.0000 0.0000 0.0000 0.0000 0.0000 0.0000 0.0000 0.0000 0.0000 0.0000 0.0000 0.0000 0.0000 0.0000 0.0000 0.0000 0.0000 0.0000 0.0000 0.0000 0.0000 0.0000 0.0000 0.0000 0.0000 0.0000 0.0000 0.0000 0.0000 0.0000 0.0000 0.0000 0.0000 0.0000 0.0000 0.0000 0.0000 0.0000 0.0000 0.0000 0.0000 0.0000 0.0000 0.0000 0.0000 0.0000 0.0000 0.0000 0.0000 0.0000 0.0000 0.0000 0.0000 0.0000 0.0000 0.0000 0.0000 0.0000 0.0000 0.0000 0.0000 0.0000 0.0000 0.0000 0.0000 0.0000 0.0000 0.0000 0.0000 0.0000 0.0000 0.0000 0.0000 0.0000 0.0000 0.0000 0.0000 0.0000 0.0000 0.0000 0.0000 0.0000 0.0000 0.0000 0.0000 0.0000 0.0000 0.0000 0.0000 0.0000 0.0000 0.0000 0.0000 0.0000 0.0000 0.0000 0.0000 0.0000 0.0000 0.0000 0.0000 0.0000 0.0000 0.0000 0.0000 0.0000 0.0000 0.0000 0.0000 0.0000 0.0000 0.0000 0.0000 0.0000 0.0000 0.0000 0.0000 0.0000 0.0000 0.0000 0.0000 0.0000 0.0000 0.0000 0.0000 0.0000 0.0000 0.0000 0.0000 0.0000 0.0000 0.0000 0.0000 0.0000 0.0000 0.0000 0.0000 0.0000 0.0000 0.0000 0.0000 0.0000 0.0000 0.0000 0.0000 0.0000 0.0000 0.0000 0.0000 0.0000 0.0000 0.0000 0.0000 0.0000 0.0000 0.0000 0.0000 0.0000 0.0000 0.0000 0.0000 0.0000 0.0000 0.0000 0.0000 0.0000 0.0000 0.0000 0.0000 0.0000 0.0000 0.0000 0.0000 0.0000 0.0000 0.0000 0.0000 0.0000 0.0000 0.0000 0.0000 0.0000 0.0000 0.0000 0.0000 0.0000 0.0000 0.0000 0.0000 0.0000 0.0000 0.0000 0.0000 0.0000 0.0000 0.0000 0.0000 0.0000 0.0000 0.0000 0.0000 0.0000 0.0000 0.0000 0.0000 0.0000 0.0000 0.0000 0.0000 0.0000 0.0000 0.0000 0.0000 0.0000 0.0000 0.0000 0.0000 0.0000 0.0000 0.0000 0.0000 0.0000 0.0000 0.0000 0.0000 0.0000 0.0000 0.0000 0.0000 0.0000 0.0000 0.0000 0.0000 0.0000 0.0000 0.0000 0.0000 0.0000 0.0000 0.0000 0.0000 0.0000 0.0000 0.0000 0.0000 0.0000 0.0000 0.0000 0.0000 0.0000 0.0000 0.0000 0.0000 0.0000 0.0000 0.0000 0.0000 0.0000 0.0000 0.0000 0.0000 0.0000 0.0000 0.0000 0.0000 0.0000 0.0000 0.0000 0.0000 0.0000 0.0000 0.0000 0.0000 0.0000 0.0000 0.0000 0.0000 0.0000 0.0000 0.0000 0.0000 0.0000 0.0000 0.0000 0.0000 0.0000 0.0000 0.0000 0.0000 0.0000 0.0000 0.0000 0.0000 0.0000 0.0000 0.0000 0.0000 0.0000 0.0000 0.0000 0.0000 0.0000 0.0000 0.0000 0.0000 0.0000 0.0000 0.0000 0.0000 0.0000 0.0000 0.0000 0.0000 0.0000 0.0000 0.0000 0.0000 0.0000 0.0000 0.0000 0.0000 0.0000 0.0000 0.0000 0.0000 0.0000 0.0000 0.0000 0.0000 0.0000 0.0000 0.0000 0.0000 0.0000 0.0000 0.0000 0.0000 0.0000 0.0000 0.0000 0.0000 0.0000 0.0000 0.0000 0.0000 0.0000 0.0000 0.0000 0.0000 0.0000 0.0000 0.0000 0.0000 0.0000 0.0000 0.0000 0.0000 0.0000 0.0000 0.0000 0.0000 0.0000 0.0000 0.0000 0.0000 0.0000 0.0000 0.0000 0.0000 0.0000 0.0000 0.0000 0.0000 0.0000 0.0000 0.0000 0.0000 0.0000 0.0000 0.0000 0.0000 0.0000 0.0000 0.0000 0.0000 0.0000 0.0000 0.0000 0.0000 0.0000 0.0000 0.0000 0.0000 0.0000 0.0000 0.0000 0.0000 0.0000 0.0000 0.0000 0.0000 0.0000 0.0000 0.0000 0.0000 0.0000 0.0000 0.0000 0.0000 0.0000 0.0000 0.0000 0.0000 0.0000 0.0000 0.0000 0.0000 0.0000 0.0000 0.0000 0.0000 0.0000 0.0000 0.0000 0.0000 0.0000 0.0000 0.0000 0.0000 0.0000 0.0000 0.0000 0.0000 0.0000 0.0000 0.0000 0.0000 0.0000 0.0000 0.0000 0.0000 0.0000 0.0000 0.0000 0.0000 0.0000 0.0000 0.0000 0.0000 0.0000 0.0000 0.0000 0.0000 0.0000 0.0000 0.0000 0.0000 0.0000 0.0000 0.0000 0.0000 0.0000 0.0000 0.0000 0.0000 0.0000 0.0000 0.0000 0.0000 0.0000 0.0000 0.0000 0.0000 0.0000 0.0000 0.0000 0.0000 0.0000 0.0000 0.0000 0.0000 0.0000 0.0000 0.0000 0.0000 0.0000 0.0000 0.0000 0.0000 0.0000 0.0000 0.0000 0.0000 0.0000 0.0000 0.0000 0.0000 0.0000 0.0000 0.0000 0.0000 0.0000 0.0000 0.0000 0.0000 0.0000 0.0000 0.0000 0.0000 0.0000 0.0000 0.0000 0.0000 0.0000 0.0000 0.0000 0.0000 0.0000 0.0000 0.0000 0.0000 0.0000 0.0000 0.0000 0.0000 0.0000 0.0000 0.0000 0.0000 0.0000 0.0000 0.0000 0.0000 0.0000 0.0000 0.0000 0.0000 0.0000 0.0000 0.0000 0.0000 0.0000 0.0000 0.0000 0.0000 0.0000 0.0000 0.0000 0.0000 0.0000 0.0000 0.0000 0.0000 0.0000 0.0000 0.0000 0.0000 0.0000 0.0000 0.0000 0.0000 0.0000 0.0000 0.0000 0.0000 0.0000 0.0000 0.0000 0.0000 0.0000 0.0000 0.0000 0.0000 0.0000 0.0000 0.0000 0.0000 0.0000 0.0000 0.0000 0.0000 0.0000 0.0000 0.0000 0.0000 0.0000 0.0000 0.0000 0.0000 0.0000 0.0000 0.0000 0.0000 0.0000 0.0000 0.0000 0.0000 0.0000 0.0000 0.0000 0.0000 0.0000 0.0000 0.0000 0.0000 0.0000 0.0000 0.0000 0.0000 0.0000 0.0000 0.0000 0.0000 0.0000 0.0000 0.0000 0.0000 0.0000 0.0000 0.0000 0.0000 0.0000 0.0000 0.0000 0.0000 0.0000 0.0000 0.0000 0.0000 0.0000 0.0000 0.0000 0.0000 0.0000 0.0000 0.0000 0.0000 0.0000 0.0000 0.0000 0.0000 0.0000 0.0000 0.0000 0.0000 0.0000 0.0000 0.0000 0.0000 0.0000 0.0000 0.0000 0.0000 0.0000 0.0000 0.0000 0.0000 0.0000 0.0000 0.0000 0.0000 0.0000 0.0000 0.0000 0.0000 0.0000 0.0000 0.0000 0.0000 0.0000 0.0000 0.0000 0.0000 0.0000 0.0000 0.0000 0.0000 0.0000 0.0000 0.0000 0.0000 0.0000 0.0000 0.0000 0.0000 0.0000 0.0000 0.0000 0.0000 0.0000 0.0000 0.0000 0.0000 0.0000 0.0000 0.0000 0.0000 0.0000 0.0000 0.0000 0.0000 0.0000 0.0000 0.0000 0.0000 0.0000 0.0000 0.0000 0.0000 0.0000 0.0000 0.0000 0.0000 0.0000 0.0000 0.0000 0.0000 0.0000 0.0000 0.0000 0.0000 0.0000 0.0000 0.0000 0.0000 0.0000 0.0000 0.0000 0.0000 0.0000 0.0000 0.0000 0.0000 0.0000 0.0000 0.0000 0.0000 0.0000 0.0000 0.0000 0.0000 0.0000 0.0000 0.0000 0.0000 0.0000 0.0000 0.0000 0.0000 0.0000 0.0000 0.0000 0.0000 0.0000 0.0000 0.0000 0.0000 0.0000 0.0000 0.0000 0.0000 0.0000 0.0000 0.0000 0.0000 0.0000 0.0000 0.0000 0.0000 0.0000 0.0000 0.0000 0.0000 0.0000 0.0000 0.0000 0.0000 0.0000 0.0000 0.0000 0.0000 0.0000 0.0000 0.0000 0.0000 0.0000 0.0000 0.0000 0.0000 0.0000 0.0000 0.0000 0.0000 0.0000 0.0000 0.0000 0.0000 0.0000 0.0000 0.0000 0.0000 0.0000 0.0000 0.0000 0.0000 0.0000 0.0000 0.0000 0.0000 0.0000 0.0000 0.0000 0.0000 0.0000 0.0000 0.0000 0.0000 0.0000 0.0000 0.0000 0.0000 0.0000 0.0000 0.0000 0.0000 0.0000 0.0000 0.0000 0.0000 0.0000 0.0000 0.0000 0.0000 0.0000 0.0000 0.0000 0.0000 0.0000 0.0000 0.0000 0.0000 0.0000 0.0000 0.0000 0.0000 0.0000 0.0000 0.0000 0.0000 0.0000 0.0000 0.0000 0.0000 0.0000 0.0000 0.0000 0.0000 0.0000 0.0000 0.0000 0.0000 0.0000 0.0000 0.0000 0.0000 0.0000 0.0000 0.0000 0.0000 0.0000 0.0000 0.0000 0.0000 0.0000 0.0000 0.0000 0.0000 0.0000 0.0000 0.0000 0.0000 0.0000 0.0000 0.0000 0.0000 0.0000 0.0000 0.0000 0.0000 0.0000 0.0000 0.0000 0.0000 0.0000 0.0000 0.0000 0.0000 0.0000 0.0000 0.0000 0.0000 0.0000 0.0000 0.0000 0.0000 0.0000 0.0000 0.0000 0.0000 0.0000 0.0000 0.0000 0.0000 0.0000 0.0000 0.0000 0.0000 0.0000 0.0000 0.0000 0.0000 0.0000 0.0000 0.0000 0.0000 0.0000 0.0000 0.0000 0.0000 0.0000 0.0000 0.0000 0.0000 0.0000 0.0000 0.0000 0.0000 0.0000 0.0000 0.0000 0.0000 0.0000 0.0000 0.0000 0.0000 0.0000 0.0000 0.0000 0.0000 0.0000 0.0000 0.0000 0.0000 0.0000 0.0000 0.0000 0.0000 0.0000 0.0000 0.0000 0.0000 0.0000 0.0000 0.0000 0.0000 0.0000 0.0000 0.0000 0.0000 0.0000 0.0000 0.0000 0.0000 0.0000 0.0000 0.0000 0.0000 0.0000 0.0000 0.0000 0.0000 0.0000 0.0000 0.0000 0.0000 0.0000 0.0000 0.0000 0.0000 0.0000 0.0000 0.0000 0.0000 0.0000 0.0000 0.0000 0.0000 0.0000 0.0000 0.0000 0.0000 0.0000 0.0000 0.0000 0.0000 0.0000 0.0000 0.0000 0.0000 0.0000 0.0000 0.0000 0.0000 0.0000 0.0000 0.0000 0.0000 0.0000 0.0000 0.0000 0.0000 0.0000 0.0000 0.0000 0.0000 0.0000 0.0000 0.0000 0.0000 0.0000 0.0000 0.0000 0.0000 0.0000 0.0000 0.0000 0.0000 0.0000 0.0000 0.0000 0.0000 0.0000 0.0000 0.0000 0.0000 0.0000 0.0000 0.0000 0.0000 0.0000 0.0000 0.0000 0.0000 0.0000 0.0000 0.0000 0.0000 0.0000 0.0000 0.0000 0.0000 0.0000 0.0000 0.0000 0.0000 0.0000 0.0000 0.0000 0.0000 0.0000 0.0000 0.0000 0.0000 0.0000 0.0000 0.0000 0.0000 0.0000 0.0000 0.0000 0.0000 0.0000 0.0000 0.0000 0.0000 0.0000 0.0000 0.0000 0.0000 0.0000 0.0000 0.0000 0.0000 0.0000 0.0000 0.0000 0.0000 0.0000 0.0000 0.0000 0.0000 0.0000 0.0000 0.0000 0.0000 0.0000 0.0000 0.0000 0.0000 0.0000 0.0000 0.0000 0.0000 0.0000 0.0000 0.0000 0.0000 0.0000 0.0000 0.0000 0.0000 0.0000 0.0000 0.0000 0.0000 0.0000 0.0000 0.0000 0.0000 0.0000 0.0000 0.0000 0.0000 0.0000 0.0000 0.0000 0.0000 0.0000 0.0000 0.0000 0.0000 0.0000 0.0000 0.0000 0.0000 0.0000 0.0000 0.0000 0.0000 0.0000 0.0000 0.0000 0.0000 0.0000 0.0000 0.0000 0.0000 0.0000 0.0000 0.0000 0.0000 0.0000 0.0000 0.0000 0.0000 0.0000 0.0000 0.0000 0.0000 0.0000 0.0000 0.0000 0.0000 0.0000 0.0000 0.0000 0.0000 0.0000 0.0000 0.0000 0.0000 0.0000 0.0000 0.0000 0.0000 0.0000 0.0000 0.0000 0.0000 0.0000 0.0000 0.0000 0.0000 0.0000 0.0000 0.0000 0.0000 0.0000 0.0000 0.0000 0.0000 0.0000 0.0000 0.0000 0.0000 0.0000 0.0000 0.0000 0.0000 0.0000 0.0000 0.0000 0.0000 0.0000 0.0000 0.0000 0.0000 0.0000 0.0000 0.0000 0.0000 0.0000 0.0000 0.0000 0.0000 0.0000 0.0000 0.0000 0.0000 0.0000 0.0000 0.0000 0.0000 0.0000 0.0000 0.0000 0.0000 0.0000 0.0000 0.0000 0.0000 0.0000 0.0000 0.0000 0.0000 0.0000 0.0000 0.0000 0.0000 0.0000 0.0000 0.0000 0.0000 0.0000 0.0000 0.0000 0.0000 0.0000 0.0000 0.0000 0.0000 0.0000 0.0000 0.0000 0.0000 0.0000 0.0000 0.0000 0.0000 0.0000 0.0000 0.0000 0.0000 0.0000 0.0000 0.0000 0.0000 0.0000 0.0000 0.0000 0.0000 0.0000 0.0000 0.0000 0.0000 0.0000 0.0000 0.0000 0.0000 0.0000 0.0000 0.0000 0.0000 0.0000 0.0000 0.0000 0.0000 0.0000 0.0000 0.0000 0.0000 0.0000 0.0000 0.0000 0.0000 0.0000 0.0000 0.0000 0.0000 0.0000 0.0000 0.0000 0.0000 0.0000 0.0000 0.0000 0.0000 0.0000 0.0000 0.0000 0.0000 0.0000 0.0000 0.0000 0.0000 0.0000 0.0000 0.0000 0.0000 0.0000 0.0000 0.0000 0.0000 0.0000 0.0000 0.0000 0.0000 0.0000 0.0000 0.0000 0.0000 0.0000 0.0000 0.0000 0.0000 0.0000 0.0000 0.0000 0.0000 0.0000 0.0000 0.0000 0.0000 0.0000 0.0000 0.0000 0.0000 0.0000 0.0000 0.0000 0.0000 0.0000 0.0000 0.0000 0.0000 0.0000 0.0000 0.0000 0.0000 0.0000 0.0000 0.0000 0.0000 0.0000 0.0000 0.0000 0.0000 0.0000 0.0000 0.0000 0.0000 0.0000 0.0000 0.0000 0.0000 0.0000 0.0000 0.0000 0.0000 0.0000 0.0000 0.0000 0.0000 0.0000 0.0000 0.0000 0.0000 0.0000 0.0000 0.0000 0.0000 0.0000 0.0000 0.0000 0.0000 0.0000 0.0000 0.0000 0.0000 0.0000 0.0000 0.0000 0.0000 0.0000 0.0000 0.0000 0.0000 0.0000 0.0000 0.0000 0.0000 0.0000 0.0000 0.0000 0.0000 0.0000 0.0000 0.0000 0.0000 0.0000 0.0000 0.0000 0.0000 0.0000 0.0000 0.0000 0.0000 0.0000 0.0000 0.0000 0.0000 0.0000 0.0000 0.0000 0.0000 0.0000 0.0000 0.0000 0.0000 0.0000 0.0000 0.0000 0.0000 0.0000 0.0000 0.0000 0.0000 0.0000 0.0000 0.0000 0.0000 0.0000 0.0000 0.0000 0.0000 0.0000 0.0000 0.0000 0.0000 0.0000 0.0000 0.0000 0.0000 0.0000 0.0000 0.0000 0.0000 0.0000 0.0000 0.0000 0.0000 0.0000 0.0000 0.0000 0.0000 0.0000 0.0000 0.0000 0.0000 0.0000 0.0000 0.0000 0.0000 0.0000 0.0000 0.0000 0.0000 0.0000 0.0000 0.0000 0.0000 0.0000 0.0000 0.0000 0.0000 0.0000 0.0000 0.0000 0.0000 0.0000 0.0000 0.0000 0.0000 0.0000 0.0000 0.0000 0.0000 0.0000 0.0000 0.0000 0.0000 0.0000 0.0000 0.0000 0.0000 0.0000 0.0000 0.0000 0.0000 0.0000 0.0000 0.0000 0.0000 0.0000 0.0000 0.0000 0.0000 0.0000 0.0000 0.0000 0.0000 0.0000 0.0000 0.0000 0.0000 0.0000 0.0000 0.0000 0.0000 0.0000 0.0000 0.0000 0.0000 0.0000 0.0000 0.0000 0.0000 0.0000 0.0000 0.0000 0.0000 0.0000 0.0000 0.0000 0.0000 0.0000 0.0000 0.0000 0.0000 0.0000 0.0000 0.0000 0.0000 0.0000 0.0000 0.0000 0.0000 0.0000 0.0000 0.0000 0.0000 0.0000 0.0000 0.0000 0.0000 0.0000 0.0000 0.0000 0.0000 0.0000 0.0000 0.0000 0.0000 0.0000 0.0000 0.0000 0.0000 0.0000 0.0000 0.0000 0.0000 0.0000 0.0000 0.0000 0.0000 0.0000 0.0000 0.0000 0.0000 0.0000 0.0000 0.0000 0.0000 0.0000 0.0000 0.0000 0.0000 0.0000 0.0000 0.0000 0.0000 0.0000 0.0000 0.0000 0.0000 0.0000 0.0000 0.0000 0.0000 0.0000 0.0000 0.0000 0.0000 0.0000 0.0000 0.0000 0.0000 0.0000 0.0000 0.0000 0.0000 0.0000 0.0000 0.0000 0.0000 0.0000 0.0000 0.0000 0.0000 0.0000 0.0000 0.0000 0.0000 0.0000 0.0000 0.0000 0.0000 0.0000 0.0000 0.0000 0.0000 0.0000 0.0000 0.0000 0.0000 0.0000 0.0000 0.0000 0.0000 0.0000 0.0000 0.0000 0.0000 0.0000 0.0000 0.0000 0.0000 0.0000 0.0000 0.0000 0.0000 0.0000 0.0000 0.0000 0.0000 0.0000 0.0000 0.0000 0.0000 0.0000 0.0000 0.0000 0.0000 0.0000 0.0000 0.0000 0.0000 0.0000 0.0000 0.0000 0.0000 0.0000 0.0000 0.0000 0.0000 0.0000 0.0000 0.0000 0.0000 0.0000 0.0000 0.0000 0.0000 0.0000 0.0000 0.0000 0.0000 0.0000 0.0000 0.0000 0.0000 0.0000 0.0000 0.0000 0.0000 0.0000 0.0000 0.0000 0.0000 0.0000 0.0000 0.0000 0.0000 0.0000 0.0000 0.0000 0.0000 0.0000 0.0000 0.0000 0.0000 0.0000 0.0000 0.0000 0.0000 0.0000 0.0000 0.0000 0.0000 0.0000 0.0000 0.0000 0.0000 0.0000 0.0000 0.0000 0.0000 0.0000 0.0000 0.0000 0.0000 0.0000 0.6250 0.0000 0.3750 0.0000 0.3750 0.0000 0.6250 0.0000 1.0000 0.3750 0.6250 0.3750 0.6250 0.3750 1.0000 0.3750 0.6250 0.3750 0.6250 0.6250 1.0000 0.6250 1.0000 0.3750 0.6250 1.0000 0.6250 0.6250 0.6250 0.6250 0.6250 1.0000 0.3750 1.0000 0.6250 1.0000 0.6250 1.0000 0.3750 1.0000 0.6250 0.6250 1.0000 0.6250 1.0000 0.6250 0.6250 0.6250 0.0000 0.6250 0.3750 0.6250 0.3750 0.6250 0.0000 0.6250 0.3750 0.6250 0.3750 0.3750 0.6250 0.3750 0.6250 0.6250 0.0000 0.6250 0.0000 0.3750 0.3750 0.3750 0.3750 0.6250 1.0000 0.6250 1.0000 0.3750 1.0000 0.3750 1.0000 0.6250 0.3750 0.0000 0.3750 0.3750 0.6250 0.3750 0.6250 0.0000 0.3750 0.6250 0.6250 0.6250 0.6250 0.3750 0.3750 0.3750 0.3750 0.6250 0.6250 0.6250 0.6250 1.0000 0.3750 1.0000 0.0000 0.3750 0.0000 0.6250 0.0000 0.6250 0.0000 0.3750 0.6250 0.3750 0.6250 0.0000 0.6250 0.0000 0.6250 0.3750 0.3750 0.0000 0.6250 0.0000 0.6250 0.3750 0.3750 0.3750 0.0000 0.6250 0.3750 0.6250 0.3750 0.3750 0.0000 0.3750 0.3750 0.6250 0.3750 1.0000 0.3750 1.0000 0.3750 0.6250 0.3750 0.3750 0.0000 0.3750 0.0000 0.3750 0.3750 0.3750 0.3750 0.6250 0.3750 1.0000 0.6250 1.0000 0.6250 0.6250 0.6250 0.3750 1.0000 0.3750 1.0000 0.6250 0.6250 0.6250 0.3750 0.0000 0.3750 0.3750 0.3750 0.3750 0.3750 0.0000 0.0000 0.0000 0.0000 0.0000 0.0000 0.0000 0.0000 0.0000 0.0000 0.0000 0.0000 0.0000 0.0000 0.0000 0.0000 0.0000 0.0000 0.0000 0.0000 0.0000 0.0000 0.0000 0.0000 0.0000 0.0000 0.0000 0.0000 0.0000 0.0000 0.0000 0.0000 0.0000 0.1818 0.0000 0.2727 0.1575 0.0909 0.1575 0.2727 0.1575 0.3636 0.0000 0.4545 0.1575 0.9091 0.0000 1.0000 0.1575 0.8182 0.1575 0.7273 0.0000 0.8182 0.1575 0.6364 0.1575 0.5455 0.0000 0.6364 0.1575 0.4545 0.1575 0.2727 0.1575 0.4545 0.1575 0.3636 0.3149 0.0909 0.1575 0.2727 0.1575 0.1818 0.3149 0.8182 0.1575 1.0000 0.1575 0.9091 0.3149 0.6364 0.1575 0.8182 0.1575 0.7273 0.3149 0.4545 0.1575 0.6364 0.1575 0.5455 0.3149 0.2727 0.1575 0.3636 0.3149 0.1818 0.3149 0.0909 0.1575 0.1818 0.3149 0.0000 0.3149 0.8182 0.1575 0.9091 0.3149 0.7273 0.3149 0.6364 0.1575 0.7273 0.3149 0.5455 0.3149 0.4545 0.1575 0.5455 0.3149 0.3636 0.3149 0.1818 0.3149 0.3636 0.3149 0.2727 0.4724 0.0000 0.3149 0.1818 0.3149 0.0909 0.4724 0.7273 0.3149 0.9091 0.3149 0.8182 0.4724 0.5455 0.3149 0.7273 0.3149 0.6364 0.4724 0.3636 0.3149 0.5455 0.3149 0.4545 0.4724 0.0000 0.0000 0.0000 0.0000 0.0000 0.0000 0.0000 0.0000 0.0000 0.0000 0.0000 0.0000 0.0000 0.0000 0.0000 0.0000 0.0000 0.0000 0.0000 0.0000 0.0000 0.0000 0.0000 0.0000 0.0000 0.0000 0.0000 0.0000 0.0000 0.0000 0.0000 0.0000 0.0000 0.0000 0.0000 0.0000 0.0000 0.0000 0.0000 0.0000 0.0000 0.0000 0.0000 0.0000 0.0000 0.0000 0.0000 0.0000 0.0000 0.0000 0.0000 0.0000 0.0000 0.0000 0.0000 0.0000 0.0000 0.0000 0.0000 0.0000 0.0000 0.0000 0.0000 0.0000 0.0000 0.0000 0.0000 0.0000 0.0000 0.0000 0.0000 0.0000 0.0000 0.0000 0.0000 0.0000 0.0000 0.0000 0.0000 0.0000 0.0000 0.0000 0.0000 0.0000 0.0000 0.0000 0.0000 0.0000 0.0000 0.0000 0.0000 0.0000 0.0000 0.0000 0.0000 0.0000 0.0000 0.0000 0.0000 0.0000 0.0000 0.0000 0.0000 0.0000 0.0000 0.0000 0.0000 0.0000 0.0000 0.0000 0.0000 0.0000 0.0000 0.0000 0.0000 0.0000 0.0000 0.0000 0.0000 0.0000 0.0000 0.0000 0.0000 0.0000 0.0000 0.0000 0.0000 0.0000 0.0000 0.0000 0.0000 0.0000 0.0000 0.0000 0.0000 0.0000 0.0000 0.0000 0.0000 0.0000 0.0000 0.0000 0.0000 0.0000 0.0000 0.0000 0.0000 0.0000 0.0000 0.0000 0.0000 0.0000 0.0000 0.0000 0.0000 0.0000 0.0000 0.0000 0.0000 0.0000 0.0000 0.0000 0.0000 0.0000 0.0000 0.0000 0.0000 0.0000 0.0000 0.0000 0.0000 0.0000 0.0000 0.0000 0.0000 0.0000 0.0000 0.0000 0.0000 0.0000 0.0000 0.0000 0.0000 0.0000 0.0000 0.0000 0.0000 0.0000 0.0000 0.0000 0.0000 0.0000 0.0000 0.0000 0.0000 0.0000 0.0000 0.0000 0.0000 0.0000 0.0000 0.0000 0.0000 0.0000 0.0000 0.0000 0.0000 0.0000 0.0000 0.0000 0.0000 0.0000 0.0000 0.0000 0.0000 0.0000 0.0000 0.0000 0.0000 0.0000 0.0000 0.0000 0.0000 0.0000 0.0000 0.0000 0.0000 0.0000 0.0000 0.0000 0.0000 0.0000 0.0000 0.0000 0.0000 0.0000 0.0000 0.0000 0.0000 0.0000 0.0000 0.0000 0.0000 0.0000 0.0000 0.0000 0.0000 0.0000 0.0000 0.0000 0.0000 0.0000 0.0000 0.0000 0.0000 0.0000 0.0000 0.0000 0.0000 0.0000 0.0000 0.0000 0.0000 0.0000 0.0000 0.0000 0.0000 0.0000 0.0000 0.0000 0.0000 0.0000 0.0000 0.0000 0.0000 0.0000 0.0000 0.0000 0.0000 0.0000 0.0000 0.0000 0.0000 0.0000 0.0000 0.0000 0.0000 0.0000 0.0000 0.0000 0.0000 0.0000 0.0000 0.0000 0.0000 0.0000 0.0000 0.0000 0.0000 0.0000 0.0000 0.0000 0.0000 0.0000 0.0000 0.0000 0.0000 0.0000 0.0000 0.0000 0.0000 0.0000 0.0000 0.0000 0.0000 0.0000 0.0000 0.0000 0.0000 0.0000 0.0000 0.0000 0.0000 0.0000 0.0000 0.0000 0.0000 0.0000 0.0000 0.0000 0.0000 0.0000 0.0000 0.0000 0.0000 0.0000 0.0000 0.0000 0.0000 0.0000 0.0000 0.0000 0.0000 0.0000 0.0000 0.0000 0.0000 0.0000 0.0000 0.0000 0.0000 0.0000 0.0000 0.0000 0.0000 0.0000 0.0000 0.0000 0.0000 0.0000 0.0000 0.0000 0.0000 0.0000 0.0000 0.0000 0.0000 0.0000 0.0000 0.0000 0.0000 0.0000 0.0000 0.0000 0.0000 0.0000 0.0000 0.0000 0.0000 0.0000 0.0000 0.0000 0.0000 0.0000 0.0000 0.0000 0.0000 0.0000 0.0000 0.0000 0.0000 0.0000 0.0000 0.0000 0.0000 0.0000 0.0000 0.0000 0.0000 0.0000 0.0000 0.0000 0.0000 0.0000 0.0000 0.0000 0.0000 0.0000 0.0000 0.0000 0.0000 0.0000 0.0000 0.0000 0.0000 0.0000 0.0000 0.0000 0.0000 0.0000 0.0000 0.0000 0.0000 0.0000 0.0000 0.0000 0.0000 0.0000 0.0000 0.0000 0.0000 0.0000 0.0000 0.0000 0.0000 0.0000 0.0000 0.0000 0.0000 0.0000 0.0000 0.0000 0.0000 0.0000 0.0000 0.0000 0.0000 0.0000 0.0000 0.0000 0.0000 0.0000 0.0000 0.0000 0.0000 0.0000 0.0000 0.0000 0.0000 0.0000 0.0000 0.0000 0.0000 0.0000 0.0000 0.0000 0.0000 0.0000 0.0000 0.0000 0.0000 0.0000 0.0000 0.0000 0.0000 0.0000 0.0000 0.0000 0.0000 0.0000 0.0000 0.0000 0.0000 0.0000 0.0000 0.0000 0.0000 0.0000 0.0000 0.0000 0.0000 0.0000 0.0000 0.0000 0.0000 0.0000 0.0000 0.0000 0.0000 0.0000 0.0000 0.0000 0.0000 0.0000 0.0000 0.0000 0.0000 0.0000 0.0000 0.0000 0.0000 0.0000 0.0000 0.0000 0.0000 0.0000 0.0000 0.0000 0.0000 0.0000 0.0000 0.0000 0.0000 0.0000 0.0000 0.0000 0.0000 0.0000 0.0000 0.0000 0.0000 0.0000 0.0000 0.0000 0.0000 0.0000 0.0000 0.0000 0.0000 0.0000 0.0000 0.0000 0.0000 0.0000 0.0000 0.0000 0.0000 0.0000 0.0000 0.0000 0.0000 0.0000 0.0000 0.0000 0.0000 0.0000 0.0000 0.0000 0.0000 0.0000 0.0000 0.0000 0.0000 0.0000 0.0000 0.0000 0.0000 0.0000 0.0000 0.0000 0.0000 0.0000 0.0000 0.0000 0.0000 0.0000 0.1818 0.0000 0.2727 0.1575 0.0909 0.1575 0.2727 0.1575 0.3636 0.0000 0.4545 0.1575 0.9091 0.0000 1.0000 0.1575 0.8182 0.1575 0.7273 0.0000 0.8182 0.1575 0.6364 0.1575 0.5455 0.0000 0.6364 0.1575 0.4545 0.1575 0.2727 0.1575 0.4545 0.1575 0.3636 0.3149 0.0909 0.1575 0.2727 0.1575 0.1818 0.3149 0.8182 0.1575 1.0000 0.1575 0.9091 0.3149 0.6364 0.1575 0.8182 0.1575 0.7273 0.3149 0.4545 0.1575 0.6364 0.1575 0.5455 0.3149 0.2727 0.1575 0.3636 0.3149 0.1818 0.3149 0.0909 0.1575 0.1818 0.3149 0.0000 0.3149 0.8182 0.1575 0.9091 0.3149 0.7273 0.3149 0.6364 0.1575 0.7273 0.3149 0.5455 0.3149 0.4545 0.1575 0.5455 0.3149 0.3636 0.3149 0.1818 0.3149 0.3636 0.3149 0.2727 0.4724 0.0000 0.3149 0.1818 0.3149 0.0909 0.4724 0.7273 0.3149 0.9091 0.3149 0.8182 0.4724 0.5455 0.3149 0.7273 0.3149 0.6364 0.4724 0.3636 0.3149 0.5455 0.3149 0.4545 0.4724 0.1818 0.0000 0.2727 0.1575 0.0909 0.1575 0.2727 0.1575 0.3636 0.0000 0.4545 0.1575 0.9091 0.0000 1.0000 0.1575 0.8182 0.1575 0.7273 0.0000 0.8182 0.1575 0.6364 0.1575 0.5455 0.0000 0.6364 0.1575 0.4545 0.1575 0.2727 0.1575 0.4545 0.1575 0.3636 0.3149 0.0909 0.1575 0.2727 0.1575 0.1818 0.3149 0.8182 0.1575 1.0000 0.1575 0.9091 0.3149 0.6364 0.1575 0.8182 0.1575 0.7273 0.3149 0.4545 0.1575 0.6364 0.1575 0.5455 0.3149 0.2727 0.1575 0.3636 0.3149 0.1818 0.3149 0.0909 0.1575 0.1818 0.3149 0.0000 0.3149 0.8182 0.1575 0.9091 0.3149 0.7273 0.3149 0.6364 0.1575 0.7273 0.3149 0.5455 0.3149 0.4545 0.1575 0.5455 0.3149 0.3636 0.3149 0.1818 0.3149 0.3636 0.3149 0.2727 0.4724 0.0000 0.3149 0.1818 0.3149 0.0909 0.4724 0.7273 0.3149 0.9091 0.3149 0.8182 0.4724 0.5455 0.3149 0.7273 0.3149 0.6364 0.4724 0.3636 0.3149 0.5455 0.3149 0.4545 0.4724 " />
						</IndexedFaceSet>
					</Shape>
				</Group>
			</Transform>
		</Transform>
		<Transform DEF="白_TRANSFORM"
		           translation="0.000000 0.000000 0.000000"
		           scale="1.000000 1.000000 1.000000"
		           rotation="-1.000000 0.000000 0.000000 1.570796"
		           >
			<Transform DEF="白_ifs_TRANSFORM"
			           translation="0.000000 0.000000 0.000000"
			           scale="1.000000 1.000000 1.000000"
			           rotation="0.000000 1.000000 0.000000 0.000000"
			           >
				<Group DEF="group_ME_円柱_002">
					<Shape>
						<Appearance>
						</Appearance>
						<IndexedFaceSet solid="false"
						                normalPerVertex="true"
						                texCoordIndex="0 1 2 3 -1 4 5 6 7 -1 8 9 10 11 -1 12 13 14 15 -1 16 17 18 19 -1 20 21 22 23 -1 24 25 26 27 -1 28 29 30 31 -1 32 33 34 35 36 37 38 39 -1 40 41 42 43 44 45 46 47 -1 48 49 50 51 52 53 54 55 -1 56 57 58 59 60 61 62 63 -1 64 65 66 67 -1 68 69 70 71 -1 72 73 74 75 -1 76 77 78 79 -1 80 81 82 83 -1 84 85 86 87 -1 88 89 90 91 -1 92 93 94 95 -1 96 97 98 99 100 101 102 103 -1 104 105 106 107 -1 108 109 110 111 -1 112 113 114 115 -1 116 117 118 119 -1 120 121 122 123 -1 124 125 126 127 -1 128 129 130 131 -1 132 133 134 135 -1 136 137 138 139 140 141 142 143 -1 144 145 146 147 -1 148 149 150 151 -1 152 153 154 155 -1 156 157 158 159 -1 160 161 162 163 -1 164 165 166 167 -1 168 169 170 171 -1 172 173 174 175 -1 176 177 178 179 -1 180 181 182 183 -1 184 185 186 187 -1 188 189 190 191 -1 192 193 194 195 -1 196 197 198 199 -1 200 201 202 203 -1 204 205 206 207 -1 208 209 210 211 -1 212 213 214 215 -1 216 217 218 219 -1 220 221 222 223 -1 "
						                coordIndex="6 14 13 5 -1 4 12 11 3 -1 2 10 9 1 -1 7 15 14 6 -1 5 13 12 4 -1 3 11 10 2 -1 1 9 8 0 -1 0 8 15 7 -1 23 16 17 18 19 20 21 22 -1 31 24 25 26 27 28 29 30 -1 39 32 33 34 35 36 37 38 -1 41 47 46 45 44 42 43 40 -1 39 41 40 32 -1 32 40 43 33 -1 37 46 47 38 -1 35 44 45 36 -1 33 43 42 34 -1 38 47 41 39 -1 36 45 46 37 -1 34 42 44 35 -1 49 55 54 53 52 50 51 48 -1 30 55 49 31 -1 28 53 54 29 -1 26 50 52 27 -1 31 49 48 24 -1 24 48 51 25 -1 29 54 55 30 -1 27 52 53 28 -1 25 51 50 26 -1 56 63 62 61 60 59 58 57 -1 21 62 63 22 -1 19 60 61 20 -1 17 58 59 18 -1 22 63 56 23 -1 20 61 62 21 -1 18 59 60 19 -1 23 56 57 16 -1 16 57 58 17 -1 64 70 66 71 -1 66 67 68 71 -1 69 65 68 67 -1 65 64 71 68 -1 70 64 65 69 -1 66 70 69 67 -1 72 78 74 79 -1 74 75 76 79 -1 77 73 76 75 -1 73 72 79 76 -1 78 72 73 77 -1 74 78 77 75 -1 "
						                >
							<Coordinate DEF="coords_ME_円柱_002"
							            point="0.000000 0.010770 0.327137 0.007616 0.007615 0.327137 0.010770 -0.000000 0.327137 0.007616 -0.007616 0.327137 0.000000 -0.010770 0.327137 -0.007615 -0.007616 0.327137 -0.010770 -0.000000 0.327137 -0.007615 0.007615 0.327137 0.000000 0.010770 0.164996 0.007616 0.007616 0.164996 0.010770 0.000000 0.164996 0.007616 -0.007616 0.164996 0.000000 -0.010770 0.164996 -0.007616 -0.007616 0.164996 -0.010770 0.000000 0.164996 -0.007616 0.007616 0.164996 0.026074 -0.130512 0.480707 0.027501 -0.133930 0.482919 0.029454 -0.134503 0.486723 0.030789 -0.131895 0.489891 0.030724 -0.127635 0.490566 0.029297 -0.124217 0.488354 0.027344 -0.123643 0.484550 0.026009 -0.126251 0.481382 0.013292 -0.106050 0.458757 0.014820 -0.109456 0.460919 0.016736 -0.110034 0.464742 0.017917 -0.107444 0.467984 0.017672 -0.103205 0.468748 0.016143 -0.099799 0.466585 0.014227 -0.099222 0.462763 0.013046 -0.101811 0.459520 0.002242 -0.092327 0.431435 0.003563 -0.095747 0.433709 0.005759 -0.096306 0.437381 0.007542 -0.093676 0.440299 0.007869 -0.089398 0.440755 0.006548 -0.085978 0.438481 0.004352 -0.085419 0.434809 0.002569 -0.088049 0.431891 0.003024 -0.092337 0.430966 0.003351 -0.088059 0.431421 0.006541 -0.096315 0.436912 0.004345 -0.095757 0.433240 0.008324 -0.093686 0.439830 0.008651 -0.089408 0.440286 0.007329 -0.085988 0.438012 0.005134 -0.085429 0.434340 0.014800 -0.105833 0.458034 0.014554 -0.101593 0.458797 0.018244 -0.109816 0.464019 0.016328 -0.109238 0.460196 0.019425 -0.107227 0.467261 0.019180 -0.102988 0.468025 0.017651 -0.099582 0.465862 0.015735 -0.099004 0.462040 0.026829 -0.126174 0.480973 0.026894 -0.130434 0.480297 0.028321 -0.133852 0.482510 0.030274 -0.134425 0.486314 0.031610 -0.131818 0.489481 0.031545 -0.127557 0.490157 0.030117 -0.124139 0.487944 0.028164 -0.123566 0.484140 0.001865 -0.015722 -0.108461 0.001865 -0.013679 -0.108461 -0.000760 -0.015371 -0.093188 -0.000760 -0.013327 -0.093188 -0.000721 -0.013679 -0.108461 0.001825 -0.013327 -0.093188 0.001825 -0.015371 -0.093188 -0.000721 -0.015722 -0.108461 0.002164 -0.018265 -0.108348 0.002110 -0.016263 -0.108748 -0.000577 -0.015784 -0.093329 -0.000631 -0.013782 -0.093729 -0.000473 -0.016421 -0.108774 0.001952 -0.013624 -0.093702 0.002006 -0.015626 -0.093302 -0.000419 -0.018422 -0.108374 "
							            />
							<Normal DEF="normals_ME_円柱_002"
							        vector="0.000000 1.000000 0.000001 0.707107 0.707107 -0.000000 1.000000 -0.000000 -0.000001 0.707107 -0.707107 -0.000001 0.000000 -1.000000 -0.000001 -0.707107 -0.707107 0.000000 -1.000000 -0.000000 0.000001 -0.707107 0.707107 0.000001 -0.000000 1.000000 0.000001 0.707107 0.707107 -0.000000 1.000000 0.000000 -0.000001 0.707107 -0.707107 -0.000001 -0.000000 -1.000000 -0.000001 -0.707107 -0.707107 0.000000 -1.000000 0.000000 0.000001 -0.707107 0.707107 0.000001 -0.882143 -0.251170 -0.398417 -0.685579 -0.721940 -0.093718 -0.416572 -0.800866 0.430210 -0.232678 -0.441736 0.866447 -0.241618 0.145094 0.959463 -0.438183 0.615862 0.654759 -0.707211 0.694791 0.130835 -0.891105 0.335656 -0.305397 -0.865190 -0.277222 -0.417845 -0.654681 -0.746324 -0.119969 -0.390794 -0.825871 0.406468 -0.228108 -0.469270 0.853084 -0.261924 0.114593 0.958261 -0.472436 0.583692 0.660384 -0.736322 0.663240 0.133950 -0.899007 0.306637 -0.312667 -0.927946 -0.194955 -0.317660 -0.745950 -0.665987 -0.004427 -0.443578 -0.742927 0.501296 -0.197951 -0.380718 0.903255 -0.152958 0.208463 0.965995 -0.334946 0.679489 0.652768 -0.637321 0.756437 0.147054 -0.882952 0.394233 -0.254905 0.152967 -0.208466 -0.965993 0.197949 0.380722 -0.903254 0.637325 -0.756435 -0.147049 0.334957 -0.679488 -0.652764 0.882952 -0.394231 0.254908 0.927949 0.194949 0.317656 0.745960 0.665976 0.004424 0.443583 0.742927 -0.501292 0.261926 -0.114591 -0.958261 0.228108 0.469271 -0.853084 0.736322 -0.663242 -0.133944 0.472435 -0.583694 -0.660384 0.899007 -0.306636 0.312668 0.865190 0.277223 0.417844 0.654680 0.746325 0.119971 0.390794 0.825874 -0.406464 0.232663 0.441738 -0.866450 0.241633 -0.145095 -0.959459 0.438194 -0.615859 -0.654755 0.707202 -0.694801 -0.130830 0.891098 -0.335664 0.305407 0.882149 0.251164 0.398410 0.685591 0.721930 0.093712 0.416561 0.800873 -0.430209 0.576966 -0.584411 -0.570591 0.579387 0.569944 -0.582644 -0.579387 -0.569944 0.582644 -0.576966 0.584411 0.570591 -0.577739 0.570201 -0.584028 0.575346 0.584697 0.571932 0.577739 -0.570201 0.584028 -0.575346 -0.584697 -0.571932 0.610583 -0.646698 -0.457133 0.560734 0.488686 -0.668404 -0.560734 -0.488686 0.668404 -0.610583 0.646698 0.457133 -0.590064 0.433676 -0.680992 0.545479 0.698197 0.463653 0.590064 -0.433675 0.680993 -0.545478 -0.698197 -0.463653 "
							        />
							<TextureCoordinate point="0.0000 0.0000 0.0000 0.0000 0.0000 0.0000 0.0000 0.0000 0.0000 0.0000 0.0000 0.0000 0.0000 0.0000 0.0000 0.0000 0.0000 0.0000 0.0000 0.0000 0.0000 0.0000 0.0000 0.0000 0.0000 0.0000 0.0000 0.0000 0.0000 0.0000 0.0000 0.0000 0.0000 0.0000 0.0000 0.0000 0.0000 0.0000 0.0000 0.0000 0.0000 0.0000 0.0000 0.0000 0.0000 0.0000 0.0000 0.0000 0.0000 0.0000 0.0000 0.0000 0.0000 0.0000 0.0000 0.0000 0.0000 0.0000 0.0000 0.0000 0.0000 0.0000 0.0000 0.0000 0.0000 0.0000 0.0000 0.0000 0.0000 0.0000 0.0000 0.0000 0.0000 0.0000 0.0000 0.0000 0.0000 0.0000 0.0000 0.0000 0.0000 0.0000 0.0000 0.0000 0.0000 0.0000 0.0000 0.0000 0.0000 0.0000 0.0000 0.0000 0.0000 0.0000 0.0000 0.0000 0.0000 0.0000 0.0000 0.0000 0.0000 0.0000 0.0000 0.0000 0.0000 0.0000 0.0000 0.0000 0.0000 0.0000 0.0000 0.0000 0.0000 0.0000 0.0000 0.0000 0.0000 0.0000 0.0000 0.0000 0.0000 0.0000 0.0000 0.0000 0.0000 0.0000 0.0000 0.0000 0.0000 0.0000 0.0000 0.0000 0.0000 0.0000 0.0000 0.0000 0.0000 0.0000 0.0000 0.0000 0.0000 0.0000 0.0000 0.0000 0.0000 0.0000 0.0000 0.0000 0.0000 0.0000 0.0000 0.0000 0.0000 0.0000 0.0000 0.0000 0.0000 0.0000 0.0000 0.0000 0.0000 0.0000 0.0000 0.0000 0.0000 0.0000 0.0000 0.0000 0.0000 0.0000 0.0000 0.0000 0.0000 0.0000 0.0000 0.0000 0.0000 0.0000 0.0000 0.0000 0.0000 0.0000 0.0000 0.0000 0.0000 0.0000 0.0000 0.0000 0.0000 0.0000 0.0000 0.0000 0.0000 0.0000 0.0000 0.0000 0.0000 0.0000 0.0000 0.0000 0.0000 0.0000 0.0000 0.0000 0.0000 0.0000 0.0000 0.0000 0.0000 0.0000 0.0000 0.0000 0.0000 0.0000 0.0000 0.0000 0.0000 0.0000 0.0000 0.0000 0.0000 0.0000 0.0000 0.0000 0.0000 0.0000 0.0000 0.0000 0.0000 0.0000 0.0000 0.0000 0.0000 0.0000 0.0000 0.0000 0.0000 0.0000 0.0000 0.0000 0.0000 0.0000 0.0000 0.0000 0.0000 0.0000 0.0000 0.0000 0.0000 0.0000 0.0000 0.0000 0.0000 0.0000 0.0000 0.0000 0.0000 0.0000 0.0000 0.0000 0.0000 0.0000 0.0000 0.0000 0.0000 0.0000 0.0000 0.0000 0.0000 0.0000 0.0000 0.0000 0.0000 0.0000 0.0000 0.0000 0.0000 0.0000 0.0000 0.0000 0.0000 0.0000 0.0000 0.0000 0.0000 0.0000 0.0000 0.0000 0.0000 0.0000 0.0000 0.0000 0.0000 0.0000 0.0000 0.0000 0.0000 0.0000 0.0000 0.0000 0.0000 0.0000 0.0000 0.0000 0.0000 0.0000 0.0000 0.0000 0.0000 0.0000 0.0000 0.0000 0.0000 0.0000 0.0000 0.0000 0.0000 0.0000 0.0000 0.0000 0.0000 0.0000 0.0000 0.0000 0.0000 0.0000 0.0000 0.0000 0.0000 0.0000 0.0000 0.0000 0.0000 0.0000 0.0000 0.0000 0.0000 0.0000 0.0000 0.0000 0.0000 0.0000 0.0000 0.0000 0.0000 0.0000 0.0000 0.0000 0.0000 0.0000 0.0000 0.0000 1.0000 0.3750 0.6250 0.3750 0.6250 0.3750 1.0000 0.3750 0.6250 0.3750 0.6250 0.6250 1.0000 0.6250 1.0000 0.3750 0.6250 0.6250 1.0000 0.6250 1.0000 0.6250 0.6250 0.6250 1.0000 0.6250 1.0000 0.3750 1.0000 0.3750 1.0000 0.6250 0.6250 0.3750 1.0000 0.3750 1.0000 0.6250 0.6250 0.6250 0.6250 0.3750 0.6250 0.3750 0.6250 0.6250 0.6250 0.6250 1.0000 0.3750 0.6250 0.3750 0.6250 0.3750 1.0000 0.3750 0.6250 0.3750 0.6250 0.6250 1.0000 0.6250 1.0000 0.3750 0.6250 0.6250 1.0000 0.6250 1.0000 0.6250 0.6250 0.6250 1.0000 0.6250 1.0000 0.3750 1.0000 0.3750 1.0000 0.6250 0.6250 0.3750 1.0000 0.3750 1.0000 0.6250 0.6250 0.6250 0.6250 0.3750 0.6250 0.3750 0.6250 0.6250 0.6250 0.6250 " />
						</IndexedFaceSet>
					</Shape>
				</Group>
			</Transform>
		</Transform>
		<Transform DEF="球_TRANSFORM"
		           translation="0.000000 0.000000 0.000000"
		           scale="1.000000 1.000000 1.000000"
		           rotation="-1.000000 0.000000 0.000000 1.570796"
		           >
			<Transform DEF="球_ifs_TRANSFORM"
			           translation="0.000000 0.000000 0.000000"
			           scale="1.000000 1.000000 1.000000"
			           rotation="0.000000 1.000000 0.000000 0.000000"
			           >
				<Group DEF="group_ME_円柱_003">
					<Shape>
						<Appearance>
						</Appearance>
						<IndexedFaceSet solid="false"
						                normalPerVertex="true"
						                texCoordIndex="0 1 2 3 -1 4 5 6 7 -1 8 9 10 11 -1 12 13 14 15 -1 16 17 18 19 -1 20 21 22 -1 23 24 25 26 -1 27 28 29 30 -1 31 32 33 34 -1 35 36 37 -1 38 39 40 -1 41 42 43 44 -1 45 46 47 48 -1 49 50 51 52 -1 53 54 55 56 -1 57 58 59 -1 60 61 62 63 -1 64 65 66 -1 67 68 69 70 -1 71 72 73 74 -1 75 76 77 78 -1 79 80 81 82 -1 83 84 85 86 -1 87 88 89 90 -1 91 92 93 94 95 -1 96 97 98 99 -1 100 101 102 103 104 -1 105 106 107 -1 108 109 110 111 -1 112 113 114 115 -1 116 117 118 119 -1 120 121 122 123 -1 124 125 126 127 -1 128 129 130 -1 131 132 133 -1 134 135 136 137 -1 138 139 140 141 -1 142 143 144 145 -1 146 147 148 149 -1 150 151 152 -1 153 154 155 -1 156 157 158 -1 159 160 161 162 -1 163 164 165 166 167 -1 168 169 170 171 -1 172 173 174 -1 175 176 177 -1 178 179 180 181 -1 182 183 184 185 -1 186 187 188 189 -1 190 191 192 193 -1 194 195 196 197 -1 198 199 200 201 -1 202 203 204 205 206 -1 207 208 209 -1 210 211 212 213 -1 214 215 216 -1 217 218 219 220 -1 221 222 223 224 -1 225 226 227 228 -1 229 230 231 232 -1 233 234 235 236 -1 237 238 239 -1 240 241 242 243 -1 244 245 246 247 -1 248 249 250 251 -1 252 253 254 255 -1 256 257 258 259 -1 260 261 262 -1 263 264 265 266 -1 267 268 269 270 -1 271 272 273 274 -1 275 276 277 278 -1 279 280 281 282 -1 283 284 285 286 -1 287 288 289 290 -1 291 292 293 294 -1 295 296 297 298 -1 299 300 301 -1 302 303 304 305 -1 306 307 308 -1 309 310 311 -1 312 313 314 315 -1 316 317 318 319 -1 320 321 322 323 -1 324 325 326 327 328 -1 329 330 331 332 -1 333 334 335 336 -1 337 338 339 340 -1 341 342 343 344 -1 345 346 347 348 -1 349 350 351 -1 352 353 354 355 -1 356 357 358 -1 359 360 361 362 -1 363 364 365 366 -1 367 368 369 -1 370 371 372 373 -1 374 375 376 377 -1 378 379 380 381 -1 382 383 384 385 -1 386 387 388 389 -1 390 391 392 393 -1 394 395 396 397 -1 398 399 400 401 -1 402 403 404 -1 405 406 407 408 -1 409 410 411 412 -1 413 414 415 -1 416 417 418 419 -1 420 421 422 -1 423 424 425 -1 426 427 428 -1 429 430 431 432 -1 433 434 435 436 -1 437 438 439 440 -1 441 442 443 444 -1 445 446 447 448 -1 449 450 451 -1 452 453 454 455 -1 456 457 458 459 -1 460 461 462 463 -1 464 465 466 467 -1 468 469 470 471 -1 472 473 474 475 -1 476 477 478 479 -1 480 481 482 483 -1 484 485 486 487 488 -1 489 490 491 -1 492 493 494 495 -1 496 497 498 -1 499 500 501 -1 502 503 504 -1 505 506 507 508 -1 509 510 511 -1 512 513 514 515 -1 516 517 518 -1 519 520 521 522 523 -1 524 525 526 -1 527 528 529 -1 530 531 532 -1 533 534 535 536 -1 537 538 539 540 -1 541 542 543 544 -1 545 546 547 -1 548 549 550 551 -1 552 553 554 555 -1 556 557 558 559 560 -1 561 562 563 564 -1 565 566 567 -1 568 569 570 571 -1 572 573 574 -1 575 576 577 -1 578 579 580 581 -1 582 583 584 -1 585 586 587 -1 "
						                coordIndex="1 2 95 94 -1 99 98 105 106 -1 93 94 101 100 -1 112 107 86 85 -1 92 91 98 99 -1 13 99 106 -1 98 93 100 105 -1 14 15 11 12 -1 18 19 7 8 -1 13 113 84 -1 13 92 99 -1 15 16 10 11 -1 16 17 9 10 -1 19 20 6 7 -1 23 22 19 18 -1 13 14 12 -1 91 0 93 98 -1 13 27 14 -1 24 23 18 17 -1 25 24 17 16 -1 21 5 121 132 -1 27 26 15 14 -1 26 25 16 15 -1 108 109 139 87 -1 22 120 132 20 19 -1 30 31 24 25 -1 33 34 21 120 127 -1 13 28 27 -1 109 110 114 139 -1 3 4 97 96 -1 29 30 25 26 -1 32 33 127 129 -1 37 36 33 32 -1 35 5 34 -1 31 32 129 -1 113 112 85 84 -1 4 118 130 97 -1 40 39 124 137 -1 28 29 26 27 -1 34 5 21 -1 110 138 114 -1 13 12 92 -1 36 35 34 33 -1 41 134 137 29 28 -1 39 38 31 124 -1 48 5 35 -1 13 41 28 -1 38 37 32 31 -1 47 48 35 36 -1 13 119 131 41 -1 43 44 39 40 -1 44 45 38 39 -1 46 47 36 37 -1 42 43 40 134 131 -1 111 5 90 -1 11 10 0 91 -1 13 126 119 -1 54 53 44 43 -1 51 50 47 46 -1 100 101 108 107 -1 12 11 91 92 -1 50 49 48 47 -1 49 5 48 -1 45 46 37 38 -1 57 58 53 54 -1 53 52 45 44 -1 106 105 112 113 -1 9 8 2 1 -1 13 133 126 -1 55 54 43 42 -1 52 51 46 45 -1 58 59 52 53 -1 6 128 118 4 -1 60 61 50 51 -1 61 62 49 50 -1 56 57 54 55 -1 64 63 62 61 -1 59 60 51 52 -1 62 5 49 -1 105 100 107 112 -1 13 136 133 -1 63 5 62 -1 65 64 61 60 -1 66 65 60 59 -1 68 67 58 57 -1 103 104 117 138 110 -1 10 9 1 0 -1 67 66 59 58 -1 71 72 67 68 -1 70 71 68 69 -1 75 76 63 64 -1 13 106 113 -1 8 7 3 2 -1 13 116 136 -1 72 73 66 67 -1 69 68 57 56 -1 76 5 63 -1 101 102 109 108 -1 7 6 4 3 -1 13 83 125 116 -1 73 74 65 66 -1 74 75 64 65 -1 80 79 74 73 -1 79 78 75 74 -1 17 18 8 9 -1 77 5 76 -1 78 77 76 75 -1 82 81 72 71 -1 13 84 83 -1 81 80 73 72 -1 83 135 125 -1 104 123 117 -1 86 87 115 -1 87 88 79 80 -1 85 86 115 122 -1 89 90 77 78 -1 102 103 110 109 -1 20 121 128 6 -1 90 5 77 -1 88 89 78 79 -1 0 1 94 93 -1 97 130 123 104 -1 96 97 104 103 -1 107 108 87 86 -1 2 3 96 95 -1 95 96 103 102 -1 94 95 102 101 -1 84 85 122 135 83 -1 127 120 22 -1 139 114 89 88 -1 123 130 5 -1 138 117 111 -1 131 119 42 -1 129 127 22 23 -1 118 128 5 -1 126 133 56 55 -1 116 125 70 -1 125 135 82 71 70 -1 131 134 41 -1 135 122 82 -1 130 118 5 -1 137 124 30 29 -1 119 126 55 42 -1 117 123 5 111 -1 132 121 20 -1 115 87 80 81 -1 136 116 70 69 -1 114 138 111 90 89 -1 122 115 81 82 -1 87 139 88 -1 129 23 24 31 -1 132 120 21 -1 137 134 40 -1 133 136 69 56 -1 128 121 5 -1 124 31 30 -1 "
						                >
							<Coordinate DEF="coords_ME_円柱_003"
							            point="-0.044655 -0.000000 0.438713 -0.048334 -0.000000 0.457210 -0.044655 -0.000000 0.475707 -0.034177 -0.000000 0.491388 -0.018497 -0.000000 0.501865 0.000000 -0.000000 0.505544 -0.017089 -0.007078 0.501865 -0.031576 -0.013079 0.491388 -0.041256 -0.017089 0.475707 -0.044655 -0.018497 0.457210 -0.041256 -0.017089 0.438713 -0.031576 -0.013079 0.423032 -0.017089 -0.007078 0.412555 0.000000 -0.000000 0.408876 -0.013079 -0.013079 0.412555 -0.024167 -0.024167 0.423032 -0.031576 -0.031576 0.438713 -0.034177 -0.034178 0.457210 -0.031576 -0.031576 0.475707 -0.024167 -0.024167 0.491388 -0.013079 -0.013079 0.501865 -0.007078 -0.017089 0.501865 -0.013079 -0.031576 0.491388 -0.017089 -0.041256 0.475707 -0.018497 -0.044655 0.457210 -0.017089 -0.041256 0.438713 -0.013079 -0.031576 0.423032 -0.007078 -0.017089 0.412555 0.000000 -0.018497 0.412555 0.000000 -0.034178 0.423032 0.000000 -0.044655 0.438713 0.000000 -0.048334 0.457210 0.000000 -0.044655 0.475707 0.000000 -0.034178 0.491388 0.000000 -0.018497 0.501865 0.007079 -0.017089 0.501865 0.013079 -0.031576 0.491388 0.017089 -0.041256 0.475707 0.018497 -0.044655 0.457210 0.017089 -0.041256 0.438713 0.013079 -0.031576 0.423032 0.007079 -0.017089 0.412555 0.013079 -0.013079 0.412555 0.024167 -0.024167 0.423032 0.031576 -0.031576 0.438713 0.034178 -0.034178 0.457210 0.031576 -0.031576 0.475707 0.024167 -0.024167 0.491388 0.013079 -0.013079 0.501865 0.017089 -0.007078 0.501865 0.031576 -0.013079 0.491388 0.041256 -0.017089 0.475707 0.044655 -0.018497 0.457210 0.041256 -0.017089 0.438713 0.031576 -0.013079 0.423032 0.017089 -0.007078 0.412555 0.018497 -0.000000 0.412555 0.034178 -0.000000 0.423032 0.044655 -0.000000 0.438713 0.048335 -0.000000 0.457210 0.044655 -0.000000 0.475707 0.034178 -0.000000 0.491388 0.018497 -0.000000 0.501865 0.017089 0.007078 0.501865 0.031576 0.013079 0.491388 0.041256 0.017089 0.475707 0.044655 0.018497 0.457210 0.041256 0.017089 0.438713 0.031576 0.013079 0.423032 0.017089 0.007078 0.412555 0.013079 0.013079 0.412555 0.024167 0.024167 0.423032 0.031576 0.031576 0.438713 0.034178 0.034177 0.457210 0.031576 0.031576 0.475707 0.024167 0.024167 0.491388 0.013079 0.013079 0.501865 0.007079 0.017089 0.501865 0.013079 0.031576 0.491388 0.017089 0.041256 0.475707 0.018497 0.044655 0.457210 0.017089 0.041256 0.438713 0.013079 0.031576 0.423032 0.007079 0.017089 0.412555 0.000000 0.018497 0.412555 0.000000 0.034177 0.423032 0.000000 0.044655 0.438713 0.000000 0.048334 0.457210 0.000000 0.044655 0.475707 0.000000 0.034177 0.491388 0.000000 0.018497 0.501865 -0.034177 -0.000000 0.423032 -0.018497 -0.000000 0.412555 -0.041256 0.017089 0.438713 -0.044655 0.018497 0.457210 -0.041256 0.017089 0.475707 -0.031576 0.013079 0.491388 -0.017089 0.007078 0.501865 -0.031576 0.013079 0.423032 -0.017089 0.007078 0.412555 -0.031576 0.031576 0.438713 -0.034177 0.034177 0.457210 -0.031576 0.031576 0.475707 -0.024167 0.024167 0.491388 -0.013079 0.013079 0.501865 -0.024167 0.024167 0.423032 -0.013079 0.013079 0.412555 -0.017089 0.041256 0.438713 -0.018497 0.044655 0.457210 -0.017089 0.041256 0.475707 -0.013079 0.031576 0.491388 -0.007078 0.017089 0.501865 -0.013079 0.031576 0.423032 -0.007078 0.017089 0.412555 -0.006733 0.032838 0.491388 0.003611 0.043937 0.438713 0.008975 0.008974 0.411400 -0.008790 0.015945 0.501865 -0.009155 -0.000000 0.503723 0.008975 -0.008975 0.411400 -0.008353 -0.020167 0.499639 -0.009015 -0.009015 0.503008 0.006690 0.032847 0.423032 -0.009015 0.009015 0.503008 0.003611 -0.043937 0.438713 0.008748 0.015973 0.412555 0.009086 -0.003764 0.410832 -0.006733 -0.032838 0.491388 -0.009127 -0.003781 0.503579 -0.003654 -0.043928 0.475707 -0.009127 0.003781 0.503579 0.008748 -0.015973 0.412555 -0.008790 -0.015945 0.501865 0.009115 -0.000000 0.410689 0.008322 -0.020090 0.414726 0.008322 0.020090 0.414726 0.009086 0.003764 0.410832 0.006690 -0.032847 0.423032 -0.008353 0.020167 0.499639 -0.003654 0.043928 0.475707 "
							            />
							<Normal DEF="normals_ME_円柱_003"
							        vector="-0.927279 0.000000 -0.374370 -1.000000 0.000000 0.000000 -0.927279 0.000001 0.374371 -0.718856 0.000000 0.695159 -0.403094 0.000000 0.915159 0.000001 0.000000 1.000000 -0.372409 -0.154258 0.915159 -0.664137 -0.275094 0.695159 -0.856694 -0.354854 0.374371 -0.923880 -0.382683 -0.000000 -0.856695 -0.354854 -0.374370 -0.664136 -0.275094 -0.695160 -0.372407 -0.154256 -0.915160 0.000001 0.000000 -1.000000 -0.285028 -0.285028 -0.915160 -0.508308 -0.508307 -0.695159 -0.655686 -0.655685 -0.374370 -0.707107 -0.707107 -0.000000 -0.655685 -0.655685 0.374372 -0.508309 -0.508308 0.695159 -0.285026 -0.285029 0.915161 -0.154254 -0.372408 0.915160 -0.275097 -0.664136 0.695158 -0.354854 -0.856694 0.374371 -0.382683 -0.923880 -0.000000 -0.354855 -0.856694 -0.374370 -0.275095 -0.664136 -0.695159 -0.154256 -0.372407 -0.915160 -0.000001 -0.403091 -0.915160 -0.000000 -0.718856 -0.695159 -0.000001 -0.927279 -0.374370 -0.000000 -1.000000 -0.000000 -0.000002 -0.927279 0.374371 0.000000 -0.718856 0.695159 0.000002 -0.403093 0.915159 0.154257 -0.372410 0.915159 0.275094 -0.664137 0.695159 0.354854 -0.856694 0.374371 0.382683 -0.923880 -0.000000 0.354855 -0.856694 -0.374370 0.275094 -0.664136 -0.695160 0.154254 -0.372409 -0.915160 0.285027 -0.285028 -0.915160 0.508307 -0.508308 -0.695160 0.655685 -0.655686 -0.374371 0.707106 -0.707107 -0.000000 0.655685 -0.655685 0.374372 0.508308 -0.508308 0.695159 0.285029 -0.285030 0.915159 0.372410 -0.154257 0.915159 0.664137 -0.275094 0.695158 0.856694 -0.354855 0.374372 0.923879 -0.382684 0.000000 0.856694 -0.354855 -0.374371 0.664136 -0.275094 -0.695160 0.372406 -0.154256 -0.915161 0.403090 -0.000000 -0.915161 0.718855 -0.000000 -0.695160 0.927279 -0.000000 -0.374371 1.000000 -0.000000 0.000000 0.927279 -0.000000 0.374372 0.718856 -0.000000 0.695159 0.403094 -0.000000 0.915159 0.372410 0.154257 0.915159 0.664137 0.275094 0.695159 0.856694 0.354854 0.374372 0.923879 0.382684 0.000000 0.856694 0.354854 -0.374371 0.664136 0.275094 -0.695160 0.372407 0.154256 -0.915160 0.285028 0.285028 -0.915160 0.508307 0.508308 -0.695160 0.655685 0.655685 -0.374371 0.707106 0.707107 -0.000000 0.655685 0.655685 0.374372 0.508308 0.508308 0.695159 0.285032 0.285030 0.915158 0.154258 0.372410 0.915159 0.275095 0.664137 0.695159 0.354854 0.856694 0.374372 0.382683 0.923880 -0.000000 0.354855 0.856694 -0.374371 0.275094 0.664136 -0.695160 0.154255 0.372408 -0.915160 -0.000000 0.403091 -0.915160 -0.000000 0.718856 -0.695159 0.000001 0.927279 -0.374371 0.000000 1.000000 -0.000000 0.000000 0.927279 0.374372 0.000002 0.718856 0.695159 0.000001 0.403094 0.915159 -0.718855 0.000000 -0.695160 -0.403090 0.000000 -0.915160 -0.856694 0.354855 -0.374371 -0.923879 0.382684 -0.000000 -0.856694 0.354855 0.374372 -0.664136 0.275095 0.695159 -0.372409 0.154258 0.915159 -0.664135 0.275095 -0.695160 -0.372407 0.154256 -0.915160 -0.655685 0.655686 -0.374371 -0.707106 0.707107 -0.000000 -0.655685 0.655685 0.374372 -0.508309 0.508308 0.695158 -0.285024 0.285029 0.915161 -0.508307 0.508308 -0.695159 -0.285028 0.285029 -0.915160 -0.354854 0.856694 -0.374371 -0.382683 0.923880 -0.000000 -0.354855 0.856694 0.374372 -0.275096 0.664136 0.695158 -0.154257 0.372407 0.915160 -0.275094 0.664136 -0.695160 -0.154257 0.372408 -0.915160 -0.139180 0.699708 0.700741 0.180709 0.908475 -0.376851 0.137952 0.137950 -0.980785 -0.215879 0.323074 0.921423 -0.195087 0.000000 0.980786 0.137950 -0.137950 -0.980785 -0.212606 -0.513282 0.831469 -0.137955 -0.137952 0.980784 0.139180 0.699707 -0.700742 -0.137952 0.137952 0.980785 0.180707 -0.908476 -0.376851 0.215871 0.323077 -0.921423 0.180242 -0.074657 -0.980785 -0.139182 -0.699708 0.700740 -0.180231 -0.074665 0.980786 -0.180709 -0.908475 0.376851 -0.180231 0.074665 0.980786 0.215872 -0.323078 -0.921423 -0.215878 -0.323074 0.921423 0.195090 0.000000 -0.980785 0.212606 -0.513279 -0.831471 0.212605 0.513279 -0.831471 0.180245 0.074657 -0.980784 0.139180 -0.699707 -0.700742 -0.212608 0.513282 0.831468 -0.180707 0.908475 0.376852 "
							        />
							<TextureCoordinate point="1.0000 0.5000 1.0000 0.6250 0.9375 0.6250 0.9375 0.5000 0.9375 0.1250 0.9375 0.2500 0.8750 0.2500 0.8750 0.1250 0.9375 0.3750 0.9375 0.5000 0.8750 0.5000 0.8750 0.3750 0.8125 0.2500 0.8125 0.3750 0.7500 0.3750 0.7500 0.2500 1.0000 0.1250 1.0000 0.2500 0.9375 0.2500 0.9375 0.1250 0.9062 0.0000 0.9375 0.1250 0.8750 0.1250 0.9375 0.2500 0.9375 0.3750 0.8750 0.3750 0.8750 0.2500 0.1250 0.1250 0.1250 0.2500 0.0625 0.2500 0.0625 0.1250 0.1250 0.6250 0.1250 0.7500 0.0625 0.7500 0.0625 0.6250 0.7812 0.0000 0.8125 0.1250 0.7500 0.1250 0.9687 0.0000 1.0000 0.1250 0.9375 0.1250 0.1250 0.2500 0.1250 0.3750 0.0625 0.3750 0.0625 0.2500 0.1250 0.3750 0.1250 0.5000 0.0625 0.5000 0.0625 0.3750 0.1250 0.7500 0.1250 0.8750 0.0625 0.8750 0.0625 0.7500 0.1875 0.6250 0.1875 0.7500 0.1250 0.7500 0.1250 0.6250 0.0937 0.0000 0.1250 0.1250 0.0625 0.1250 1.0000 0.2500 1.0000 0.3750 0.9375 0.3750 0.9375 0.2500 0.1562 0.0000 0.1875 0.1250 0.1250 0.1250 0.1875 0.5000 0.1875 0.6250 0.1250 0.6250 0.1250 0.5000 0.1875 0.3750 0.1875 0.5000 0.1250 0.5000 0.1250 0.3750 0.1875 0.8750 0.1562 1.0000 0.1347 0.9138 0.1697 0.8750 0.1875 0.1250 0.1875 0.2500 0.1250 0.2500 0.1250 0.1250 0.1875 0.2500 0.1875 0.3750 0.1250 0.3750 0.1250 0.2500 0.8125 0.5000 0.8125 0.6250 0.7634 0.6250 0.7500 0.5000 0.1875 0.7500 0.1875 0.8484 0.1697 0.8750 0.1250 0.8750 0.1250 0.7500 0.2500 0.3750 0.2500 0.5000 0.1875 0.5000 0.1875 0.3750 0.2500 0.7500 0.2500 0.8750 0.1875 0.8750 0.1875 0.8484 0.2178 0.7500 0.2187 0.0000 0.2500 0.1250 0.1875 0.1250 0.8125 0.6250 0.8125 0.7500 0.7822 0.7500 0.7634 0.6250 1.0000 0.7500 1.0000 0.8750 0.9375 0.8750 0.9375 0.7500 0.2500 0.2500 0.2500 0.3750 0.1875 0.3750 0.1875 0.2500 0.2500 0.6250 0.2500 0.7500 0.2178 0.7500 0.2366 0.6250 0.3125 0.6250 0.3125 0.7500 0.2500 0.7500 0.2500 0.6250 0.3125 0.8750 0.2812 1.0000 0.2500 0.8750 0.2500 0.5000 0.2500 0.6250 0.2366 0.6250 0.8125 0.1250 0.8125 0.2500 0.7500 0.2500 0.7500 0.1250 1.0000 0.8750 0.9842 0.9381 0.9521 0.9332 0.9375 0.8750 0.3125 0.2500 0.3125 0.3750 0.2632 0.3750 0.2820 0.2500 0.2500 0.1250 0.2500 0.2500 0.1875 0.2500 0.1875 0.1250 0.2500 0.8750 0.2187 1.0000 0.1875 0.8750 0.8125 0.7500 0.8125 0.8484 0.7822 0.7500 0.0312 0.0000 0.0625 0.1250 0.0000 0.1250 0.3125 0.7500 0.3125 0.8750 0.2500 0.8750 0.2500 0.7500 0.3125 0.1250 0.3125 0.1509 0.2820 0.2500 0.2500 0.2500 0.2500 0.1250 0.3125 0.3750 0.3125 0.5000 0.2500 0.5000 0.2632 0.3750 0.3750 0.8750 0.3438 1.0000 0.3125 0.8750 0.2812 0.0000 0.3125 0.1250 0.2500 0.1250 0.3125 0.5000 0.3125 0.6250 0.2500 0.6250 0.2500 0.5000 0.3750 0.7500 0.3750 0.8750 0.3125 0.8750 0.3125 0.7500 0.3438 0.0000 0.3652 0.0858 0.3299 0.1250 0.3125 0.1250 0.3750 0.2500 0.3750 0.3750 0.3125 0.3750 0.3125 0.2500 0.3750 0.3750 0.3750 0.5000 0.3125 0.5000 0.3125 0.3750 0.3750 0.6250 0.3750 0.7500 0.3125 0.7500 0.3125 0.6250 0.3750 0.1250 0.3750 0.2500 0.3125 0.2500 0.3125 0.1509 0.3299 0.1250 0.8125 0.8750 0.7812 1.0000 0.7500 0.8750 0.0625 0.2500 0.0625 0.3750 0.0000 0.3750 0.0000 0.2500 0.4062 0.0000 0.4229 0.0665 0.3848 0.0858 0.4375 0.2500 0.4375 0.3750 0.3750 0.3750 0.3750 0.2500 0.4375 0.6250 0.4375 0.7500 0.3750 0.7500 0.3750 0.6250 0.8750 0.3750 0.8750 0.5000 0.8125 0.5000 0.8125 0.3750 0.0625 0.1250 0.0625 0.2500 0.0000 0.2500 0.0000 0.1250 0.4375 0.7500 0.4375 0.8750 0.3750 0.8750 0.3750 0.7500 0.4375 0.8750 0.4062 1.0000 0.3750 0.8750 0.3750 0.5000 0.3750 0.6250 0.3125 0.6250 0.3125 0.5000 0.5000 0.2500 0.5000 0.3750 0.4375 0.3750 0.4375 0.2500 0.4375 0.3750 0.4375 0.5000 0.3750 0.5000 0.3750 0.3750 0.8750 0.1250 0.8750 0.2500 0.8125 0.2500 0.8125 0.1250 0.0625 0.5000 0.0625 0.6250 0.0000 0.6250 0.0000 0.5000 0.4688 0.0000 0.4841 0.0616 0.4521 0.0665 0.4375 0.1250 0.4375 0.2500 0.3750 0.2500 0.3750 0.1250 0.4375 0.5000 0.4375 0.6250 0.3750 0.6250 0.3750 0.5000 0.5000 0.3750 0.5000 0.5000 0.4375 0.5000 0.4375 0.3750 0.0625 0.8750 0.0479 0.9332 0.0158 0.9381 0.0000 0.8750 0.5000 0.6250 0.5000 0.7500 0.4375 0.7500 0.4375 0.6250 0.5000 0.7500 0.5000 0.8750 0.4375 0.8750 0.4375 0.7500 0.5000 0.1250 0.5000 0.2500 0.4375 0.2500 0.4375 0.1250 0.5625 0.7500 0.5625 0.8750 0.5000 0.8750 0.5000 0.7500 0.5000 0.5000 0.5000 0.6250 0.4375 0.6250 0.4375 0.5000 0.5000 0.8750 0.4688 1.0000 0.4375 0.8750 0.8750 0.2500 0.8750 0.3750 0.8125 0.3750 0.8125 0.2500 0.5312 0.0000 0.5479 0.0665 0.5159 0.0616 0.5625 0.8750 0.5312 1.0000 0.5000 0.8750 0.5625 0.6250 0.5625 0.7500 0.5000 0.7500 0.5000 0.6250 0.5625 0.5000 0.5625 0.6250 0.5000 0.6250 0.5000 0.5000 0.5625 0.2500 0.5625 0.3750 0.5000 0.3750 0.5000 0.2500 0.8750 0.7500 0.8750 0.8750 0.8303 0.8750 0.8125 0.8484 0.8125 0.7500 0.0625 0.3750 0.0625 0.5000 0.0000 0.5000 0.0000 0.3750 0.5625 0.3750 0.5625 0.5000 0.5000 0.5000 0.5000 0.3750 0.6250 0.2500 0.6250 0.3750 0.5625 0.3750 0.5625 0.2500 0.6250 0.1250 0.6250 0.2500 0.5625 0.2500 0.5625 0.1250 0.6250 0.7500 0.6250 0.8750 0.5625 0.8750 0.5625 0.7500 0.8437 0.0000 0.8750 0.1250 0.8125 0.1250 0.0625 0.6250 0.0625 0.7500 0.0000 0.7500 0.0000 0.6250 0.5938 0.0000 0.6152 0.0858 0.5771 0.0665 0.6250 0.3750 0.6250 0.5000 0.5625 0.5000 0.5625 0.3750 0.5625 0.1250 0.5625 0.2500 0.5000 0.2500 0.5000 0.1250 0.6250 0.8750 0.5938 1.0000 0.5625 0.8750 0.8750 0.5000 0.8750 0.6250 0.8125 0.6250 0.8125 0.5000 0.0625 0.7500 0.0625 0.8750 0.0000 0.8750 0.0000 0.7500 0.6562 0.0000 0.6875 0.1250 0.6701 0.1250 0.6348 0.0858 0.6250 0.5000 0.6250 0.6250 0.5625 0.6250 0.5625 0.5000 0.6250 0.6250 0.6250 0.7500 0.5625 0.7500 0.5625 0.6250 0.6875 0.5000 0.6875 0.6250 0.6250 0.6250 0.6250 0.5000 0.6875 0.6250 0.6875 0.7500 0.6250 0.7500 0.6250 0.6250 0.1250 0.5000 0.1250 0.6250 0.0625 0.6250 0.0625 0.5000 0.6875 0.8750 0.6562 1.0000 0.6250 0.8750 0.6875 0.7500 0.6875 0.8750 0.6250 0.8750 0.6250 0.7500 0.6875 0.2500 0.6875 0.3750 0.6250 0.3750 0.6250 0.2500 0.7188 0.0000 0.7500 0.1250 0.6875 0.1250 0.6875 0.3750 0.6875 0.5000 0.6250 0.5000 0.6250 0.3750 0.6875 0.1250 0.6875 0.1509 0.6701 0.1250 0.8750 0.8750 0.8653 0.9138 0.8303 0.8750 0.7500 0.3750 0.7500 0.5000 0.7368 0.3750 0.7500 0.5000 0.7500 0.6250 0.6875 0.6250 0.6875 0.5000 0.7500 0.2500 0.7500 0.3750 0.7368 0.3750 0.7180 0.2500 0.7500 0.7500 0.7500 0.8750 0.6875 0.8750 0.6875 0.7500 0.8750 0.6250 0.8750 0.7500 0.8125 0.7500 0.8125 0.6250 0.1250 0.8750 0.1153 0.9138 0.0771 0.9332 0.0625 0.8750 0.7500 0.8750 0.7188 1.0000 0.6875 0.8750 0.7500 0.6250 0.7500 0.7500 0.6875 0.7500 0.6875 0.6250 1.0000 0.3750 1.0000 0.5000 0.9375 0.5000 0.9375 0.3750 0.9375 0.8750 0.9229 0.9332 0.8847 0.9138 0.8750 0.8750 0.9375 0.7500 0.9375 0.8750 0.8750 0.8750 0.8750 0.7500 0.8125 0.3750 0.8125 0.5000 0.7500 0.5000 0.7500 0.3750 1.0000 0.6250 1.0000 0.7500 0.9375 0.7500 0.9375 0.6250 0.9375 0.6250 0.9375 0.7500 0.8750 0.7500 0.8750 0.6250 0.9375 0.5000 0.9375 0.6250 0.8750 0.6250 0.8750 0.5000 0.7500 0.1250 0.7500 0.2500 0.7180 0.2500 0.6875 0.1509 0.6875 0.1250 0.2178 0.7500 0.1875 0.8484 0.1875 0.7500 0.7634 0.6250 0.7822 0.7500 0.7500 0.7500 0.7500 0.6250 0.8847 0.9138 0.9229 0.9332 0.9062 1.0000 0.8125 0.8484 0.8303 0.8750 0.8125 0.8750 0.3299 0.1250 0.3652 0.0858 0.3750 0.1250 0.2366 0.6250 0.2178 0.7500 0.1875 0.7500 0.1875 0.6250 0.0158 0.9381 0.0479 0.9332 0.0312 1.0000 0.4521 0.0665 0.4841 0.0616 0.5000 0.1250 0.4375 0.1250 0.6348 0.0858 0.6701 0.1250 0.6250 0.1250 0.6701 0.1250 0.6875 0.1509 0.6875 0.2500 0.6250 0.2500 0.6250 0.1250 0.3299 0.1250 0.3125 0.1509 0.3125 0.1250 0.6875 0.1509 0.7180 0.2500 0.6875 0.2500 0.9521 0.9332 0.9842 0.9381 0.9687 1.0000 0.2820 0.2500 0.2632 0.3750 0.2500 0.3750 0.2500 0.2500 0.3848 0.0858 0.4229 0.0665 0.4375 0.1250 0.3750 0.1250 0.8303 0.8750 0.8653 0.9138 0.8437 1.0000 0.8125 0.8750 0.1697 0.8750 0.1347 0.9138 0.1250 0.8750 0.7368 0.3750 0.7500 0.5000 0.6875 0.5000 0.6875 0.3750 0.5771 0.0665 0.6152 0.0858 0.6250 0.1250 0.5625 0.1250 0.7822 0.7500 0.8125 0.8484 0.8125 0.8750 0.7500 0.8750 0.7500 0.7500 0.7180 0.2500 0.7368 0.3750 0.6875 0.3750 0.6875 0.2500 0.7500 0.5000 0.7634 0.6250 0.7500 0.6250 0.2366 0.6250 0.1875 0.6250 0.1875 0.5000 0.2500 0.5000 0.1697 0.8750 0.1875 0.8484 0.1875 0.8750 0.2820 0.2500 0.3125 0.1509 0.3125 0.2500 0.5159 0.0616 0.5479 0.0665 0.5625 0.1250 0.5000 0.1250 0.0771 0.9332 0.1153 0.9138 0.0937 1.0000 0.2632 0.3750 0.2500 0.5000 0.2500 0.3750 " />
						</IndexedFaceSet>
					</Shape>
				</Group>
			</Transform>
		</Transform>
		<Transform DEF="ピンク(ルビー)_TRANSFORM"
		           translation="0.000000 0.000000 0.000000"
		           scale="1.000000 1.000000 1.000000"
		           rotation="-1.000000 0.000000 0.000000 1.570796"
		           >
			<Transform DEF="ピンク(ルビー)_ifs_TRANSFORM"
			           translation="0.000000 0.000000 0.000000"
			           scale="1.000000 1.000000 1.000000"
			           rotation="0.000000 1.000000 0.000000 0.000000"
			           >
				<Group DEF="group_ME_円柱_004">
					<Shape>
						<Appearance>
						</Appearance>
						<IndexedFaceSet solid="false"
						                normalPerVertex="true"
						                texCoordIndex="0 1 2 3 -1 4 5 6 7 -1 8 9 10 11 -1 12 13 14 15 -1 16 17 18 19 -1 20 21 22 23 -1 24 25 26 27 -1 28 29 30 31 -1 32 33 34 35 -1 36 37 38 39 -1 40 41 42 43 -1 44 45 46 47 -1 48 49 50 51 -1 52 53 54 55 -1 56 57 58 59 -1 60 61 62 63 -1 64 65 66 67 -1 68 69 70 71 -1 72 73 74 75 -1 76 77 78 79 -1 80 81 82 83 -1 84 85 86 87 -1 88 89 90 91 -1 92 93 94 95 -1 96 97 98 99 -1 100 101 102 103 -1 104 105 106 107 -1 108 109 110 111 -1 112 113 114 115 -1 116 117 118 119 -1 120 121 122 123 -1 124 125 126 127 -1 128 129 130 131 -1 132 133 134 135 -1 136 137 138 139 -1 140 141 142 143 -1 144 145 146 147 -1 148 149 150 151 -1 152 153 154 155 -1 156 157 158 159 -1 160 161 162 163 -1 164 165 166 167 -1 168 169 170 171 -1 172 173 174 175 -1 176 177 178 179 -1 180 181 182 183 -1 184 185 186 187 -1 188 189 190 191 -1 192 193 194 195 -1 196 197 198 199 -1 200 201 202 203 -1 204 205 206 207 -1 208 209 210 211 -1 212 213 214 215 -1 216 217 218 219 -1 220 221 222 223 -1 224 225 226 227 -1 228 229 230 231 -1 232 233 234 235 -1 236 237 238 239 -1 240 241 242 243 -1 244 245 246 247 -1 248 249 250 251 -1 252 253 254 255 -1 256 257 258 259 -1 260 261 262 263 -1 264 265 266 267 -1 268 269 270 271 -1 272 273 274 275 -1 276 277 278 279 -1 280 281 282 283 -1 284 285 286 287 -1 288 289 290 291 -1 292 293 294 295 -1 296 297 298 299 -1 300 301 302 303 -1 304 305 306 307 -1 308 309 310 311 -1 312 313 314 315 -1 316 317 318 319 -1 320 321 322 323 -1 324 325 326 327 -1 328 329 330 331 -1 332 333 334 335 -1 336 337 338 339 -1 340 341 342 343 -1 344 345 346 347 -1 348 349 350 351 -1 352 353 354 355 -1 356 357 358 359 -1 360 361 362 363 -1 364 365 366 367 -1 368 369 370 371 -1 372 373 374 375 -1 376 377 378 379 -1 380 381 382 383 -1 384 385 386 387 -1 388 389 390 391 -1 392 393 394 395 -1 396 397 398 399 -1 400 401 402 403 -1 404 405 406 407 -1 408 409 410 411 -1 412 413 414 415 -1 416 417 418 419 -1 420 421 422 423 -1 424 425 426 427 -1 428 429 430 431 -1 432 433 434 435 -1 436 437 438 439 -1 440 441 442 443 -1 444 445 446 447 -1 448 449 450 451 -1 452 453 454 455 -1 456 457 458 459 -1 460 461 462 463 -1 464 465 466 467 -1 468 469 470 471 -1 472 473 474 475 -1 476 477 478 479 -1 480 481 482 483 -1 484 485 486 487 -1 488 489 490 491 -1 492 493 494 495 -1 496 497 498 499 -1 500 501 502 503 -1 504 505 506 507 -1 508 509 510 511 -1 512 513 514 515 -1 516 517 518 519 -1 520 521 522 523 -1 524 525 526 527 -1 528 529 530 531 -1 532 533 534 535 -1 536 537 538 539 -1 540 541 542 543 -1 544 545 546 547 -1 548 549 550 551 -1 552 553 554 555 -1 556 557 558 559 -1 560 561 562 563 -1 564 565 566 567 -1 568 569 570 571 -1 572 573 574 575 -1 576 577 578 579 -1 580 581 582 583 -1 584 585 586 587 -1 588 589 590 591 -1 592 593 594 595 -1 596 597 598 599 -1 600 601 602 603 -1 604 605 606 607 -1 608 609 610 611 -1 612 613 614 615 -1 616 617 618 619 -1 620 621 622 623 -1 624 625 626 627 -1 628 629 630 631 -1 632 633 634 635 -1 636 637 638 639 -1 640 641 642 643 -1 644 645 646 647 -1 648 649 650 651 -1 652 653 654 655 -1 656 657 658 659 -1 660 661 662 663 -1 664 665 666 667 -1 668 669 670 671 -1 "
						                coordIndex="101 143 56 14 -1 145 101 14 58 -1 102 146 59 15 -1 144 102 15 57 -1 103 144 57 16 -1 143 103 16 56 -1 104 149 62 17 -1 151 104 17 64 -1 105 145 58 18 -1 152 105 18 65 -1 106 153 66 19 -1 146 106 19 59 -1 109 152 65 22 -1 147 109 22 60 -1 110 150 63 23 -1 148 110 23 61 -1 112 147 60 25 -1 149 112 25 62 -1 113 151 64 26 -1 150 113 26 63 -1 115 148 61 28 -1 153 115 28 66 -1 156 116 29 69 -1 116 154 67 29 -1 155 117 30 68 -1 117 157 70 30 -1 118 155 68 31 -1 154 118 31 67 -1 119 160 73 32 -1 162 119 32 75 -1 120 156 69 33 -1 163 120 33 76 -1 121 164 77 34 -1 157 121 34 70 -1 124 163 76 37 -1 158 124 37 71 -1 125 161 74 38 -1 159 125 38 72 -1 127 158 71 40 -1 160 127 40 73 -1 128 162 75 41 -1 161 128 41 74 -1 130 159 72 43 -1 164 130 43 77 -1 171 131 44 84 -1 131 169 82 44 -1 172 132 45 85 -1 132 165 78 45 -1 166 133 46 79 -1 133 173 86 46 -1 165 134 47 78 -1 134 166 79 47 -1 167 136 49 80 -1 136 172 85 49 -1 168 137 50 81 -1 137 170 83 50 -1 169 139 52 82 -1 139 167 80 52 -1 170 140 53 83 -1 140 171 84 53 -1 173 142 55 86 -1 142 168 81 55 -1 14 56 16 0 -1 0 16 57 15 -1 20 0 15 59 -1 58 14 0 20 -1 18 58 20 1 -1 1 20 59 19 -1 27 1 19 66 -1 65 18 1 27 -1 28 61 21 2 -1 2 21 60 22 -1 27 2 22 65 -1 66 28 2 27 -1 23 63 24 3 -1 3 24 62 25 -1 21 3 25 60 -1 61 23 3 21 -1 64 17 4 26 -1 62 24 4 17 -1 63 26 4 24 -1 29 67 31 5 -1 5 31 68 30 -1 35 5 30 70 -1 69 29 5 35 -1 33 69 35 6 -1 6 35 70 34 -1 42 6 34 77 -1 76 33 6 42 -1 43 72 36 7 -1 7 36 71 37 -1 42 7 37 76 -1 77 43 7 42 -1 38 74 39 8 -1 8 39 73 40 -1 36 8 40 71 -1 72 38 8 36 -1 75 32 9 41 -1 73 39 9 32 -1 74 41 9 39 -1 45 78 47 10 -1 10 47 79 46 -1 54 10 46 86 -1 85 45 10 54 -1 55 81 48 11 -1 11 48 80 49 -1 54 11 49 85 -1 86 55 11 54 -1 50 83 51 12 -1 12 51 82 52 -1 48 12 52 80 -1 81 50 12 48 -1 84 44 13 53 -1 82 51 13 44 -1 83 53 13 51 -1 101 87 103 143 -1 87 102 144 103 -1 107 146 102 87 -1 145 107 87 101 -1 105 88 107 145 -1 88 106 146 107 -1 114 153 106 88 -1 152 114 88 105 -1 115 89 108 148 -1 89 109 147 108 -1 114 152 109 89 -1 153 114 89 115 -1 110 90 111 150 -1 90 112 149 111 -1 108 147 112 90 -1 148 108 90 110 -1 151 113 91 104 -1 149 104 91 111 -1 150 111 91 113 -1 116 92 118 154 -1 92 117 155 118 -1 122 157 117 92 -1 156 122 92 116 -1 120 93 122 156 -1 93 121 157 122 -1 129 164 121 93 -1 163 129 93 120 -1 130 94 123 159 -1 94 124 158 123 -1 129 163 124 94 -1 164 129 94 130 -1 125 95 126 161 -1 95 127 160 126 -1 123 158 127 95 -1 159 123 95 125 -1 162 128 96 119 -1 160 119 96 126 -1 161 126 96 128 -1 132 97 134 165 -1 97 133 166 134 -1 141 173 133 97 -1 172 141 97 132 -1 142 98 135 168 -1 98 136 167 135 -1 141 172 136 98 -1 173 141 98 142 -1 137 99 138 170 -1 99 139 169 138 -1 135 167 139 99 -1 168 135 99 137 -1 171 140 100 131 -1 169 131 100 138 -1 170 138 100 140 -1 "
						                >
							<Coordinate DEF="coords_ME_円柱_004"
							            point="0.018514 0.048732 0.458894 0.020998 0.074663 0.475767 0.024533 0.101265 0.488322 0.028633 0.123994 0.496446 0.032025 0.142583 0.501064 0.005385 0.039756 0.432900 0.006261 0.059282 0.437221 0.007519 0.085410 0.440867 0.009942 0.111951 0.440468 0.013831 0.135484 0.442387 -0.002068 0.028920 0.425642 -0.004774 0.039341 0.421972 -0.007676 0.057886 0.417338 -0.008574 0.076545 0.418605 0.010917 0.047787 0.444427 0.026515 0.050488 0.478955 0.018219 0.038913 0.456055 0.029486 0.144109 0.498639 0.011278 0.073367 0.450066 0.030044 0.075427 0.497080 0.019450 0.060671 0.466140 0.026597 0.113160 0.493172 0.014774 0.100430 0.466685 0.036351 0.124407 0.505020 0.030569 0.134548 0.499032 0.020711 0.122948 0.484494 0.035768 0.144590 0.505423 0.022327 0.089328 0.482196 0.033718 0.101259 0.504736 -0.000391 0.038855 0.424208 0.014024 0.041339 0.445879 0.005082 0.032953 0.431659 0.011806 0.137905 0.439813 -0.001754 0.055394 0.424678 0.016709 0.062327 0.455080 0.005759 0.048617 0.434532 0.008387 0.098280 0.441048 -0.001972 0.086303 0.423698 0.017315 0.111403 0.451238 0.011909 0.125344 0.440656 0.002955 0.113008 0.429710 0.017659 0.139404 0.447461 0.006809 0.072323 0.439855 0.017083 0.084983 0.456845 -0.010277 0.077496 0.415566 -0.004340 0.025671 0.421111 -0.000036 0.031853 0.429795 -0.001365 0.026150 0.426515 -0.006594 0.048598 0.418961 -0.008425 0.033512 0.414006 -0.003866 0.065144 0.425870 -0.008450 0.068242 0.417478 -0.011099 0.051883 0.410014 -0.006595 0.081607 0.422933 -0.003155 0.032919 0.424245 -0.001405 0.046486 0.429392 0.013162 0.040876 0.447374 0.023593 0.041967 0.467611 0.010599 0.058896 0.445505 0.028718 0.061456 0.489740 0.017209 0.112125 0.475030 0.035392 0.113129 0.505083 0.024811 0.134259 0.492471 0.036634 0.135393 0.505355 0.034269 0.150887 0.504266 0.012711 0.087629 0.458418 0.031796 0.088695 0.502291 0.001263 0.034502 0.426120 0.010206 0.034683 0.439440 -0.001015 0.045457 0.424341 0.015824 0.051412 0.450940 -0.000260 0.099535 0.425814 0.017094 0.097782 0.454598 0.006978 0.126516 0.434259 0.017523 0.125849 0.448594 0.016551 0.145722 0.445355 -0.002392 0.069855 0.424370 0.016905 0.073290 0.456890 -0.002768 0.024946 0.423843 -0.000355 0.028444 0.428684 -0.010236 0.041942 0.410871 -0.002683 0.056684 0.427549 -0.011424 0.063967 0.410827 -0.005298 0.073981 0.424390 -0.008034 0.083887 0.420248 -0.006230 0.028444 0.417892 -0.000440 0.037608 0.430098 0.023856 0.050476 0.453258 0.025840 0.077642 0.467272 0.028678 0.103422 0.481042 0.031778 0.124587 0.494175 0.033823 0.142820 0.499957 0.008887 0.039774 0.430468 0.010658 0.058325 0.433854 0.012481 0.086578 0.436152 0.013909 0.113122 0.436137 0.016521 0.136020 0.440056 0.001264 0.027782 0.423693 0.000261 0.035532 0.419784 -0.001148 0.056371 0.411881 -0.001212 0.076106 0.413386 0.016425 0.049096 0.439903 0.032171 0.051353 0.473438 0.023660 0.040220 0.451086 0.031288 0.144375 0.497425 0.016519 0.074591 0.444552 0.035501 0.077745 0.491382 0.024567 0.062952 0.458837 0.030394 0.114157 0.489078 0.019538 0.101409 0.461299 0.038900 0.124822 0.503368 0.032929 0.134858 0.497546 0.024402 0.123577 0.480791 0.036987 0.144840 0.504640 0.027264 0.091647 0.474914 0.038042 0.102891 0.500804 0.002876 0.039099 0.422317 0.018170 0.041612 0.442116 0.008496 0.033443 0.429302 0.014194 0.138336 0.437809 0.002318 0.055750 0.422164 0.021623 0.062368 0.450766 0.009630 0.047809 0.431829 0.012997 0.099639 0.435742 0.003010 0.087110 0.420054 0.021214 0.112230 0.447769 0.015214 0.126179 0.437410 0.006979 0.113744 0.426418 0.020034 0.139721 0.445807 0.011758 0.072250 0.435652 0.021954 0.085719 0.453041 -0.003033 0.076986 0.410622 -0.000826 0.025144 0.419375 0.003299 0.030957 0.427096 0.001597 0.025660 0.424549 -0.000584 0.044966 0.415788 -0.003144 0.031391 0.413009 0.003284 0.064614 0.420001 -0.001304 0.067168 0.411803 -0.004827 0.050162 0.406072 0.000843 0.081740 0.417922 0.000875 0.030565 0.422421 0.004036 0.044950 0.425160 0.018693 0.042092 0.442847 0.028926 0.043592 0.462161 0.016029 0.060247 0.440507 0.034103 0.063144 0.484217 0.021580 0.113003 0.470235 0.038648 0.114099 0.501980 0.027675 0.134683 0.490191 0.038476 0.135883 0.504271 0.034933 0.150987 0.503839 0.017792 0.088767 0.452711 0.036973 0.090284 0.497290 0.004484 0.034952 0.424074 0.014203 0.035179 0.436581 0.002480 0.045589 0.422323 0.020268 0.051191 0.446573 0.004436 0.100276 0.422380 0.021633 0.098660 0.450602 0.010256 0.127152 0.431410 0.020784 0.126482 0.445918 0.018031 0.145929 0.444288 0.002391 0.070731 0.420943 0.022083 0.073999 0.453047 0.000353 0.024536 0.422015 0.002661 0.027821 0.426391 -0.004427 0.039568 0.408358 0.003929 0.055545 0.422171 -0.004612 0.062868 0.405791 0.002266 0.073921 0.418897 -0.000943 0.083960 0.415648 -0.001953 0.027409 0.416515 0.003736 0.036238 0.426676 "
							            />
							<Normal DEF="normals_ME_円柱_004"
							        vector="-0.896089 -0.137557 0.422021 -0.918651 -0.108979 0.379743 -0.890088 -0.035332 0.454418 -0.794214 -0.033352 0.606722 -0.731080 -0.060281 0.679624 -0.827332 -0.075834 0.556571 -0.843737 -0.079284 0.530869 -0.861588 0.037806 0.506199 -0.826817 0.102900 0.552979 -0.800488 0.043853 0.597742 -0.874842 -0.070080 0.479313 -0.893003 -0.045473 0.447747 -0.893719 -0.049264 0.445913 -0.883929 -0.062302 0.463451 -0.930273 -0.241612 -0.276071 -0.230918 -0.684288 0.691684 -0.444229 -0.851900 0.277356 -0.885964 0.457750 0.074387 -0.973522 0.140539 -0.180287 -0.173112 -0.407399 0.896693 -0.913322 -0.138374 0.383009 -0.849311 -0.028327 0.527132 -0.963392 0.256494 -0.078016 -0.097261 -0.046064 0.994192 -0.747460 -0.046367 0.662687 -0.939822 0.340455 0.028722 -0.115624 0.063821 0.991241 -0.912100 -0.064834 0.404808 -0.125759 -0.155326 0.979826 -0.927372 -0.254066 -0.274649 -0.141817 -0.518765 0.843072 -0.502745 -0.803938 0.317696 -0.896701 0.442313 0.016898 -0.977078 -0.077116 -0.198422 -0.145333 -0.245996 0.958313 -0.829604 -0.094639 0.550274 -0.848882 0.083244 0.521986 -0.967958 0.078065 -0.238670 -0.140341 0.206167 0.968400 -0.807481 0.072569 0.585413 -0.948972 0.297848 -0.103623 -0.121926 0.167823 0.978248 -0.859167 -0.018772 0.511351 -0.171749 0.078978 0.981970 -0.922892 0.313414 -0.223701 -0.742238 -0.667240 0.062239 -0.160373 -0.150382 0.975534 -0.388848 -0.628799 0.673356 -0.898355 -0.033649 0.437980 -0.881859 -0.405668 -0.240328 -0.215169 0.123065 0.968792 -0.886125 -0.072420 0.457754 -0.954762 -0.067658 -0.289570 -0.232013 0.396578 0.888198 -0.882125 -0.063922 0.466659 -0.198879 0.109081 0.973934 -0.708059 -0.698968 -0.100473 -0.263291 -0.809395 0.524935 -0.975192 0.010334 -0.221120 -0.169571 -0.546467 0.820134 -0.946152 0.321485 -0.037993 -0.088495 -0.066456 0.993857 -0.926284 0.373055 0.053173 -0.108089 -0.027095 0.993772 -0.374739 0.750393 0.544501 -0.971833 0.207893 -0.111005 -0.159741 -0.294135 0.942320 -0.730461 -0.678132 -0.081021 -0.288765 -0.735700 0.612667 -0.972229 -0.077610 -0.220789 -0.136088 -0.369887 0.919056 -0.959043 0.217937 -0.180942 -0.160665 0.191703 0.968213 -0.932897 0.357571 -0.042968 -0.145642 0.130456 0.980699 -0.381989 0.781722 0.492945 -0.978187 -0.035061 -0.204746 -0.174106 -0.081703 0.981332 -0.550136 -0.746267 0.374747 -0.225573 -0.415520 0.881170 -0.926060 -0.215599 -0.309726 -0.211895 0.155033 0.964917 -0.953268 0.094154 -0.287081 -0.230269 0.107986 0.967117 -0.560070 0.799154 0.218348 -0.835978 -0.539182 -0.102090 -0.180243 0.007937 0.983590 0.892452 0.116959 -0.435718 0.915731 0.117206 -0.384316 0.895979 0.123803 -0.426492 0.828205 0.125369 -0.546222 0.773521 0.151668 -0.615355 0.790523 0.057415 -0.609735 0.825402 0.026975 -0.563900 0.859543 -0.035206 -0.509849 0.830875 -0.027135 -0.555797 0.801122 0.084243 -0.592542 0.898381 -0.064042 -0.434522 0.902184 -0.100117 -0.419573 0.881471 -0.041006 -0.470455 0.849228 0.097997 -0.518853 0.137619 -0.095490 -0.985871 0.930699 -0.360958 0.059239 0.677208 -0.642566 -0.358468 0.178537 0.583149 -0.792504 0.146400 0.386518 -0.910588 0.979694 -0.153382 0.129124 0.909992 0.124498 -0.395492 0.868712 0.134812 -0.476618 0.164881 0.546687 -0.820943 0.987326 0.029688 0.155902 0.792248 0.120896 -0.598104 0.204198 0.611502 -0.764440 0.949054 0.240805 0.203250 0.909744 0.109608 -0.400441 0.981703 -0.057537 0.181517 0.153974 -0.166100 -0.974014 0.921277 -0.388711 0.012309 0.568741 -0.689696 -0.448166 0.133497 0.529165 -0.837951 0.194572 -0.024483 -0.980583 0.978152 -0.141430 0.152370 0.801028 0.050352 -0.596505 0.850454 -0.040295 -0.524503 0.167157 0.052532 -0.984530 0.988248 0.060621 0.140323 0.810417 0.021935 -0.585443 0.134550 0.280264 -0.950446 0.957169 0.217567 0.191030 0.850239 -0.009601 -0.526309 0.973423 0.035456 0.226254 0.210638 0.403379 -0.890459 0.407637 -0.742318 -0.531786 0.949038 -0.166721 0.267452 0.739214 -0.668244 0.083740 0.897082 -0.093381 -0.431884 0.335506 -0.497231 -0.800123 0.978939 0.124618 0.161703 0.861548 0.047499 -0.505449 0.240149 -0.107840 -0.964727 0.864483 0.459254 0.204342 0.900933 -0.089302 -0.424670 0.975590 0.038523 0.216193 0.316106 -0.562145 -0.764245 0.855705 -0.506881 -0.104117 0.143216 0.210040 -0.967147 0.957824 -0.248444 0.144389 0.171273 0.611115 -0.772790 0.990827 0.008505 0.134867 0.185556 0.555852 -0.810307 0.980184 0.089901 0.176516 0.479710 0.876208 -0.046241 0.159740 0.500220 -0.851036 0.976251 -0.138502 0.166586 0.293640 -0.566948 -0.769640 0.761804 -0.625949 -0.166858 0.189693 0.004328 -0.981834 0.973147 -0.218765 0.071596 0.157104 0.196805 -0.967774 0.982407 0.068889 0.173584 0.103824 0.385379 -0.916899 0.989100 0.054705 0.136705 0.446616 0.886701 -0.119565 0.187958 -0.048849 -0.980961 0.975499 -0.046455 0.215044 0.556438 -0.806279 -0.200726 0.866251 -0.437203 0.241791 0.279861 -0.311071 -0.908247 0.980190 0.082708 0.179965 0.191101 0.125499 -0.973514 0.964953 0.181876 0.189174 0.381803 0.847951 -0.367704 0.368712 -0.611418 -0.700157 0.974035 -0.030219 0.224374 "
							        />
							<TextureCoordinate point="1.0000 0.0000 1.0000 0.0000 1.0000 0.0000 1.0000 0.0000 1.0000 0.0000 1.0000 0.0000 1.0000 0.0000 1.0000 0.0000 0.0000 0.0000 0.0000 0.0000 0.0000 0.0000 0.0000 0.0000 0.0000 0.0000 0.0000 0.0000 0.0000 0.0000 0.0000 0.0000 0.5000 0.0000 0.0000 0.0000 0.0000 0.0000 0.5000 0.0000 1.0000 0.0000 0.5000 0.0000 0.5000 0.0000 1.0000 0.0000 0.5000 0.7500 1.0000 0.5000 1.0000 0.5000 0.5000 0.7500 0.0000 1.0000 0.5000 0.7500 0.5000 0.7500 0.0000 1.0000 1.0000 0.0000 1.0000 0.0000 1.0000 0.0000 1.0000 0.0000 1.0000 0.0000 1.0000 0.0000 1.0000 0.0000 1.0000 0.0000 0.0000 0.0000 0.0000 0.0000 0.0000 0.0000 0.0000 0.0000 0.0000 0.0000 0.0000 0.0000 0.0000 0.0000 0.0000 0.0000 1.0000 0.1250 1.0000 0.0000 1.0000 0.0000 1.0000 0.1250 1.0000 0.2500 1.0000 0.1250 1.0000 0.1250 1.0000 0.2500 0.0000 0.3750 0.0000 0.5000 0.0000 0.5000 0.0000 0.3750 0.0000 0.2500 0.0000 0.3750 0.0000 0.3750 0.0000 0.2500 1.0000 0.3750 1.0000 0.2500 1.0000 0.2500 1.0000 0.3750 1.0000 0.5000 1.0000 0.3750 1.0000 0.3750 1.0000 0.5000 0.0000 0.7500 0.0000 1.0000 0.0000 1.0000 0.0000 0.7500 0.0000 0.5000 0.0000 0.7500 0.0000 0.7500 0.0000 0.5000 0.0000 0.1250 0.0000 0.2500 0.0000 0.2500 0.0000 0.1250 0.0000 0.0000 0.0000 0.1250 0.0000 0.1250 0.0000 0.0000 1.0000 0.0000 1.0000 0.0000 1.0000 0.0000 1.0000 0.0000 1.0000 0.0000 1.0000 0.0000 1.0000 0.0000 1.0000 0.0000 0.0000 0.0000 0.0000 0.0000 0.0000 0.0000 0.0000 0.0000 0.0000 0.0000 0.0000 0.0000 0.0000 0.0000 0.0000 0.0000 0.5000 0.0000 0.0000 0.0000 0.0000 0.0000 0.5000 0.0000 1.0000 0.0000 0.5000 0.0000 0.5000 0.0000 1.0000 0.0000 0.5000 0.7500 1.0000 0.5000 1.0000 0.5000 0.5000 0.7500 0.0000 1.0000 0.5000 0.7500 0.5000 0.7500 0.0000 1.0000 1.0000 0.0000 1.0000 0.0000 1.0000 0.0000 1.0000 0.0000 1.0000 0.0000 1.0000 0.0000 1.0000 0.0000 1.0000 0.0000 0.0000 0.0000 0.0000 0.0000 0.0000 0.0000 0.0000 0.0000 0.0000 0.0000 0.0000 0.0000 0.0000 0.0000 0.0000 0.0000 1.0000 0.1250 1.0000 0.0000 1.0000 0.0000 1.0000 0.1250 1.0000 0.2500 1.0000 0.1250 1.0000 0.1250 1.0000 0.2500 0.0000 0.3750 0.0000 0.5000 0.0000 0.5000 0.0000 0.3750 0.0000 0.2500 0.0000 0.3750 0.0000 0.3750 0.0000 0.2500 1.0000 0.3750 1.0000 0.2500 1.0000 0.2500 1.0000 0.3750 1.0000 0.5000 1.0000 0.3750 1.0000 0.3750 1.0000 0.5000 0.0000 0.7500 0.0000 1.0000 0.0000 1.0000 0.0000 0.7500 0.0000 0.5000 0.0000 0.7500 0.0000 0.7500 0.0000 0.5000 0.0000 0.1250 0.0000 0.2500 0.0000 0.2500 0.0000 0.1250 0.0000 0.0000 0.0000 0.1250 0.0000 0.1250 0.0000 0.0000 0.0000 1.0000 0.5000 0.7500 0.5000 0.7500 0.0000 1.0000 0.5000 0.7500 1.0000 0.5000 1.0000 0.5000 0.5000 0.7500 1.0000 0.0000 1.0000 0.0000 1.0000 0.0000 1.0000 0.0000 1.0000 0.0000 1.0000 0.0000 1.0000 0.0000 1.0000 0.0000 0.0000 0.0000 0.0000 0.0000 0.0000 0.0000 0.0000 0.0000 0.0000 0.0000 0.0000 0.0000 0.0000 0.0000 0.0000 0.0000 1.0000 0.0000 0.5000 0.0000 0.5000 0.0000 1.0000 0.0000 0.5000 0.0000 0.0000 0.0000 0.0000 0.0000 0.5000 0.0000 1.0000 0.2500 1.0000 0.1250 1.0000 0.1250 1.0000 0.2500 1.0000 0.1250 1.0000 0.0000 1.0000 0.0000 1.0000 0.1250 0.0000 0.2500 0.0000 0.3750 0.0000 0.3750 0.0000 0.2500 0.0000 0.3750 0.0000 0.5000 0.0000 0.5000 0.0000 0.3750 1.0000 0.5000 1.0000 0.3750 1.0000 0.3750 1.0000 0.5000 1.0000 0.3750 1.0000 0.2500 1.0000 0.2500 1.0000 0.3750 0.0000 0.5000 0.0000 0.7500 0.0000 0.7500 0.0000 0.5000 0.0000 0.7500 0.0000 1.0000 0.0000 1.0000 0.0000 0.7500 0.0000 0.0000 0.0000 0.1250 0.0000 0.1250 0.0000 0.0000 0.0000 0.1250 0.0000 0.2500 0.0000 0.2500 0.0000 0.1250 1.0000 0.0000 1.0000 0.0000 0.5000 0.0000 0.5000 0.0000 0.5000 0.0000 0.5000 0.0000 0.0000 0.0000 0.0000 0.0000 0.5000 0.0000 0.5000 0.0000 0.0000 0.0000 0.0000 0.0000 1.0000 0.0000 1.0000 0.0000 0.5000 0.0000 0.5000 0.0000 1.0000 0.0000 1.0000 0.0000 0.5000 0.0000 0.5000 0.0035 0.5000 0.0035 0.5000 0.0000 0.0000 0.0000 0.0000 0.0000 0.5000 0.0347 0.5000 0.0035 0.0000 0.0000 0.0000 0.0000 1.0000 0.0000 1.0000 0.0000 0.5000 0.0035 0.5000 0.0347 0.0000 0.1250 0.0000 0.2500 0.5000 0.2500 0.5000 0.1285 0.5000 0.1285 0.5000 0.2500 1.0000 0.2500 1.0000 0.1250 0.5000 0.0347 0.5000 0.1285 1.0000 0.1250 1.0000 0.0000 0.0000 0.0000 0.0000 0.1250 0.5000 0.1285 0.5000 0.0347 0.0000 0.3750 0.0000 0.5000 0.4491 0.5162 0.4954 0.3762 0.4954 0.3762 0.4491 0.5162 1.0000 0.5000 1.0000 0.3750 0.5000 0.2500 0.4954 0.3762 1.0000 0.3750 1.0000 0.2500 0.0000 0.2500 0.0000 0.3750 0.4954 0.3762 0.5000 0.2500 0.0000 1.0000 0.5000 0.7500 0.3264 0.6684 0.0000 0.7500 1.0000 0.5000 0.4491 0.5162 0.3264 0.6684 0.5000 0.7500 0.0000 0.5000 0.0000 0.7500 0.3264 0.6684 0.4491 0.5162 1.0000 0.0000 1.0000 0.0000 0.5000 0.0000 0.5000 0.0000 0.5000 0.0000 0.5000 0.0000 0.0000 0.0000 0.0000 0.0000 0.5000 0.0000 0.5000 0.0000 0.0000 0.0000 0.0000 0.0000 1.0000 0.0000 1.0000 0.0000 0.5000 0.0000 0.5000 0.0000 1.0000 0.0000 1.0000 0.0000 0.5000 0.0000 0.5000 0.0035 0.5000 0.0035 0.5000 0.0000 0.0000 0.0000 0.0000 0.0000 0.5000 0.0347 0.5000 0.0035 0.0000 0.0000 0.0000 0.0000 1.0000 0.0000 1.0000 0.0000 0.5000 0.0035 0.5000 0.0347 0.0000 0.1250 0.0000 0.2500 0.5000 0.2500 0.5000 0.1285 0.5000 0.1285 0.5000 0.2500 1.0000 0.2500 1.0000 0.1250 0.5000 0.0347 0.5000 0.1285 1.0000 0.1250 1.0000 0.0000 0.0000 0.0000 0.0000 0.1250 0.5000 0.1285 0.5000 0.0347 0.0000 0.3750 0.0000 0.5000 0.4491 0.5162 0.4954 0.3762 0.4954 0.3762 0.4491 0.5162 1.0000 0.5000 1.0000 0.3750 0.5000 0.2500 0.4954 0.3762 1.0000 0.3750 1.0000 0.2500 0.0000 0.2500 0.0000 0.3750 0.4954 0.3762 0.5000 0.2500 0.0000 1.0000 0.5000 0.7500 0.3264 0.6684 0.0000 0.7500 1.0000 0.5000 0.4491 0.5162 0.3264 0.6684 0.5000 0.7500 0.0000 0.5000 0.0000 0.7500 0.3264 0.6684 0.4491 0.5162 1.0000 0.0000 1.0000 0.0000 0.5000 0.0000 0.5000 0.0035 0.5000 0.0035 0.5000 0.0000 0.0000 0.0000 0.0000 0.0000 0.5000 0.0347 0.5000 0.0035 0.0000 0.0000 0.0000 0.0000 1.0000 0.0000 1.0000 0.0000 0.5000 0.0035 0.5000 0.0347 0.0000 0.1250 0.0000 0.2500 0.5000 0.2500 0.5000 0.1285 0.5000 0.1285 0.5000 0.2500 1.0000 0.2500 1.0000 0.1250 0.5000 0.0347 0.5000 0.1285 1.0000 0.1250 1.0000 0.0000 0.0000 0.0000 0.0000 0.1250 0.5000 0.1285 0.5000 0.0347 0.0000 0.3750 0.0000 0.5000 0.4491 0.5162 0.4954 0.3762 0.4954 0.3762 0.4491 0.5162 1.0000 0.5000 1.0000 0.3750 0.5000 0.2500 0.4954 0.3762 1.0000 0.3750 1.0000 0.2500 0.0000 0.2500 0.0000 0.3750 0.4954 0.3762 0.5000 0.2500 0.0000 1.0000 0.5000 0.7500 0.3264 0.6684 0.0000 0.7500 1.0000 0.5000 0.4491 0.5162 0.3264 0.6684 0.5000 0.7500 0.0000 0.5000 0.0000 0.7500 0.3264 0.6684 0.4491 0.5162 1.0000 0.0000 0.5000 0.0000 0.5000 0.0000 1.0000 0.0000 0.5000 0.0000 0.0000 0.0000 0.0000 0.0000 0.5000 0.0000 0.5000 0.0000 0.0000 0.0000 0.0000 0.0000 0.5000 0.0000 1.0000 0.0000 0.5000 0.0000 0.5000 0.0000 1.0000 0.0000 1.0000 0.0000 0.5000 0.0035 0.5000 0.0000 1.0000 0.0000 0.5000 0.0035 0.0000 0.0000 0.0000 0.0000 0.5000 0.0000 0.5000 0.0347 0.0000 0.0000 0.0000 0.0000 0.5000 0.0035 1.0000 0.0000 0.5000 0.0347 0.5000 0.0035 1.0000 0.0000 0.0000 0.1250 0.5000 0.1285 0.5000 0.2500 0.0000 0.2500 0.5000 0.1285 1.0000 0.1250 1.0000 0.2500 0.5000 0.2500 0.5000 0.0347 1.0000 0.0000 1.0000 0.1250 0.5000 0.1285 0.0000 0.0000 0.5000 0.0347 0.5000 0.1285 0.0000 0.1250 0.0000 0.3750 0.4954 0.3762 0.4491 0.5162 0.0000 0.5000 0.4954 0.3762 1.0000 0.3750 1.0000 0.5000 0.4491 0.5162 0.5000 0.2500 1.0000 0.2500 1.0000 0.3750 0.4954 0.3762 0.0000 0.2500 0.5000 0.2500 0.4954 0.3762 0.0000 0.3750 0.0000 1.0000 0.0000 0.7500 0.3264 0.6684 0.5000 0.7500 1.0000 0.5000 0.5000 0.7500 0.3264 0.6684 0.4491 0.5162 0.0000 0.5000 0.4491 0.5162 0.3264 0.6684 0.0000 0.7500 1.0000 0.0000 0.5000 0.0000 0.5000 0.0000 1.0000 0.0000 0.5000 0.0000 0.0000 0.0000 0.0000 0.0000 0.5000 0.0000 0.5000 0.0000 0.0000 0.0000 0.0000 0.0000 0.5000 0.0000 1.0000 0.0000 0.5000 0.0000 0.5000 0.0000 1.0000 0.0000 1.0000 0.0000 0.5000 0.0035 0.5000 0.0000 1.0000 0.0000 0.5000 0.0035 0.0000 0.0000 0.0000 0.0000 0.5000 0.0000 0.5000 0.0347 0.0000 0.0000 0.0000 0.0000 0.5000 0.0035 1.0000 0.0000 0.5000 0.0347 0.5000 0.0035 1.0000 0.0000 0.0000 0.1250 0.5000 0.1285 0.5000 0.2500 0.0000 0.2500 0.5000 0.1285 1.0000 0.1250 1.0000 0.2500 0.5000 0.2500 0.5000 0.0347 1.0000 0.0000 1.0000 0.1250 0.5000 0.1285 0.0000 0.0000 0.5000 0.0347 0.5000 0.1285 0.0000 0.1250 0.0000 0.3750 0.4954 0.3762 0.4491 0.5162 0.0000 0.5000 0.4954 0.3762 1.0000 0.3750 1.0000 0.5000 0.4491 0.5162 0.5000 0.2500 1.0000 0.2500 1.0000 0.3750 0.4954 0.3762 0.0000 0.2500 0.5000 0.2500 0.4954 0.3762 0.0000 0.3750 0.0000 1.0000 0.0000 0.7500 0.3264 0.6684 0.5000 0.7500 1.0000 0.5000 0.5000 0.7500 0.3264 0.6684 0.4491 0.5162 0.0000 0.5000 0.4491 0.5162 0.3264 0.6684 0.0000 0.7500 1.0000 0.0000 0.5000 0.0035 0.5000 0.0000 1.0000 0.0000 0.5000 0.0035 0.0000 0.0000 0.0000 0.0000 0.5000 0.0000 0.5000 0.0347 0.0000 0.0000 0.0000 0.0000 0.5000 0.0035 1.0000 0.0000 0.5000 0.0347 0.5000 0.0035 1.0000 0.0000 0.0000 0.1250 0.5000 0.1285 0.5000 0.2500 0.0000 0.2500 0.5000 0.1285 1.0000 0.1250 1.0000 0.2500 0.5000 0.2500 0.5000 0.0347 1.0000 0.0000 1.0000 0.1250 0.5000 0.1285 0.0000 0.0000 0.5000 0.0347 0.5000 0.1285 0.0000 0.1250 0.0000 0.3750 0.4954 0.3762 0.4491 0.5162 0.0000 0.5000 0.4954 0.3762 1.0000 0.3750 1.0000 0.5000 0.4491 0.5162 0.5000 0.2500 1.0000 0.2500 1.0000 0.3750 0.4954 0.3762 0.0000 0.2500 0.5000 0.2500 0.4954 0.3762 0.0000 0.3750 0.0000 1.0000 0.0000 0.7500 0.3264 0.6684 0.5000 0.7500 1.0000 0.5000 0.5000 0.7500 0.3264 0.6684 0.4491 0.5162 0.0000 0.5000 0.4491 0.5162 0.3264 0.6684 0.0000 0.7500 " />
						</IndexedFaceSet>
					</Shape>
				</Group>
			</Transform>
		</Transform>
		<Transform DEF="紺(サファイヤ)_TRANSFORM"
		           translation="0.000000 0.000000 0.000000"
		           scale="1.000000 1.000000 1.000000"
		           rotation="-1.000000 0.000000 0.000000 1.570796"
		           >
			<Transform DEF="紺(サファイヤ)_ifs_TRANSFORM"
			           translation="0.000000 0.000000 0.000000"
			           scale="1.000000 1.000000 1.000000"
			           rotation="0.000000 1.000000 0.000000 0.000000"
			           >
				<Group DEF="group_ME_円柱_005">
					<Shape>
						<Appearance>
						</Appearance>
						<IndexedFaceSet solid="false"
						                normalPerVertex="true"
						                texCoordIndex="0 1 2 3 -1 4 5 6 7 -1 8 9 10 11 -1 12 13 14 15 -1 16 17 18 19 -1 20 21 22 23 -1 24 25 26 -1 27 28 29 30 -1 31 32 33 34 -1 35 36 37 -1 38 39 40 41 -1 42 43 44 45 -1 46 47 48 49 -1 50 51 52 53 -1 54 55 56 57 -1 58 59 60 61 -1 62 63 64 65 -1 "
						                coordIndex="1 8 11 4 -1 0 7 8 1 -1 2 9 13 6 -1 3 10 9 2 -1 5 15 17 12 -1 0 1 4 5 -1 6 3 2 -1 15 14 3 6 -1 7 12 11 8 -1 13 9 10 -1 17 13 10 16 -1 12 17 16 11 -1 5 4 14 15 -1 11 16 14 4 -1 15 6 13 17 -1 14 16 10 3 -1 5 12 7 0 -1 "
						                >
							<Coordinate DEF="coords_ME_円柱_005"
							            point="0.017534 -0.042222 0.448268 0.020177 -0.042277 0.455452 0.053166 -0.165216 0.505122 0.049434 -0.130872 0.500107 0.034845 -0.080128 0.483055 0.018464 -0.106622 0.441233 0.039218 -0.144908 0.478567 0.007134 -0.042064 0.452675 0.009776 -0.042094 0.459914 0.042761 -0.165601 0.507866 0.038728 -0.131294 0.503861 0.024721 -0.079635 0.487842 0.008080 -0.106756 0.444974 0.028993 -0.145404 0.481693 0.043622 -0.106617 0.493992 0.028106 -0.126091 0.458680 0.033559 -0.106464 0.498203 0.017481 -0.126538 0.462201 "
							            />
							<Normal DEF="normals_ME_円柱_005"
							        vector="0.321768 0.602888 -0.730063 0.684324 0.726299 0.064732 0.722659 -0.652005 0.229465 0.904929 0.213384 0.368199 0.853247 0.441257 0.277962 0.300227 -0.223692 -0.927268 0.496695 -0.502842 -0.707421 -0.748979 0.605803 -0.268389 -0.458482 0.685384 0.565723 -0.308627 -0.761958 0.569359 -0.368251 0.108776 0.923341 -0.381732 0.355772 0.853058 -0.842798 -0.303386 -0.444578 -0.755593 -0.641590 -0.132065 0.888301 0.327507 0.321963 0.475622 -0.453348 -0.753830 -0.346963 0.211291 0.913769 -0.783852 -0.598355 -0.165974 "
							        />
							<TextureCoordinate point="0.0000 0.0000 0.0000 0.0000 0.0000 0.0000 0.0000 0.0000 0.0000 0.0000 0.0000 0.0000 0.0000 0.0000 0.0000 0.0000 0.0000 0.0000 0.0000 0.0000 0.0000 0.0000 0.0000 0.0000 0.0000 0.0000 0.0000 0.0000 0.0000 0.0000 0.0000 0.0000 0.0000 0.0000 0.0000 0.0000 0.0000 0.0000 0.0000 0.0000 0.0000 0.0000 0.0000 0.0000 0.0000 0.0000 0.0000 0.0000 0.0000 0.0000 0.0000 0.0000 0.0000 0.0000 0.0000 0.0000 0.0000 0.0000 0.0000 0.0000 0.0000 0.0000 0.0000 0.0000 0.0000 0.0000 0.0000 0.0000 0.0000 0.0000 0.0000 0.0000 0.0000 0.0000 0.0000 0.0000 0.0000 0.0000 0.0000 0.0000 0.0000 0.0000 0.0000 0.0000 0.0000 0.0000 0.0000 0.0000 0.0000 0.0000 0.0000 0.0000 0.0000 0.0000 0.0000 0.0000 0.0000 0.0000 0.0000 0.0000 0.0000 0.0000 0.0000 0.0000 0.0000 0.0000 0.0000 0.0000 0.0000 0.0000 0.0000 0.0000 0.0000 0.0000 0.0000 0.0000 0.0000 0.0000 0.0000 0.0000 0.0000 0.0000 0.0000 0.0000 0.0000 0.0000 0.0000 0.0000 0.0000 0.0000 0.0000 0.0000 " />
						</IndexedFaceSet>
					</Shape>
				</Group>
			</Transform>
		</Transform>
		<Transform DEF="水色(サファイヤ)_TRANSFORM"
		           translation="0.000000 0.000000 0.000000"
		           scale="1.000000 1.000000 1.000000"
		           rotation="-1.000000 0.000000 0.000000 1.570796"
		           >
			<Transform DEF="水色(サファイヤ)_ifs_TRANSFORM"
			           translation="0.000000 0.000000 0.000000"
			           scale="1.000000 1.000000 1.000000"
			           rotation="0.000000 1.000000 0.000000 0.000000"
			           >
				<Group DEF="group_ME_円柱_006">
					<Shape>
						<Appearance>
						</Appearance>
						<IndexedFaceSet solid="false"
						                normalPerVertex="true"
						                texCoordIndex="0 1 2 -1 3 4 5 -1 6 7 8 -1 9 10 11 -1 12 13 14 -1 15 16 17 -1 18 19 20 -1 21 22 23 -1 24 25 26 27 -1 28 29 30 31 -1 32 33 34 35 -1 36 37 38 39 -1 40 41 42 43 -1 44 45 46 47 -1 48 49 50 51 -1 52 53 54 55 -1 56 57 58 59 -1 60 61 62 63 -1 64 65 66 67 -1 68 69 70 71 -1 72 73 74 75 -1 76 77 78 79 -1 80 81 82 83 -1 84 85 86 87 -1 88 89 90 91 -1 92 93 94 95 -1 "
						                coordIndex="0 1 2 -1 3 4 5 -1 6 7 8 -1 9 10 11 -1 12 13 14 -1 15 16 17 -1 18 19 20 -1 21 22 23 -1 0 3 5 1 -1 8 10 9 6 -1 4 11 10 5 -1 7 2 1 8 -1 14 16 15 12 -1 18 21 23 19 -1 16 23 22 17 -1 19 14 13 20 -1 2 13 12 0 -1 3 15 17 4 -1 6 18 20 7 -1 11 22 21 9 -1 3 0 12 15 -1 1 5 10 8 -1 2 7 20 13 -1 11 4 17 22 -1 6 9 21 18 -1 14 19 23 16 -1 "
						                >
							<Coordinate DEF="coords_ME_円柱_006"
							            point="0.009299 -0.031509 0.429046 0.011012 -0.034610 0.427705 0.007593 -0.034367 0.426060 0.020193 -0.033009 0.448664 0.021610 -0.036297 0.451300 0.021906 -0.036110 0.447322 0.005886 -0.104952 0.424850 0.004441 -0.101660 0.422230 0.007864 -0.101904 0.423873 0.017509 -0.106562 0.444022 0.019328 -0.103490 0.443142 0.019189 -0.103692 0.447048 0.006037 -0.031460 0.431095 0.004332 -0.034318 0.428108 0.004036 -0.034504 0.432086 0.016931 -0.032959 0.450712 0.014930 -0.036004 0.451703 0.018349 -0.036247 0.453349 0.002629 -0.104903 0.426896 0.000893 -0.101799 0.428250 0.001180 -0.101611 0.424278 0.014272 -0.106516 0.446056 0.015953 -0.103644 0.449086 0.012411 -0.103393 0.447487 "
							            />
							<Normal DEF="normals_ME_円柱_006"
							        vector="0.228449 0.870163 -0.436609 0.674975 0.291136 -0.677974 -0.061144 0.395479 -0.916438 0.560034 0.820324 0.115888 0.806420 0.275941 0.523014 0.943919 0.251373 -0.214077 0.145849 -0.831307 -0.536337 -0.094310 -0.284541 -0.954014 0.647508 -0.264609 -0.714643 0.493185 -0.869899 0.006588 0.921393 -0.291449 -0.257086 0.781840 -0.395902 0.481652 -0.480835 0.876378 -0.027571 -0.773176 0.402371 -0.490200 -0.920542 0.308735 0.239344 -0.148940 0.837226 0.526184 -0.648445 0.271007 0.711389 0.095153 0.282280 0.954601 -0.556890 -0.823222 -0.110359 -0.942521 -0.255210 0.215691 -0.805844 -0.272698 -0.525596 -0.210629 -0.876027 0.433833 0.068999 -0.401414 0.913294 -0.663116 -0.304556 0.683757 "
							        />
							<TextureCoordinate point="0.0000 0.0000 0.0000 0.0000 0.0000 0.0000 0.0000 0.0000 0.0000 0.0000 0.0000 0.0000 0.0000 0.0000 0.0000 0.0000 0.0000 0.0000 0.0000 0.0000 0.0000 0.0000 0.0000 0.0000 0.0000 0.0000 0.0000 0.0000 0.0000 0.0000 0.0000 0.0000 0.0000 0.0000 0.0000 0.0000 0.0000 0.0000 0.0000 0.0000 0.0000 0.0000 0.0000 0.0000 0.0000 0.0000 0.0000 0.0000 0.0000 0.0000 0.0000 0.0000 0.0000 0.0000 0.0000 0.0000 0.0000 0.0000 0.0000 0.0000 0.0000 0.0000 0.0000 0.0000 0.0000 0.0000 0.0000 0.0000 0.0000 0.0000 0.0000 0.0000 0.0000 0.0000 0.0000 0.0000 0.0000 0.0000 0.0000 0.0000 0.0000 0.0000 0.0000 0.0000 0.0000 0.0000 0.0000 0.0000 0.0000 0.0000 0.0000 0.0000 0.0000 0.0000 0.0000 0.0000 0.0000 0.0000 0.0000 0.0000 0.0000 0.0000 0.0000 0.0000 0.0000 0.0000 0.0000 0.0000 0.0000 0.0000 0.0000 0.0000 0.0000 0.0000 0.0000 0.0000 0.0000 0.0000 0.0000 0.0000 0.0000 0.0000 0.0000 0.0000 0.0000 0.0000 0.0000 0.0000 0.0000 0.0000 0.0000 0.0000 0.0000 0.0000 0.0000 0.0000 0.0000 0.0000 0.0000 0.0000 0.0000 0.0000 0.0000 0.0000 0.0000 0.0000 0.0000 0.0000 0.0000 0.0000 0.0000 0.0000 0.0000 0.0000 0.0000 0.0000 0.0000 0.0000 0.0000 0.0000 0.0000 0.0000 0.0000 0.0000 0.0000 0.0000 0.0000 0.0000 0.0000 0.0000 0.0000 0.0000 0.0000 0.0000 0.0000 0.0000 0.0000 0.0000 0.0000 0.0000 0.0000 0.0000 0.0000 0.0000 0.0000 0.0000 0.0000 0.0000 0.0000 0.0000 0.0000 0.0000 " />
						</IndexedFaceSet>
					</Shape>
				</Group>
			</Transform>
		</Transform>
		<Transform DEF="黒(サファイヤ)_TRANSFORM"
		           translation="0.000000 0.000000 0.000000"
		           scale="1.000000 1.000000 1.000000"
		           rotation="-1.000000 0.000000 0.000000 1.570796"
		           >
			<Transform DEF="黒(サファイヤ)_ifs_TRANSFORM"
			           translation="0.000000 0.000000 0.000000"
			           scale="1.000000 1.000000 1.000000"
			           rotation="0.000000 1.000000 0.000000 0.000000"
			           >
				<Group DEF="group_ME_円柱_007">
					<Shape>
						<Appearance>
						</Appearance>
						<IndexedFaceSet solid="false"
						                normalPerVertex="true"
						                texCoordIndex="0 1 2 -1 3 4 5 -1 6 7 8 -1 9 10 11 -1 12 13 14 -1 15 16 17 -1 18 19 20 -1 21 22 23 -1 24 25 26 27 -1 28 29 30 31 -1 32 33 34 35 -1 36 37 38 39 -1 40 41 42 43 -1 44 45 46 47 -1 48 49 50 51 -1 52 53 54 55 -1 56 57 58 59 -1 60 61 62 63 -1 64 65 66 67 -1 68 69 70 71 -1 72 73 74 75 -1 76 77 78 79 -1 80 81 82 83 -1 84 85 86 87 -1 88 89 90 91 -1 92 93 94 95 -1 96 97 98 99 -1 100 101 102 103 -1 104 105 106 107 -1 108 109 110 111 -1 112 113 114 115 -1 116 117 118 -1 119 120 121 122 -1 123 124 125 126 -1 127 128 129 -1 130 131 132 133 -1 134 135 136 137 -1 138 139 140 141 142 143 -1 144 145 146 147 -1 148 149 150 151 -1 152 153 154 -1 155 156 157 158 -1 159 160 161 162 -1 163 164 165 -1 166 167 168 -1 169 170 171 172 173 174 -1 175 176 177 -1 "
						                coordIndex="0 1 2 -1 3 4 5 -1 6 7 8 -1 9 10 11 -1 22 23 24 -1 25 26 27 -1 28 29 30 -1 31 32 33 -1 13 0 2 12 -1 15 9 11 14 -1 10 6 8 11 -1 7 13 12 8 -1 3 15 14 4 -1 4 19 18 5 -1 20 18 19 21 -1 21 17 16 20 -1 1 16 17 2 -1 35 23 22 34 -1 37 32 31 36 -1 32 29 28 33 -1 29 35 34 30 -1 27 37 36 25 -1 26 40 41 27 -1 43 41 40 42 -1 42 38 39 43 -1 23 39 38 24 -1 0 22 24 1 -1 5 26 25 3 -1 6 28 30 7 -1 9 31 33 10 -1 0 13 34 22 -1 12 2 17 -1 16 1 24 38 -1 15 3 25 36 -1 19 4 14 -1 5 18 40 26 -1 6 10 33 28 -1 12 17 19 14 11 8 -1 13 7 30 34 -1 9 15 36 31 -1 17 21 19 -1 20 16 38 42 -1 18 20 42 40 -1 35 39 23 -1 41 37 27 -1 35 29 32 37 41 39 -1 39 41 43 -1 "
						                >
							<Coordinate DEF="coords_ME_円柱_007"
							            point="-0.011876 -0.057038 0.399924 -0.011052 -0.058785 0.400768 -0.010667 -0.054900 0.405375 0.002567 -0.079301 0.420753 0.000558 -0.073231 0.421894 0.001476 -0.079046 0.419112 0.001798 -0.012167 0.428129 -0.000491 -0.013130 0.424557 -0.000663 -0.014952 0.427895 0.013952 -0.027715 0.444457 0.013023 -0.023553 0.443777 0.010562 -0.026343 0.443563 -0.010667 -0.054900 0.405375 -0.010495 -0.052098 0.402525 0.000558 -0.073231 0.421894 0.003948 -0.073860 0.423243 -0.006825 -0.058124 0.406501 -0.007522 -0.053188 0.410703 0.000396 -0.071354 0.417468 -0.000301 -0.065155 0.421141 -0.004788 -0.071520 0.408109 -0.005973 -0.069663 0.410658 -0.008749 -0.056639 0.397822 -0.003979 -0.054048 0.400971 -0.007925 -0.058405 0.398712 0.005694 -0.078934 0.418555 0.004603 -0.078754 0.416936 0.007247 -0.072432 0.417199 0.004925 -0.011784 0.426026 0.006025 -0.014140 0.423427 0.002636 -0.012749 0.422462 0.017079 -0.027314 0.442289 0.017251 -0.025498 0.438972 0.016150 -0.023157 0.441630 -0.007368 -0.051674 0.400452 -0.003979 -0.054048 0.400971 0.007075 -0.073502 0.421040 0.007247 -0.072432 0.417199 -0.003698 -0.057874 0.404619 -0.000834 -0.052399 0.406424 0.003523 -0.071226 0.415369 0.006388 -0.064506 0.416629 -0.001661 -0.071275 0.405996 0.000716 -0.069167 0.406175 "
							            />
							<Normal DEF="normals_ME_円柱_007"
							        vector="-0.897741 -0.089183 -0.431402 -0.569366 -0.819010 -0.071020 -0.875142 -0.222167 0.429846 -0.147392 -0.806762 0.572199 -0.737592 -0.191296 0.647583 -0.695418 -0.688319 -0.206425 -0.320498 0.857826 0.401766 -0.710144 0.681037 -0.178565 -0.843469 0.296391 0.448009 0.180279 -0.150486 0.972036 0.017736 0.523307 0.851960 -0.567723 0.038043 0.822340 -0.725644 -0.150706 0.671364 -0.851389 0.406980 -0.330916 -0.343940 -0.196158 0.918274 0.094931 -0.434252 0.895775 -0.776366 -0.624176 -0.087519 -0.878546 -0.184330 0.440658 -0.809152 -0.583911 -0.065732 -0.870365 -0.164878 0.463983 -0.661083 -0.704113 -0.259218 -0.910375 -0.308813 0.275413 -0.098051 0.004693 -0.995170 0.683925 0.024919 -0.729126 0.248327 -0.729702 -0.637078 0.668535 -0.743334 0.022724 0.124849 -0.639205 -0.758834 0.922946 -0.209546 -0.322896 0.358869 0.932273 -0.045604 0.690743 0.462651 -0.555722 -0.022660 0.764928 -0.643717 0.856494 -0.079698 0.509967 0.966471 0.187902 -0.175004 0.693758 0.596678 0.403330 -0.073750 0.495261 -0.865608 0.584209 0.523727 -0.620008 0.849949 -0.370344 0.374743 0.932039 -0.165425 0.322394 0.346997 -0.458776 -0.817996 0.803563 -0.020447 -0.594868 0.342995 -0.552732 -0.759501 0.830626 -0.028067 -0.556122 0.156628 -0.633719 -0.757540 0.716700 -0.166500 -0.677214 "
							        />
							<TextureCoordinate point="0.0000 0.0879 0.0663 0.0707 0.1114 0.2665 1.0000 0.0879 0.8886 0.2665 0.9337 0.0707 0.1114 1.0000 0.0000 0.9533 0.1114 0.9533 1.0000 0.9533 0.8886 1.0000 0.8886 0.9533 0.0000 0.0879 0.1114 0.2665 0.0663 0.0707 1.0000 0.0879 0.9337 0.0707 0.8886 0.2665 0.1114 1.0000 0.1114 0.9533 0.0000 0.9533 1.0000 0.9533 0.8886 0.9533 0.8886 1.0000 0.0000 0.2665 0.0000 0.0879 0.1114 0.2665 0.1114 0.2665 1.0000 0.2665 1.0000 0.9533 0.8886 0.9533 0.8886 0.2665 0.8886 1.0000 0.1114 1.0000 0.1114 0.9533 0.8886 0.9533 0.0000 0.9533 0.0000 0.2665 0.1114 0.2665 0.1114 0.9533 1.0000 0.0879 1.0000 0.2665 0.8886 0.2665 0.8886 0.2665 0.8886 0.2665 0.7500 0.4028 0.8163 0.1959 0.9337 0.0707 0.5663 0.0707 0.6837 0.1959 0.7500 0.4028 0.5000 0.1478 0.5000 0.1478 0.2500 0.4028 0.3163 0.1959 0.4337 0.0707 0.0663 0.0707 0.1837 0.1959 0.2500 0.4028 0.1114 0.2665 0.1114 0.2665 0.1114 0.2665 0.0000 0.0879 0.0000 0.2665 0.8886 0.2665 0.8886 0.9533 1.0000 0.9533 1.0000 0.2665 0.8886 0.9533 0.1114 0.9533 0.1114 1.0000 0.8886 1.0000 0.1114 0.9533 0.1114 0.2665 0.0000 0.2665 0.0000 0.9533 0.8886 0.2665 0.8886 0.2665 1.0000 0.2665 1.0000 0.0879 0.9337 0.0707 0.8163 0.1959 0.7500 0.4028 0.8886 0.2665 0.5000 0.1478 0.7500 0.4028 0.6837 0.1959 0.5663 0.0707 0.4337 0.0707 0.3163 0.1959 0.2500 0.4028 0.5000 0.1478 0.1114 0.2665 0.2500 0.4028 0.1837 0.1959 0.0663 0.0707 0.0000 0.0879 0.0000 0.0879 0.0663 0.0707 0.0663 0.0707 0.9337 0.0707 0.9337 0.0707 1.0000 0.0879 1.0000 0.0879 0.1114 1.0000 0.1114 1.0000 0.0000 0.9533 0.0000 0.9533 1.0000 0.9533 1.0000 0.9533 0.8886 1.0000 0.8886 1.0000 0.0000 0.0879 0.0000 0.2665 0.0000 0.2665 0.0000 0.0879 0.1114 0.2665 0.1114 0.2665 0.2500 0.4028 0.1837 0.1959 0.0663 0.0707 0.0663 0.0707 0.1837 0.1959 1.0000 0.2665 1.0000 0.0879 1.0000 0.0879 1.0000 0.2665 0.7500 0.4028 0.8886 0.2665 0.8886 0.2665 0.9337 0.0707 0.8163 0.1959 0.8163 0.1959 0.9337 0.0707 0.1114 1.0000 0.8886 1.0000 0.8886 1.0000 0.1114 1.0000 0.1114 0.2665 0.2500 0.4028 0.7500 0.4028 0.8886 0.2665 0.8886 0.9533 0.1114 0.9533 0.0000 0.2665 0.0000 0.9533 0.0000 0.9533 0.0000 0.2665 1.0000 0.9533 1.0000 0.2665 1.0000 0.2665 1.0000 0.9533 0.2500 0.4028 0.5000 0.1478 0.7500 0.4028 0.4337 0.0707 0.3163 0.1959 0.3163 0.1959 0.4337 0.0707 0.6837 0.1959 0.5663 0.0707 0.5663 0.0707 0.6837 0.1959 0.1114 0.2665 0.2500 0.4028 0.1114 0.2665 0.7500 0.4028 0.8886 0.2665 0.8886 0.2665 0.1114 0.2665 0.1114 0.9533 0.8886 0.9533 0.8886 0.2665 0.7500 0.4028 0.2500 0.4028 0.2500 0.4028 0.7500 0.4028 0.5000 0.1478 " />
						</IndexedFaceSet>
					</Shape>
				</Group>
			</Transform>
		</Transform>
		<Transform DEF="白い石_TRANSFORM"
		           translation="0.000000 0.000000 0.000000"
		           scale="1.000000 1.000000 1.000000"
		           rotation="-1.000000 0.000000 0.000000 1.570796"
		           >
			<Transform DEF="白い石_ifs_TRANSFORM"
			           translation="0.000000 0.000000 0.000000"
			           scale="1.000000 1.000000 1.000000"
			           rotation="0.000000 1.000000 0.000000 0.000000"
			           >
				<Group DEF="group_ME_円柱_010">
					<Shape>
						<Appearance>
						</Appearance>
						<IndexedFaceSet solid="false"
						                normalPerVertex="true"
						                texCoordIndex="0 1 2 -1 3 4 5 -1 6 7 8 -1 9 10 11 -1 12 13 14 -1 15 16 17 -1 18 19 20 -1 21 22 23 -1 24 25 26 -1 27 28 29 -1 30 31 32 -1 33 34 35 -1 36 37 38 -1 39 40 41 -1 42 43 44 -1 45 46 47 -1 48 49 50 -1 51 52 53 -1 54 55 56 -1 57 58 59 -1 60 61 62 -1 63 64 65 -1 66 67 68 -1 69 70 71 -1 72 73 74 -1 75 76 77 -1 78 79 80 -1 81 82 83 -1 84 85 86 -1 87 88 89 -1 90 91 92 -1 93 94 95 -1 96 97 98 -1 99 100 101 -1 102 103 104 -1 105 106 107 -1 108 109 110 -1 111 112 113 -1 114 115 116 -1 117 118 119 -1 "
						                coordIndex="0 1 2 -1 1 0 5 -1 0 2 3 -1 0 3 4 -1 0 4 5 -1 1 5 10 -1 2 1 6 -1 3 2 7 -1 4 3 8 -1 5 4 9 -1 1 10 6 -1 2 6 7 -1 3 7 8 -1 4 8 9 -1 5 9 10 -1 6 10 11 -1 7 6 11 -1 8 7 11 -1 9 8 11 -1 10 9 11 -1 12 13 14 -1 13 12 17 -1 12 14 15 -1 12 15 16 -1 12 16 17 -1 13 17 22 -1 14 13 18 -1 15 14 19 -1 16 15 20 -1 17 16 21 -1 13 22 18 -1 14 18 19 -1 15 19 20 -1 16 20 21 -1 17 21 22 -1 18 22 23 -1 19 18 23 -1 20 19 23 -1 21 20 23 -1 22 21 23 -1 "
						                >
							<Coordinate DEF="coords_ME_円柱_010"
							            point="0.000000 -0.000000 0.338794 0.010261 -0.007455 0.348667 -0.003919 -0.012063 0.348667 -0.012683 -0.000000 0.348667 -0.003919 0.012063 0.348667 0.010261 0.007455 0.348667 0.003920 -0.012063 0.359375 -0.010261 -0.007455 0.359375 -0.010261 0.007455 0.359375 0.003920 0.012063 0.359375 0.012684 -0.000000 0.359375 0.000000 -0.000000 0.369248 0.000000 -0.000000 0.366879 0.010261 -0.007455 0.376722 -0.003919 -0.012063 0.376722 -0.012683 -0.000000 0.376722 -0.003919 0.012063 0.376722 0.010261 0.007455 0.376722 0.003920 -0.012063 0.387489 -0.010261 -0.007455 0.387489 -0.010261 0.007455 0.387489 0.003920 0.012063 0.387489 0.012684 -0.000000 0.387489 0.000000 -0.000000 0.397332 "
							            />
							<Normal DEF="normals_ME_円柱_010"
							        vector="0.000000 -0.000000 -1.000000 0.739835 -0.537522 -0.404617 -0.282587 -0.869731 -0.404615 -0.914487 0.000000 -0.404615 -0.282587 0.869731 -0.404615 0.739835 0.537521 -0.404617 0.282586 -0.869730 0.404616 -0.739835 -0.537521 0.404617 -0.739835 0.537521 0.404618 0.282586 0.869730 0.404616 0.914487 0.000000 0.404615 -0.000002 0.000000 1.000000 0.000000 0.000000 -1.000000 0.739565 -0.537325 -0.405371 -0.282483 -0.869413 -0.405369 -0.914154 -0.000000 -0.405368 -0.282484 0.869413 -0.405369 0.739565 0.537325 -0.405371 0.282484 -0.869413 0.405369 -0.739564 -0.537326 0.405371 -0.739566 0.537324 0.405371 0.282483 0.869413 0.405369 0.914153 -0.000000 0.405369 -0.000002 -0.000000 1.000000 "
							        />
							<TextureCoordinate point="0.1818 0.0000 0.2727 0.1575 0.0909 0.1575 0.2727 0.1575 0.3636 0.0000 0.4545 0.1575 0.9091 0.0000 1.0000 0.1575 0.8182 0.1575 0.7273 0.0000 0.8182 0.1575 0.6364 0.1575 0.5455 0.0000 0.6364 0.1575 0.4545 0.1575 0.2727 0.1575 0.4545 0.1575 0.3636 0.3149 0.0909 0.1575 0.2727 0.1575 0.1818 0.3149 0.8182 0.1575 1.0000 0.1575 0.9091 0.3149 0.6364 0.1575 0.8182 0.1575 0.7273 0.3149 0.4545 0.1575 0.6364 0.1575 0.5455 0.3149 0.2727 0.1575 0.3636 0.3149 0.1818 0.3149 0.0909 0.1575 0.1818 0.3149 0.0000 0.3149 0.8182 0.1575 0.9091 0.3149 0.7273 0.3149 0.6364 0.1575 0.7273 0.3149 0.5455 0.3149 0.4545 0.1575 0.5455 0.3149 0.3636 0.3149 0.1818 0.3149 0.3636 0.3149 0.2727 0.4724 0.0000 0.3149 0.1818 0.3149 0.0909 0.4724 0.7273 0.3149 0.9091 0.3149 0.8182 0.4724 0.5455 0.3149 0.7273 0.3149 0.6364 0.4724 0.3636 0.3149 0.5455 0.3149 0.4545 0.4724 0.1818 0.0000 0.2727 0.1575 0.0909 0.1575 0.2727 0.1575 0.3636 0.0000 0.4545 0.1575 0.9091 0.0000 1.0000 0.1575 0.8182 0.1575 0.7273 0.0000 0.8182 0.1575 0.6364 0.1575 0.5455 0.0000 0.6364 0.1575 0.4545 0.1575 0.2727 0.1575 0.4545 0.1575 0.3636 0.3149 0.0909 0.1575 0.2727 0.1575 0.1818 0.3149 0.8182 0.1575 1.0000 0.1575 0.9091 0.3149 0.6364 0.1575 0.8182 0.1575 0.7273 0.3149 0.4545 0.1575 0.6364 0.1575 0.5455 0.3149 0.2727 0.1575 0.3636 0.3149 0.1818 0.3149 0.0909 0.1575 0.1818 0.3149 0.0000 0.3149 0.8182 0.1575 0.9091 0.3149 0.7273 0.3149 0.6364 0.1575 0.7273 0.3149 0.5455 0.3149 0.4545 0.1575 0.5455 0.3149 0.3636 0.3149 0.1818 0.3149 0.3636 0.3149 0.2727 0.4724 0.0000 0.3149 0.1818 0.3149 0.0909 0.4724 0.7273 0.3149 0.9091 0.3149 0.8182 0.4724 0.5455 0.3149 0.7273 0.3149 0.6364 0.4724 0.3636 0.3149 0.5455 0.3149 0.4545 0.4724 " />
						</IndexedFaceSet>
					</Shape>
				</Group>
			</Transform>
		</Transform>
	</Scene>
</X3D>